# Blender 4.4.3
# www.blender.org
o doomspire
v -3.052940 -75.501640 0.081724
v -3.052940 -76.701637 -5.918277
v -3.052940 -75.501640 -5.918277
v 2.947060 -75.501640 -5.918277
v 2.947060 -75.501640 0.081724
v 2.947060 -76.701637 0.081724
v 2.947060 -76.701637 -5.918277
v -3.052940 -76.701637 0.081724
v 2.947060 -75.481636 -5.918277
v -3.052940 -75.481636 -5.918277
v 2.947060 -75.481636 0.081724
v -3.052940 -75.481636 0.081724
v -3.052940 -56.301640 -5.918284
v -3.052940 -55.101639 -5.918284
v 2.947060 -55.101639 0.081716
v -3.052940 -55.101639 0.081716
v 2.947060 -55.101639 -5.918284
v 2.947060 -56.301640 -5.918284
v 2.947060 -56.301640 0.081716
v -3.052940 -56.301640 0.081716
v 2.947060 -55.081638 -5.918284
v -3.052940 -55.081638 -5.918284
v 2.947060 -55.081638 0.081716
v -3.052940 -55.081638 0.081716
v -3.052940 -34.701637 -5.918291
v -3.052940 -35.901638 0.081712
v -3.052940 -35.901638 -5.918288
v -3.052940 -34.701637 0.081712
v 2.947060 -34.701637 -5.918291
v 2.947060 -34.701637 0.081712
v 2.947060 -35.901638 -5.918288
v 2.947060 -35.901638 0.081712
v 2.947060 -34.681641 -5.918291
v -3.052940 -34.681641 -5.918291
v 2.947060 -34.681641 0.081712
v -3.052940 -34.681641 0.081712
v -3.052940 -15.501642 0.081704
v -3.052940 -15.501642 -5.918296
v 2.947060 -14.301638 -5.918296
v -3.052940 -14.301638 0.081704
v -3.052940 -14.301638 -5.918296
v 2.947060 -15.501642 -5.918296
v 2.947060 -14.301638 0.081704
v 2.947060 -15.501642 0.081704
v 2.947060 -14.281641 -5.918296
v -3.052940 -14.281641 -5.918296
v 2.947060 -14.281641 0.081704
v -3.052940 -14.281641 0.081704
v -3.052940 6.098357 0.081699
v -3.052940 4.898356 -5.918303
v 2.947060 6.098353 -5.918303
v -3.052940 6.098353 -5.918303
v 2.947060 6.098357 0.081699
v 2.947060 4.898356 -5.918303
v 2.947060 4.898360 0.081700
v -3.052940 4.898360 0.081700
v 2.947060 6.118361 -5.918303
v -3.052940 6.118361 -5.918303
v 2.947060 6.118361 0.081699
v -3.052940 6.118361 0.081699
v -3.052940 18.098351 -21.918308
v -3.052940 16.898354 -21.918308
v 2.947060 18.098351 -15.918303
v 2.947060 18.098351 -21.918308
v 2.947060 16.898354 -21.918308
v -3.052940 16.898354 -15.918303
v -3.052940 18.098351 -15.918303
v 2.947060 16.898354 -15.918303
v 2.947060 18.118355 -21.918308
v -3.052940 18.118355 -21.918308
v 2.947060 18.118355 -15.918303
v -3.052940 18.118355 -15.918303
v -3.052940 18.098366 16.081692
v -3.052940 18.098358 10.081697
v -3.052940 16.898361 10.081697
v 2.947060 16.898361 10.081697
v 2.947060 18.098358 10.081697
v 2.947060 18.098366 16.081692
v 2.947060 16.898369 16.081692
v -3.052940 16.898369 16.081692
v 2.947060 18.118362 10.081697
v -3.052940 18.118362 10.081697
v 2.947060 18.118370 16.081692
v -3.052940 18.118370 16.081692
v -24.052940 28.898354 -21.918308
v -24.052940 30.098351 -21.918308
v -24.052940 30.098351 -27.918308
v -18.052940 30.098351 -27.918308
v -24.052940 28.898354 -27.918308
v -18.052940 28.898354 -27.918308
v -18.052940 30.098351 -21.918308
v -18.052940 28.898354 -21.918308
v -18.052940 30.118355 -27.918308
v -24.052940 30.118355 -27.918308
v -18.052940 30.118355 -21.918308
v -24.052940 30.118355 -21.918308
v -24.052940 30.098366 16.081692
v -18.052940 30.098366 16.081692
v -24.052940 28.898369 16.081692
v -18.052940 28.898369 16.081692
v -18.052940 30.098366 22.081692
v -24.052940 30.098366 22.081692
v -18.052940 28.898369 22.081692
v -24.052940 28.898369 22.081692
v -18.052940 30.118370 16.081692
v -24.052940 30.118370 16.081692
v -18.052940 30.118370 22.081692
v -24.052940 30.118370 22.081692
v 17.947060 30.098366 16.081692
v 23.947060 30.098366 22.081692
v 23.947060 30.098366 16.081692
v 23.947060 28.898369 22.081692
v 23.947060 28.898369 16.081692
v 17.947060 28.898369 16.081692
v 17.947060 30.098366 22.081692
v 17.947060 28.898369 22.081692
v 23.947060 30.118370 16.081692
v 17.947060 30.118370 16.081692
v 23.947060 30.118370 22.081692
v 17.947060 30.118370 22.081692
v 17.947060 28.898354 -27.918308
v 23.947060 30.098351 -27.918308
v 17.947060 30.098351 -27.918308
v 17.947060 30.098351 -21.918308
v 23.947060 28.898354 -27.918308
v 23.947060 28.898354 -21.918308
v 17.947060 28.898354 -21.918308
v 23.947060 30.098351 -21.918308
v 23.947060 30.118355 -27.918308
v 17.947060 30.118355 -27.918308
v 23.947060 30.118355 -21.918308
v 17.947060 30.118355 -21.918308
v 14.947060 31.298347 -36.918316
v 15.947060 31.298347 -36.918316
v 15.947060 28.898354 -35.918316
v 14.947060 28.898354 -35.918316
v 14.947060 28.898354 -36.918316
v -7.052940 29.898346 -39.918316
v -6.052940 29.898346 -40.918316
v -6.052940 29.898346 -39.918316
v -6.052940 28.898346 -40.918316
v -7.052940 28.898346 -40.918316
v -6.052940 28.898346 -39.918316
v -7.052940 29.898346 -40.918316
v -7.052940 28.898346 -39.918316
v -9.052940 28.898346 -40.918316
v -8.052940 28.898346 -40.918316
v -8.052940 29.898346 -39.918316
v -9.052940 29.898346 -39.918316
v -9.052940 29.898346 -40.918316
v -8.052940 29.898346 -40.918316
v -8.052940 28.898346 -39.918316
v -9.052940 28.898346 -39.918316
v -11.052940 29.898346 -40.918316
v -10.052940 29.898346 -40.918316
v -11.052940 28.898346 -40.918316
v -10.052940 29.898346 -39.918316
v -10.052940 28.898346 -40.918316
v -11.052940 28.898346 -39.918316
v -10.052940 28.898346 -39.918316
v -11.052940 29.898346 -39.918316
v -0.052940 29.898346 -40.918316
v -1.052940 28.898346 -40.918316
v -0.052940 29.898346 -39.918316
v -1.052940 29.898346 -39.918316
v -1.052940 29.898346 -40.918316
v -1.052940 28.898346 -39.918316
v -0.052940 28.898346 -39.918316
v -0.052940 28.898346 -40.918316
v 1.947060 29.898346 -40.918316
v 1.947060 28.898346 -40.918316
v 1.947060 29.898346 -39.918316
v 1.947060 28.898346 -39.918316
v 0.947060 28.898346 -39.918316
v 0.947060 29.898346 -39.918316
v 0.947060 29.898346 -40.918316
v 0.947060 28.898346 -40.918316
v -3.052940 29.898346 -40.918316
v -3.052940 28.898346 -40.918316
v -2.052940 29.898346 -39.918316
v -2.052940 29.898346 -40.918316
v -2.052940 28.898346 -40.918316
v -2.052940 28.898346 -39.918316
v -3.052940 29.898346 -39.918316
v -3.052940 28.898346 -39.918316
v -5.052940 28.898346 -40.918316
v -4.052940 29.898346 -40.918316
v -4.052940 29.898346 -39.918316
v -4.052940 28.898346 -39.918316
v -4.052940 28.898346 -40.918316
v -5.052940 29.898346 -39.918316
v -5.052940 29.898346 -40.918316
v -5.052940 28.898346 -39.918316
v 4.947060 29.898346 -39.918316
v 5.947060 29.898346 -40.918316
v 5.947060 29.898346 -39.918316
v 4.947060 28.898346 -39.918316
v 4.947060 28.898346 -40.918316
v 5.947060 28.898346 -39.918316
v 5.947060 28.898346 -40.918316
v 4.947060 29.898346 -40.918316
v 3.947060 28.898346 -40.918316
v 3.947060 29.898346 -39.918316
v 3.947060 29.898346 -40.918316
v 2.947060 29.898346 -39.918316
v 3.947060 28.898346 -39.918316
v 2.947060 29.898346 -40.918316
v 2.947060 28.898346 -39.918316
v 2.947060 28.898346 -40.918316
v 7.947060 29.898346 -40.918316
v 7.947060 29.898346 -39.918316
v 7.947060 28.898346 -39.918316
v 7.947060 28.898346 -40.918316
v 6.947060 29.898346 -39.918316
v 6.947060 29.898346 -40.918316
v 6.947060 28.898346 -39.918316
v 6.947060 28.898346 -40.918316
v 9.947060 28.898346 -40.918316
v 9.947060 29.898346 -39.918316
v 9.947060 29.898346 -40.918316
v 8.947060 29.898346 -39.918316
v 9.947060 28.898346 -39.918316
v 8.947060 28.898346 -39.918316
v 8.947060 28.898346 -40.918316
v 8.947060 29.898346 -40.918316
v -40.052940 32.498367 -14.918311
v -40.052940 32.498367 8.081689
v -39.052940 32.498367 8.081689
v -39.052940 31.298355 8.081694
v -40.052940 31.298347 -14.918306
v -40.052940 31.298355 8.081694
v -40.052940 28.898361 8.081694
v -39.052940 31.298355 9.081694
v -39.052940 28.898361 9.081694
v -39.052940 28.898361 8.081694
v -40.052940 28.898361 9.081694
v -39.052940 28.898354 -14.918306
v -39.052940 28.898354 -13.918306
v -40.052940 31.298347 -13.918306
v -40.052940 28.898354 -13.918306
v 35.947060 31.298347 -36.918316
v 34.947060 31.298347 -36.918316
v 35.947060 28.898354 -36.918316
v 35.947060 28.898354 -35.918316
v 34.947060 28.898354 -35.918316
v 34.947060 28.898354 -36.918316
v 34.947060 31.298347 -18.918308
v 35.947060 31.298347 -17.918308
v 35.947060 28.898354 -17.918308
v 34.947060 28.898354 -17.918308
v 34.947060 28.898354 -18.918308
v 37.947060 31.298347 -18.918308
v 36.947060 28.898354 -18.918308
v 36.947060 31.298347 -17.918308
v 36.947060 31.298347 -18.918308
v 37.947060 28.898354 -17.918308
v 36.947060 28.898354 -17.918308
v 36.947060 31.298347 -14.918306
v 37.947060 28.898354 -13.918306
v 36.947060 28.898354 -13.918306
v 37.947060 28.898354 -14.918306
v 36.947060 28.898354 -14.918306
v 39.947060 31.298347 -14.918306
v 38.947060 28.898354 -13.918306
v 38.947060 28.898354 -14.918306
v 39.947060 28.898354 -13.918306
v 38.947060 31.298347 -13.918306
v 38.947060 31.298347 -14.918306
v 38.947060 31.298355 8.081694
v 39.947060 31.298355 9.081694
v 39.947060 31.298355 8.081694
v 39.947060 28.898361 8.081694
v 38.947060 31.298355 9.081694
v 38.947060 28.898361 9.081694
v 38.947060 28.898361 8.081694
v -16.052940 28.898369 30.081692
v -15.052940 31.298363 31.081692
v -15.052940 28.898369 31.081692
v -16.052940 28.898369 31.081692
v -15.052940 28.898369 30.081692
v 10.947060 28.898369 32.081684
v 11.947060 31.298363 32.081684
v 11.947060 28.898369 32.081684
v 11.947060 28.898369 33.081684
v 11.947060 31.298363 33.081684
v 10.947060 28.898369 33.081684
v -35.052940 31.298363 13.081694
v -35.052940 28.898369 13.081694
v -36.052940 28.898361 12.081694
v -35.052940 28.898361 12.081694
v -36.052940 31.298363 13.081694
v 10.947060 28.898369 34.081684
v 11.947060 31.298363 34.081684
v 11.947060 28.898369 34.081684
v 10.947060 28.898369 35.081684
v -11.052940 28.898369 34.081684
v -11.052940 31.298363 34.081684
v -11.052940 31.298363 35.081684
v -11.052940 28.898369 35.081684
v -12.052940 28.898369 34.081684
v -35.052940 31.298363 30.081692
v -35.052940 31.298363 31.081692
v -35.052940 28.898369 30.081692
v -35.052940 28.898369 31.081692
v -36.052940 28.898369 30.081692
v -36.052940 28.898369 31.081692
v -11.052940 31.298363 32.081684
v -11.052940 31.298363 33.081684
v -11.052940 28.898369 32.081684
v -12.052940 28.898369 33.081684
v -12.052940 28.898369 32.081684
v -11.052940 28.898369 33.081684
v -15.052940 31.298363 33.081684
v -16.052940 28.898369 33.081684
v -15.052940 28.898369 33.081684
v -15.052940 28.898369 32.081684
v -16.052940 31.298363 33.081684
v -16.052940 28.898369 32.081684
v 36.947060 31.298355 8.081694
v 37.947060 31.298355 8.081694
v 36.947060 31.298355 9.081694
v 36.947060 28.898361 9.081694
v 36.947060 28.898361 8.081694
v 37.947060 28.898361 9.081694
v 37.947060 28.898361 8.081694
v 36.947060 31.298355 12.081694
v 37.947060 31.298355 12.081694
v 36.947060 28.898361 12.081694
v 37.947060 31.298363 13.081694
v 37.947060 28.898361 12.081694
v 36.947060 28.898369 13.081694
v 35.947060 31.298355 12.081694
v 34.947060 31.298355 12.081694
v 34.947060 31.298363 13.081694
v 35.947060 28.898361 12.081694
v 34.947060 28.898369 13.081694
v 34.947060 28.898361 12.081694
v 34.947060 31.298363 30.081692
v 35.947060 31.298363 30.081692
v 35.947060 28.898369 31.081692
v 34.947060 28.898369 31.081692
v 34.947060 28.898369 30.081692
v 35.947060 28.898369 30.081692
v 14.947060 28.898369 30.081692
v 15.947060 31.298363 30.081692
v 15.947060 28.898369 31.081692
v 14.947060 28.898369 31.081692
v 15.947060 28.898369 30.081692
v 14.947060 31.298363 30.081692
v 15.947060 31.298363 32.081684
v 15.947060 28.898369 33.081684
v 15.947060 31.298363 33.081684
v 14.947060 28.898369 32.081684
v 15.947060 28.898369 32.081684
v 14.947060 28.898369 33.081684
v -37.052940 31.298355 12.081694
v -37.052940 28.898361 12.081694
v -37.052940 31.298363 13.081694
v -37.052940 28.898369 13.081694
v -38.052940 28.898369 13.081694
v -38.052940 31.298363 13.081694
v -38.052940 28.898361 12.081694
v -37.052940 31.298355 8.081694
v -38.052940 31.298355 9.081694
v -37.052940 31.298355 9.081694
v -37.052940 28.898361 8.081694
v -37.052940 28.898361 9.081694
v -38.052940 28.898361 9.081694
v -38.052940 28.898361 8.081694
v -37.052940 31.298347 -17.918308
v -38.052940 31.298347 -17.918308
v -37.052940 28.898354 -17.918308
v -38.052940 28.898354 -17.918308
v -37.052940 28.898354 -18.918308
v -38.052940 28.898354 -18.918308
v -35.052940 28.898354 -36.918316
v -36.052940 31.298347 -36.918316
v -36.052940 31.298347 -35.918316
v -36.052940 28.898354 -36.918316
v -35.052940 28.898354 -35.918316
v -36.052940 28.898354 -35.918316
v -36.052940 28.898354 -17.918308
v -35.052940 28.898354 -17.918308
v -35.052940 28.898354 -18.918308
v -36.052940 31.298347 -17.918308
v -37.052940 31.298347 -14.918306
v -38.052940 31.298347 -13.918306
v -37.052940 28.898354 -13.918306
v -38.052940 28.898354 -13.918306
v -38.052940 28.898354 -14.918306
v -37.052940 28.898354 -14.918306
v -15.052940 31.298347 -35.918316
v -35.052940 32.498352 -35.918316
v -15.052940 32.498352 -35.918316
v -35.052940 31.298347 -35.918316
v -35.052940 32.498352 -36.918316
v -35.052940 31.298347 -36.918316
v -15.052940 31.298347 -36.918316
v 11.947060 32.498352 -37.918316
v 15.947060 32.498352 -38.918316
v 11.947060 32.498352 -38.918316
v 15.947060 31.298340 -38.918316
v 11.947060 31.298340 -38.918316
v -15.052940 32.498352 -37.918316
v -15.052940 31.298340 -37.918316
v -11.052940 32.498352 -38.918316
v -11.052940 31.298340 -38.918316
v -11.052940 31.298340 -37.918316
v -15.052940 31.298340 -38.918316
v -11.052940 32.498352 -37.918316
v 11.947060 32.498352 -40.918316
v 11.947060 31.298340 -40.918316
v 11.947060 31.298340 -37.918316
v 10.947060 32.498352 -37.918316
v 10.947060 32.498352 -40.918316
v -11.052940 32.498352 -40.918316
v -12.052940 32.498352 -38.918316
v -12.052940 32.498352 -40.918316
v -12.052940 31.298340 -40.918316
v -16.052940 32.498352 -38.918316
v -15.052940 32.498352 -38.918316
v -15.052940 32.498352 -36.918316
v -16.052940 32.498352 -36.918316
v -16.052940 31.298347 -36.918316
v 35.947060 32.498352 -35.918316
v 35.947060 32.498352 -36.918316
v 35.947060 31.298347 -35.918316
v 15.947060 32.498352 -36.918316
v 14.947060 32.498352 -37.918316
v 15.947060 32.498352 -37.918316
v 15.947060 32.498352 -35.918316
v 14.947060 32.498352 -35.918316
v 15.947060 31.298347 -35.918316
v 14.947060 31.298340 -37.918316
v 14.947060 31.298347 -35.918316
v 10.947060 32.498383 35.081684
v -12.052940 32.498383 35.081684
v -12.052940 32.498383 34.081684
v -12.052940 31.298363 35.081684
v 10.947060 32.498383 34.081684
v 10.947060 31.298363 34.081684
v 34.947060 32.498383 30.081692
v 14.947060 32.498383 30.081692
v 14.947060 31.298363 31.081692
v 11.947060 32.498383 35.081684
v 10.947060 31.298363 35.081684
v 10.947060 31.298363 33.081684
v 10.947060 32.498383 33.081684
v 11.947060 32.498383 33.081684
v 11.947060 31.298363 35.081684
v 14.947060 32.498383 32.081684
v 14.947060 31.298363 33.081684
v 10.947060 32.498383 32.081684
v 10.947060 31.298363 32.081684
v 14.947060 31.298363 32.081684
v -15.052940 32.498383 32.081684
v -15.052940 31.298363 32.081684
v -16.052940 31.298363 32.081684
v -15.052940 31.298363 30.081692
v -15.052940 32.498383 30.081692
v -12.052940 31.298363 34.081684
v -11.052940 32.498383 32.081684
v -11.052940 32.498383 34.081684
v 14.947060 32.498383 33.081684
v 14.947060 32.498383 31.081692
v 15.947060 31.298363 31.081692
v 15.947060 32.498383 31.081692
v 15.947060 32.498383 33.081684
v -36.052940 31.298363 31.081692
v -16.052940 32.498383 30.081692
v -16.052940 32.498383 31.081692
v -36.052940 32.498383 31.081692
v -16.052940 31.298363 30.081692
v -16.052940 31.298363 31.081692
v -36.052940 31.298363 30.081692
v -12.052940 31.298363 33.081684
v -16.052940 32.498383 32.081684
v -12.052940 32.498383 33.081684
v -16.052940 32.498383 33.081684
v -12.052940 32.498383 32.081684
v -12.052940 31.298363 32.081684
v 36.947060 32.498367 -13.918311
v 36.947060 32.498367 -17.918308
v 37.947060 32.498367 -17.918308
v 37.947060 32.498367 -13.918311
v 37.947060 31.298347 -13.918306
v 36.947060 31.298347 -13.918306
v 37.947060 31.298347 -17.918308
v 38.947060 32.498367 -13.918311
v 39.947060 32.498367 9.081689
v 39.947060 32.498367 -13.918311
v 39.947060 31.298347 -13.918306
v 38.947060 32.498367 9.081689
v 36.947060 32.498367 8.081689
v 38.947060 32.498367 8.081689
v 35.947060 31.298363 31.081692
v 35.947060 32.498383 31.081692
v 34.947060 32.498383 31.081692
v 34.947060 32.498367 13.081689
v 35.947060 32.498367 13.081689
v 34.947060 31.298363 31.081692
v 35.947060 31.298363 13.081694
v 37.947060 31.298355 9.081694
v 36.947060 32.498367 13.081689
v 36.947060 32.498367 9.081689
v 37.947060 32.498367 9.081689
v 37.947060 32.498367 13.081689
v 14.947060 31.298340 -38.918316
v 15.947060 31.298340 -37.918316
v 14.947060 28.898346 -37.918316
v 14.947060 28.898346 -38.918316
v 15.947060 28.898346 -37.918316
v 10.947060 31.298340 -38.918316
v 10.947060 28.898346 -38.918316
v 11.947060 28.898346 -37.918316
v 10.947060 31.298340 -37.918316
v 10.947060 28.898346 -37.918316
v 11.947060 31.298340 -39.918316
v 11.947060 28.898346 -40.918316
v 11.947060 28.898346 -39.918316
v 10.947060 28.898346 -39.918316
v 10.947060 31.298340 -39.918316
v 10.947060 31.298340 -40.918316
v 10.947060 28.898346 -40.918316
v -11.052940 31.298340 -39.918316
v -11.052940 31.298340 -40.918316
v -12.052940 31.298340 -39.918316
v -12.052940 28.898346 -39.918316
v -12.052940 31.298340 -38.918316
v -12.052940 31.298340 -37.918316
v -11.052940 28.898346 -37.918316
v -11.052940 28.898346 -38.918316
v -12.052940 28.898346 -37.918316
v -16.052940 31.298340 -38.918316
v -15.052940 28.898346 -38.918316
v -16.052940 31.298340 -37.918316
v -15.052940 28.898346 -37.918316
v -16.052940 28.898346 -37.918316
v -15.052940 28.898354 -35.918316
v -16.052940 28.898354 -35.918316
v -16.052940 28.898354 -36.918316
v -15.052940 28.898354 -36.918316
v -16.052940 31.298347 -35.918316
v -39.052940 32.498367 -13.918311
v -39.052940 32.498367 -14.918311
v -39.052940 31.298347 -14.918306
v -37.052940 32.498367 -14.918311
v -39.052940 31.298347 -13.918306
v -37.052940 32.498367 -13.918311
v -37.052940 31.298347 -13.918306
v -40.052940 32.498367 9.081689
v -38.052940 32.498367 9.081689
v -40.052940 31.298355 9.081694
v -38.052940 32.498367 -18.918308
v -38.052940 32.498367 -14.918311
v -38.052940 31.298347 -14.918306
v -38.052940 31.298347 -18.918308
v -37.052940 31.298347 -18.918308
v -37.052940 32.498367 -18.918308
v -37.052940 32.498367 12.081689
v -38.052940 32.498367 8.081689
v -37.052940 32.498367 8.081689
v -38.052940 31.298355 8.081694
v -38.052940 32.498367 13.081689
v -38.052940 32.498367 12.081689
v -38.052940 31.298355 12.081694
v -36.052940 32.498367 12.081689
v -36.052940 31.298355 12.081694
v -36.052940 32.498367 13.081689
v -35.052940 31.298347 -18.918308
v -35.052940 32.498367 -18.918308
v -36.052940 32.498367 -18.918308
v -36.052940 32.498352 -36.918316
v -36.052940 31.298347 -18.918308
v -35.052940 32.498383 30.081692
v -35.052940 32.498367 12.081689
v -35.052940 31.298355 12.081694
v -36.052940 32.498383 30.081692
v -37.052940 32.498367 -17.918308
v -35.052940 32.498367 -17.918308
v -35.052940 31.298347 -17.918308
v 35.947060 32.498367 -18.918308
v 37.947060 32.498367 -18.918308
v 35.947060 32.498367 -17.918308
v 35.947060 31.298347 -18.918308
v 36.947060 31.298363 13.081694
v 34.947060 32.498367 12.081689
v 36.947060 32.498367 12.081689
v 39.947060 32.498367 -14.918311
v 37.947060 32.498367 -14.918311
v 37.947060 31.298347 -14.918306
v 34.947060 31.298347 -17.918308
v 34.947060 32.498367 -17.918308
v 34.947060 32.498352 -35.918316
v 34.947060 31.298347 -35.918316
v -0.527237 81.698364 -3.076329
v -0.527237 81.698364 -2.760320
v -0.330337 81.698364 -2.502324
v -0.211037 81.698364 -2.444325
v 0.105156 81.698364 -2.444325
v 0.300659 81.698364 -2.564320
v 0.363060 81.698364 -2.641332
v 0.421356 81.698364 -2.760320
v 0.447060 81.698364 -2.918324
v 0.224457 81.698364 -3.334325
v 0.105156 81.698364 -3.392323
v -0.052940 81.698364 -3.418324
v 0.300659 81.698364 -3.272328
v 0.105156 97.698364 -3.392329
v -0.211037 97.698364 -3.392329
v -0.211037 81.698364 -3.392323
v -0.330337 81.698364 -3.334325
v -0.406540 81.698364 -3.272328
v 0.363060 81.698364 -3.195317
v 0.363060 97.698364 -3.195321
v 0.421356 81.698364 -3.076329
v 0.447060 97.698364 -2.918329
v 0.421356 97.698364 -2.760324
v 0.363060 97.698364 -2.641336
v 0.300659 97.698364 -2.564326
v 0.300659 97.698364 -3.272332
v 0.421356 97.698364 -3.076333
v 0.224457 97.698364 -2.502328
v -0.211037 97.698364 -2.444330
v -0.468941 97.698364 -2.641336
v -0.527237 97.698364 -2.760324
v -0.527237 97.698364 -3.076333
v -0.406540 97.698364 -3.272332
v -0.330337 97.698364 -3.334329
v -0.052940 97.698364 -3.418329
v 0.224457 97.698364 -3.334329
v -0.406540 97.698364 -2.564326
v -0.406540 81.698364 -2.564320
v -0.330337 97.698364 -2.502328
v -0.052940 97.698364 -2.418329
v -0.052940 81.698364 -2.418324
v 0.105156 97.698364 -2.444330
v 0.224457 81.698364 -2.502324
v -0.468941 97.698364 -3.195321
v -0.468941 81.698364 -3.195317
v -0.552940 97.698364 -2.918329
v -0.552940 81.698364 -2.918324
v -0.468941 81.698364 -2.641332
v -1.301041 63.698364 -3.750321
v -1.475937 63.698364 -3.392319
v -1.475937 63.698364 -2.444321
v -1.301041 63.698364 -2.086319
v -1.113640 63.698364 -1.857315
v -0.884941 63.698364 -1.670319
v -0.527237 63.698364 -1.495316
v -0.052940 63.698364 -1.418320
v 0.779160 63.698364 -1.670319
v 1.007759 63.698364 -1.857315
v 1.195160 63.698364 -2.086319
v 1.370056 63.698364 -2.444321
v 1.447060 63.698364 -2.918320
v 1.370056 63.698364 -3.392319
v 1.195160 63.698364 -3.750321
v 0.779060 63.698364 -4.166321
v -1.113640 63.698364 -3.979325
v 1.007759 81.698364 -3.979329
v 1.007759 63.698364 -3.979325
v 0.421356 81.698364 -4.341329
v 0.421356 63.698364 -4.341324
v -0.052940 63.698364 -4.418320
v -0.527237 81.698364 -4.341329
v -0.527237 63.698364 -4.341324
v -0.885040 81.698364 -4.166325
v -0.885040 63.698364 -4.166321
v 1.370056 81.698364 -3.392323
v 1.195160 81.698364 -2.086324
v 1.195160 81.698364 -3.750325
v 1.447060 81.698364 -2.918324
v 1.370056 81.698364 -2.444325
v 1.007759 81.698364 -1.857320
v 0.779060 81.698364 -1.670323
v 0.421356 81.698364 -1.495320
v -0.885040 81.698364 -1.670323
v -1.475937 81.698364 -2.444325
v -1.475937 81.698364 -3.392323
v -1.301041 81.698364 -3.750325
v -1.113640 81.698364 -3.979329
v -0.052940 81.698364 -4.418324
v 0.779160 81.698364 -4.166325
v -1.113640 81.698364 -1.857320
v -0.527237 81.698364 -1.495320
v -0.052940 81.698364 -1.418324
v 0.421356 63.698364 -1.495316
v -1.552940 81.698364 -2.918324
v -1.552940 63.698364 -2.918320
v -1.301041 81.698364 -2.086324
v -2.424637 45.698364 -3.709313
v -2.552940 45.698364 -2.918312
v -0.843544 45.698364 -0.546319
v 0.737663 45.698364 -0.546319
v 1.714859 45.698364 -1.150307
v 2.027161 45.698364 -1.531319
v 2.318756 45.698364 -3.709313
v 2.027161 45.698364 -4.305307
v 0.737663 45.698364 -5.290308
v -0.843544 45.698364 -5.290308
v -1.439644 45.698364 -4.998315
v 1.714859 45.698364 -4.686319
v 1.333763 63.698364 -4.998322
v 1.333763 45.698364 -4.998315
v -0.052940 45.698364 -5.418313
v -1.439644 63.698364 -4.998322
v -1.820740 63.698364 -4.686325
v -1.820740 45.698364 -4.686319
v 2.447060 45.698364 -2.918312
v 2.318756 45.698364 -2.127312
v 2.318756 63.698364 -2.127320
v 1.714859 63.698364 -4.686325
v 2.027161 63.698364 -4.305313
v 2.318756 63.698364 -3.709320
v 2.447060 63.698364 -2.918320
v 2.027161 63.698364 -1.531326
v 1.714859 63.698364 -1.150314
v 0.737663 63.698364 -0.546326
v -0.843544 63.698364 -0.546326
v -1.439644 63.698364 -0.838318
v -1.820740 63.698364 -1.150314
v -2.133041 63.698364 -1.531326
v -0.843544 63.698364 -5.290314
v -0.052940 63.698364 -5.418320
v 0.737663 63.698364 -5.290314
v -1.439644 45.698364 -0.838311
v -0.052940 63.698364 -0.418320
v -0.052940 45.698364 -0.418313
v 1.333763 63.698364 -0.838318
v 1.333763 45.698364 -0.838311
v -2.133041 63.698364 -4.305313
v -2.133041 45.698364 -4.305307
v -2.424637 63.698364 -3.709320
v -2.552940 63.698364 -2.918320
v -2.424637 63.698364 -2.127320
v -2.424637 45.698364 -2.127312
v -2.133041 45.698364 -1.531319
v -1.820740 45.698364 -1.150307
v 3.947060 45.698364 -6.918313
v 3.947060 45.698364 1.081688
v 3.947060 44.498367 -6.918313
v 3.947060 44.498367 1.081688
v -4.052940 45.698364 1.081688
v -4.052940 44.498367 1.081688
v -4.052940 44.498367 -6.918313
v -4.052940 45.698364 -6.918313
v 5.947060 44.498367 -8.918314
v 5.947060 44.498367 3.081688
v 5.947060 39.698364 -8.918311
v -6.052940 39.698364 3.081688
v 5.947060 39.698364 3.081688
v -6.052940 44.498367 3.081688
v -6.052940 44.498367 -8.918314
v -6.052940 39.698364 -8.918311
v -9.052940 38.498367 0.081688
v -9.052940 28.898361 7.081691
v -9.052940 38.498367 7.081688
v -10.052940 38.498367 0.081688
v -10.052940 28.898361 0.081692
v -9.052940 28.898361 0.081692
v 9.947060 39.698364 8.081689
v -10.052940 39.698364 8.081689
v -10.052940 38.498367 -12.918311
v 9.947060 38.498367 -13.918311
v 9.947060 28.898354 -12.918306
v 9.947060 28.898354 -13.918306
v -10.052940 38.498367 -13.918311
v -10.052940 28.898354 -13.918306
v -9.052940 38.498367 -12.918311
v -9.052940 38.498367 -5.918312
v -9.052940 28.898361 -5.918309
v -10.052940 38.498367 -5.918312
v -10.052940 28.898354 -12.918306
v -10.052940 28.898361 -5.918309
v -9.052940 28.898354 -12.918306
v 9.947060 38.498367 -12.918311
v 9.947060 38.498367 7.081688
v 8.947060 38.498367 7.081688
v 8.947060 38.498367 -12.918311
v 8.947060 28.898361 7.081691
v 8.947060 28.898354 -12.918306
v -10.052940 38.498367 7.081688
v 9.947060 28.898361 7.081691
v -10.052940 38.498367 8.081689
v 9.947060 38.498367 8.081689
v -10.052940 28.898361 7.081691
v 9.947060 28.898361 8.081694
v -10.052940 28.898361 8.081694
v -10.052940 39.698364 -13.918311
v -9.052940 42.098358 -13.918311
v -9.052940 39.698364 -12.918311
v -10.052940 39.698364 -12.918311
v -9.052940 39.698364 -13.918311
v -10.052940 42.098358 -13.918311
v -9.052940 43.298355 7.081687
v 9.947060 42.098358 7.081687
v 9.947060 43.298355 8.081689
v -9.052940 43.298355 8.081689
v -9.052940 42.098358 7.081687
v -10.052940 39.698364 7.081688
v -10.052940 42.098358 8.081689
v -10.052940 42.098358 7.081687
v -9.052940 39.698364 7.081688
v -9.052940 39.698364 8.081689
v 8.947060 39.698364 7.081688
v 9.947060 42.098358 8.081689
v 8.947060 42.098358 8.081689
v 8.947060 39.698364 8.081689
v 9.947060 39.698364 7.081688
v 8.947060 43.298355 -13.918311
v 9.947060 43.298355 -13.918311
v 8.947060 43.298355 7.081687
v 9.947060 43.298355 7.081687
v 9.947060 42.098358 -13.918311
v 8.947060 42.098358 7.081687
v 8.947060 42.098358 -13.918311
v -9.052940 42.098358 -12.918311
v -9.052940 43.298355 -12.918311
v -10.052940 43.298355 8.081689
v -9.052940 42.098358 8.081689
v -10.052940 42.098358 -12.918311
v 8.947060 39.698364 -13.918311
v 9.947060 39.698364 -13.918311
v 9.947060 42.098358 -12.918311
v 9.947060 39.698364 -12.918311
v 8.947060 39.698364 -12.918311
v -10.052940 43.298355 -13.918311
v 8.947060 43.298355 -12.918311
v 8.947060 42.098358 -12.918311
v -10.052940 43.298355 -12.918311
v 35.947060 28.898354 -18.918308
v 35.947060 27.698357 -36.918316
v 15.947060 28.898354 -18.918308
v 15.947060 27.698357 -18.918308
v 15.947060 28.898354 -36.918316
v 37.947060 28.898354 -18.918308
v 15.947060 28.898354 -14.918306
v 20.947060 28.898361 0.081692
v 20.947060 27.698364 -5.918308
v 20.947060 27.698364 0.081692
v 20.947060 28.898361 -5.918309
v 39.947060 28.898361 -5.918309
v 39.947060 27.698364 -5.918308
v 15.947060 27.698357 -14.918306
v 39.947060 28.898354 -14.918306
v 39.947060 28.898361 0.081692
v 39.947060 28.898361 9.081694
v 15.947060 27.698364 9.081694
v 39.947060 27.698364 0.081692
v 15.947060 28.898361 9.081694
v 37.947060 28.898369 13.081694
v 15.947060 28.898369 13.081694
v 35.947060 28.898369 13.081694
v 35.947060 27.698372 31.081692
v 15.947060 27.698372 13.081694
v 15.947060 28.898346 -38.918316
v 11.947060 28.898346 -38.918316
v 15.947060 27.698372 33.081684
v 11.947060 27.698372 33.081684
v 15.947060 27.698349 -38.918316
v -12.052940 28.898346 -40.918316
v 11.947060 28.898369 35.081684
v -12.052940 28.898369 35.081684
v 11.947060 27.698349 -40.918316
v -12.052940 27.698372 35.081684
v -16.052940 28.898346 -38.918316
v -12.052940 28.898346 -38.918316
v -36.052940 28.898369 13.081694
v -16.052940 27.698372 31.081692
v -40.052940 27.698364 0.081692
v -40.052940 28.898361 0.081692
v -40.052940 28.898361 -5.918309
v -21.052940 28.898361 -5.918309
v -21.052940 28.898361 0.081692
v -21.052940 27.698364 -5.918308
v -40.052940 27.698364 -5.918308
v -21.052940 27.698364 0.081692
v -38.052940 27.698372 13.081694
v -16.052940 28.898361 9.081694
v -16.052940 28.898369 13.081694
v -16.052940 27.698364 9.081694
v -38.052940 27.698364 9.081694
v -16.052940 27.698372 13.081694
v -40.052940 28.898354 -14.918306
v -16.052940 28.898361 -5.918309
v -16.052940 27.698357 -14.918306
v -36.052940 28.898354 -18.918308
v -16.052940 27.698357 -18.918308
v -16.052940 28.898354 -18.918308
v -16.052940 28.898354 -14.918306
v -36.052940 16.898354 -28.918308
v -36.052940 16.898354 -34.918301
v -36.052940 27.698357 -28.918308
v -36.052940 27.698357 -34.918316
v -36.052940 27.698357 -20.918308
v 35.947060 16.898354 -28.918308
v -18.052940 27.698357 -36.918316
v -24.052940 16.898354 -36.918301
v -34.052940 27.698357 -36.918316
v -34.052940 16.898354 -36.918301
v 23.947060 27.698357 -36.918316
v 23.947060 16.898354 -36.918301
v 17.947060 16.898354 -36.918301
v 27.947060 27.698357 -36.918316
v 27.947060 16.898354 -36.918301
v 39.947060 16.898361 -4.918305
v 39.947060 27.698364 -0.918308
v 39.947060 16.898361 7.081695
v 39.947060 16.898361 -0.918304
v 9.947060 27.698349 -40.918316
v 1.947060 16.898346 -40.918301
v -2.052940 16.898346 -40.918301
v -10.052940 16.898346 -40.918301
v -2.052940 27.698349 -40.918316
v -40.052940 27.698364 -0.918308
v -40.052940 16.898354 -12.918303
v -40.052940 27.698364 -4.918308
v -40.052940 27.698357 -12.918306
v -40.052940 16.898361 -4.918305
v -36.052940 27.698372 23.081692
v -36.052940 16.898369 23.081692
v -36.052940 16.898369 29.081692
v -36.052940 27.698372 15.081694
v -36.052940 16.898369 21.081692
v -36.052940 16.898369 15.081697
v 35.947060 16.898369 15.081697
v 35.947060 27.698372 29.081692
v 23.947060 27.698372 31.081692
v 17.947060 27.698372 31.081692
v 17.947060 16.898369 31.081692
v 23.947060 16.898369 31.081692
v 33.947060 27.698372 31.081692
v 27.947060 27.698372 31.081692
v -18.052940 16.898369 31.081692
v -24.052940 16.898369 31.081692
v -28.052940 27.698372 31.081692
v -28.052940 16.898369 31.081692
v 1.947060 27.698372 35.081684
v 1.947060 16.898369 35.081699
v 9.947060 16.898369 35.081699
v -10.052940 27.698372 35.081684
v -10.052940 16.898369 35.081699
v -10.052940 16.898346 -38.918301
v -12.052940 27.698349 -38.918316
v -10.052940 27.698349 -40.918316
v -10.052940 27.698349 -38.918316
v -12.052940 16.898346 -38.918301
v -12.052940 27.698349 -40.918316
v 11.947060 27.698357 -36.918316
v 11.947060 16.898354 -36.918301
v 11.947060 16.898346 -38.918301
v -16.052940 27.698372 29.081692
v -16.052940 16.898369 29.081692
v -16.052940 16.898369 31.081692
v -18.052940 27.698372 31.081692
v -18.052940 16.898369 29.081692
v -18.052940 27.698372 29.081692
v 35.947060 16.898369 21.081692
v 35.947060 27.698372 23.081692
v 35.947060 16.898369 23.081692
v 33.947060 27.698372 23.081692
v 33.947060 27.698372 21.081692
v 33.947060 16.898369 23.081692
v 35.947060 27.698372 21.081692
v 33.947060 16.898369 21.081692
v -12.052940 27.698372 31.081692
v -12.052940 16.898369 31.081692
v -12.052940 16.898369 33.081699
v -16.052940 27.698372 33.081684
v -36.052940 27.698357 -14.918306
v -38.052940 27.698357 -18.918308
v -38.052940 16.898354 -18.918308
v -36.052940 16.898354 -14.918303
v -34.052940 27.698357 -34.918316
v -34.052940 16.898354 -34.918301
v -36.052940 16.898354 -36.918301
v -36.052940 27.698357 -36.918316
v 35.947060 16.898354 -34.918301
v 35.947060 27.698357 -34.918316
v 33.947060 27.698357 -34.918316
v 33.947060 27.698357 -36.918316
v 33.947060 16.898354 -34.918301
v 33.947060 16.898354 -36.918301
v 35.947060 16.898354 -14.918303
v 35.947060 27.698357 -14.918306
v 35.947060 27.698357 -18.918308
v 37.947060 27.698357 -18.918308
v 37.947060 16.898354 -18.918308
v 37.947060 16.898354 -14.918303
v 35.947060 27.698364 9.081694
v 37.947060 27.698372 13.081694
v 35.947060 16.898361 9.081697
v 37.947060 16.898369 13.081697
v 11.947060 27.698372 35.081684
v 9.947060 27.698372 35.081684
v 11.947060 16.898369 35.081699
v 9.947060 16.898369 33.081699
v 9.947060 27.698372 33.081684
v 27.947060 27.698372 29.081692
v 27.947060 16.898369 31.081692
v 23.947060 27.698372 29.081692
v 23.947060 16.898369 29.081692
v 27.947060 16.898369 29.081692
v 37.947060 16.898361 -0.918304
v 37.947060 27.698364 -0.918308
v 37.947060 27.698364 -4.918308
v 37.947060 16.898361 -4.918305
v 39.947060 27.698364 -4.918308
v -34.052940 16.898354 -20.918308
v -34.052940 27.698357 -20.918308
v -34.052940 27.698357 -18.918308
v -34.052940 16.898354 -18.918308
v -36.052940 27.698357 -18.918308
v -36.052940 16.898354 -18.918308
v -36.052940 16.898354 -20.918308
v -34.052940 16.898369 15.081697
v -34.052940 27.698372 15.081694
v -36.052940 27.698372 13.081694
v -34.052940 27.698372 13.081694
v -34.052940 16.898369 13.081697
v -38.052940 16.898369 13.081697
v -36.052940 27.698364 9.081694
v -36.052940 16.898369 13.081697
v -36.052940 16.898361 9.081697
v 11.947060 27.698372 31.081692
v 15.947060 27.698372 31.081692
v 11.947060 16.898369 33.081699
v 11.947060 16.898369 31.081692
v 15.947060 16.898369 33.081699
v 1.947060 27.698372 33.081684
v 1.947060 16.898369 33.081699
v -2.052940 27.698372 35.081684
v -2.052940 27.698372 33.081684
v -2.052940 16.898369 35.081699
v -2.052940 16.898369 33.081699
v -12.052940 27.698357 -36.918316
v -16.052940 16.898354 -36.918301
v -16.052940 27.698349 -38.918316
v -16.052940 16.898346 -38.918301
v -12.052940 16.898354 -36.918301
v 1.947060 27.698349 -40.918316
v 1.947060 16.898346 -38.918301
v 1.947060 27.698349 -38.918316
v -2.052940 27.698349 -38.918316
v -2.052940 16.898346 -38.918301
v 35.947060 27.698357 -20.918308
v 33.947060 27.698357 -18.918308
v 33.947060 16.898354 -18.918308
v 33.947060 27.698357 -20.918308
v 33.947060 16.898354 -20.918308
v 35.947060 16.898354 -18.918308
v 35.947060 16.898354 -20.918308
v -12.052940 16.898369 35.081699
v -12.052940 27.698372 33.081684
v -10.052940 27.698372 33.081684
v -10.052940 16.898369 33.081699
v -34.052940 16.898369 31.081692
v -36.052940 27.698372 29.081692
v -34.052940 27.698372 31.081692
v -36.052940 27.698372 31.081692
v -36.052940 16.898369 31.081692
v -34.052940 27.698372 29.081692
v -34.052940 16.898369 29.081692
v 35.947060 16.898369 29.081692
v 33.947060 16.898369 31.081692
v 33.947060 27.698372 29.081692
v 33.947060 16.898369 29.081692
v 17.947060 16.898354 -34.918301
v 15.947060 27.698357 -36.918316
v 17.947060 27.698357 -36.918316
v 17.947060 27.698357 -34.918316
v 15.947060 27.698357 -34.918316
v 15.947060 16.898354 -34.918301
v -28.052940 27.698357 -34.918316
v -28.052940 27.698357 -36.918316
v -24.052940 27.698357 -34.918316
v -24.052940 16.898354 -34.918301
v -28.052940 16.898354 -34.918301
v -28.052940 16.898354 -36.918301
v -24.052940 27.698357 -36.918316
v -38.052940 27.698357 -12.918306
v -38.052940 16.898354 -14.918303
v -38.052940 27.698357 -14.918306
v -38.052940 16.898354 -12.918303
v -40.052940 16.898354 -14.918303
v -40.052940 27.698357 -14.918306
v -38.052940 27.698364 -0.918308
v -38.052940 27.698364 -4.918308
v -38.052940 16.898361 -4.918305
v -38.052940 16.898361 -0.918304
v -40.052940 16.898361 -0.918304
v 39.947060 16.898361 9.081697
v 39.947060 27.698364 9.081694
v 37.947060 27.698364 9.081694
v 37.947060 27.698364 7.081692
v 37.947060 16.898361 7.081695
v 37.947060 16.898361 9.081697
v 39.947060 27.698364 7.081692
v 35.947060 27.698372 13.081694
v 35.947060 16.898369 13.081697
v 35.947060 27.698372 15.081694
v 33.947060 27.698372 15.081694
v 33.947060 27.698372 13.081694
v 33.947060 16.898369 15.081697
v 33.947060 16.898369 13.081697
v 39.947060 27.698357 -14.918306
v 39.947060 27.698357 -12.918306
v 37.947060 27.698357 -12.918306
v 39.947060 16.898354 -12.918303
v 37.947060 27.698357 -14.918306
v 37.947060 16.898354 -12.918303
v 39.947060 16.898354 -14.918303
v -36.052940 27.698372 21.081692
v -34.052940 27.698372 21.081692
v -34.052940 27.698372 23.081692
v -34.052940 16.898369 23.081692
v -34.052940 16.898369 21.081692
v -24.052940 27.698372 31.081692
v -28.052940 16.898369 29.081692
v -28.052940 27.698372 29.081692
v -24.052940 27.698372 29.081692
v -24.052940 16.898369 29.081692
v 9.947060 27.698349 -38.918316
v 11.947060 27.698349 -38.918316
v 9.947060 16.898346 -40.918301
v 9.947060 16.898346 -38.918301
v -38.052940 16.898361 9.081697
v -40.052940 27.698364 9.081694
v -38.052940 16.898361 7.081695
v -40.052940 16.898361 9.081697
v -40.052940 27.698364 7.081692
v -38.052940 27.698364 7.081692
v -40.052940 16.898361 7.081695
v 27.947060 27.698357 -34.918316
v 27.947060 16.898354 -34.918301
v 23.947060 27.698357 -34.918316
v 23.947060 16.898354 -34.918301
v 35.947060 27.698357 -28.918308
v 35.947060 16.898354 -26.918308
v 33.947060 27.698357 -28.918308
v 35.947060 27.698357 -26.918308
v 33.947060 27.698357 -26.918308
v 33.947060 16.898354 -28.918308
v 33.947060 16.898354 -26.918308
v 17.947060 16.898369 29.081692
v 17.947060 27.698372 29.081692
v 15.947060 16.898369 29.081692
v 15.947060 27.698372 29.081692
v -34.052940 27.698357 -28.918308
v -34.052940 27.698357 -26.918308
v -34.052940 16.898354 -28.918308
v -34.052940 16.898354 -26.918308
v -36.052940 27.698357 -26.918308
v -36.052940 16.898354 -26.918308
v -16.052940 27.698357 -36.918316
v -18.052940 27.698357 -34.918316
v -16.052940 27.698357 -34.918316
v -18.052940 16.898354 -36.918301
v -18.052940 16.898354 -34.918301
v -16.052940 16.898354 -34.918301
v 19.947060 16.898369 14.081697
v 19.947060 15.698370 31.081692
v 19.947060 15.698366 14.081697
v 35.947060 16.898369 14.081697
v 35.947060 15.698366 14.081697
v 35.947060 16.898369 31.081692
v 35.947060 15.698370 31.081692
v 15.947060 16.898369 31.081692
v 15.947060 16.898354 -36.918301
v 15.947060 15.698370 31.081692
v 15.947060 15.698350 -36.918301
v 19.947060 15.698350 -36.918301
v 19.947060 16.898354 -36.918301
v 19.947060 16.898369 31.081692
v -20.052940 15.698366 8.081697
v -20.052940 16.898354 -13.918303
v -20.052940 16.898361 8.081697
v -40.052940 16.898361 8.081697
v -40.052940 16.898354 -13.918303
v -40.052940 15.698358 -13.918303
v -40.052940 15.698366 8.081697
v -20.052940 15.698358 -13.918303
v 19.947060 16.898354 -19.918308
v 35.947060 16.898354 -19.918308
v 35.947060 16.898354 -36.918301
v 35.947060 15.698350 -36.918301
v 35.947060 15.698355 -19.918308
v 19.947060 15.698355 -19.918308
v 11.947060 15.698374 33.081699
v 11.947060 15.698350 -38.918301
v 15.947060 16.898346 -38.918301
v 15.947060 15.698374 33.081699
v 15.947060 15.698350 -38.918301
v -25.052940 16.898354 -19.918308
v -25.052940 16.898354 -13.918303
v -38.052940 16.898354 -13.918303
v -38.052940 15.698358 -13.918303
v -38.052940 15.698355 -19.918308
v -38.052940 16.898354 -19.918308
v -25.052940 15.698355 -19.918308
v -20.052940 16.898369 14.081697
v -36.052940 16.898369 14.081697
v -20.052940 15.698366 14.081697
v -36.052940 15.698370 31.081692
v -36.052940 15.698366 14.081697
v -16.052940 16.898369 33.081699
v -12.052940 15.698374 33.081699
v -16.052940 15.698374 33.081699
v -12.052940 15.698350 -38.918301
v -16.052940 15.698350 -38.918301
v 24.947060 15.698366 14.081697
v 37.947060 16.898361 8.081697
v 37.947060 15.698366 14.081697
v 37.947060 15.698366 8.081697
v 37.947060 16.898369 14.081697
v 24.947060 16.898369 14.081697
v -12.052940 15.698350 -40.918301
v -12.052940 16.898346 -40.918301
v 11.947060 16.898346 -40.918301
v 11.947060 15.698350 -40.918301
v 11.947060 15.698374 35.081699
v -12.052940 15.698374 35.081699
v 19.947060 15.698358 -13.918303
v 39.947060 16.898354 -13.918303
v 19.947060 16.898354 -13.918303
v 19.947060 16.898361 8.081697
v 39.947060 15.698358 -13.918303
v 39.947060 16.898361 8.081697
v 19.947060 15.698366 8.081697
v 39.947060 15.698366 8.081697
v 37.947060 16.898354 -19.918308
v 37.947060 16.898354 -13.918303
v 37.947060 15.698355 -19.918308
v 37.947060 15.698358 -13.918303
v -20.052940 16.898354 -36.918301
v -20.052940 16.898369 31.081692
v -16.052940 15.698370 31.081692
v -20.052940 15.698370 31.081692
v -16.052940 15.698350 -36.918301
v -38.052940 16.898361 8.081697
v -38.052940 16.898369 14.081697
v -38.052940 15.698366 14.081697
v -38.052940 15.698366 8.081697
v -20.052940 15.698350 -36.918301
v -36.052940 16.898354 -19.918308
v -20.052940 16.898354 -19.918308
v -36.052940 15.698355 -19.918308
v -36.052940 15.698350 -36.918301
v -20.052940 15.698355 -19.918308
v 15.947060 27.698364 0.081692
v 15.947060 28.898361 -5.918309
v 15.947060 28.498360 -0.918308
v 15.947060 28.498360 -4.918309
v 16.947060 28.498360 -4.918309
v 16.947060 28.498360 -0.918308
v -17.052940 28.898361 -0.918308
v -17.052940 28.498360 -0.918308
v -16.052940 28.898361 -4.918309
v -17.052940 28.898361 -4.918309
v -16.052940 28.498360 -0.918308
v -16.052940 28.498360 -4.918309
v -17.052940 28.498360 -4.918309
v 21.947060 4.898352 -22.918301
v 21.947060 15.698355 -22.918308
v 35.947060 15.698362 -4.918304
v 35.947060 15.698358 -12.918303
v 35.947060 15.698362 -0.918304
v 35.947060 15.698366 7.081696
v -22.052940 15.698355 -22.918308
v -36.052940 15.698358 -12.918303
v -36.052940 4.898356 -4.918303
v -36.052940 4.898360 7.081697
v -36.052940 4.898360 -0.918300
v -2.052940 15.698350 -36.918301
v -2.052940 4.898348 -36.918301
v 1.947060 4.898348 -36.918301
v 9.947060 4.898348 -36.918301
v 9.947060 15.698350 -36.918301
v 19.947060 15.698370 19.081692
v 19.947060 15.698370 25.081692
v 9.947060 4.898369 31.081699
v 9.947060 15.698370 31.081692
v -2.052940 15.698370 31.081692
v -10.052940 15.698370 31.081692
v -10.052940 4.898369 31.081699
v -20.052940 15.698370 19.081692
v -20.052940 4.898366 19.081699
v -22.052940 4.898366 17.081699
v -34.052940 4.898364 13.081700
v -34.052940 3.698367 13.081700
v -34.052940 3.698366 9.081700
v -34.052940 4.898360 9.081700
v -20.052940 4.898360 9.081700
v -12.052940 3.698371 29.081699
v -16.052940 3.698371 29.081699
v -16.052940 4.898348 -34.918301
v -16.052940 4.898369 29.081699
v -12.052940 4.898369 29.081699
v -12.052940 3.698351 -34.918301
v -16.052940 3.698351 -34.918301
v -12.052940 4.898348 -34.918301
v -36.052940 4.898360 9.081700
v -36.052940 3.698366 9.081700
v -36.052940 3.698358 -14.918300
v -36.052940 4.898356 -14.918300
v -20.052940 4.898356 -14.918300
v -20.052940 3.698366 9.081700
v -16.052940 3.698371 27.081699
v -20.052940 3.698371 27.081699
v -20.052940 3.698354 -32.918301
v -16.052940 4.898368 27.081699
v -16.052940 3.698354 -32.918301
v -32.052940 4.898364 13.081700
v -32.052940 4.898366 17.081699
v -20.052940 3.698367 13.081700
v -32.052940 3.698367 13.081700
v -32.052940 3.698367 17.081699
v -20.052940 4.898364 13.081700
v -20.052940 3.698367 17.081699
v -20.052940 4.898352 -22.918301
v -20.052940 4.898354 -18.918301
v -32.052940 3.698357 -18.918301
v -32.052940 3.698355 -22.918301
v -34.052940 3.698357 -18.918301
v -34.052940 3.698358 -14.918300
v -20.052940 3.698358 -14.918300
v 31.947060 4.898352 -22.918301
v 19.947060 4.898354 -18.918301
v 31.947060 3.698357 -18.918301
v 19.947060 3.698357 -18.918301
v 31.947060 3.698355 -22.918301
v 33.947060 3.698357 -18.918301
v 33.947060 4.898356 -14.918300
v 33.947060 4.898354 -18.918301
v 19.947060 4.898356 -14.918300
v 33.947060 3.698358 -14.918300
v 19.947060 3.698358 -14.918300
v 35.947060 3.698358 -14.918300
v 35.947060 4.898356 -14.918300
v 35.947060 4.898360 9.081700
v 35.947060 3.698366 9.081700
v 19.947060 3.698366 9.081700
v 33.947060 3.698366 9.081700
v 19.947060 4.898360 9.081700
v 19.947060 4.898364 13.081700
v 19.947060 3.698367 13.081700
v 33.947060 3.698367 13.081700
v 31.947060 4.898366 17.081699
v 31.947060 3.698367 17.081699
v 31.947060 3.698367 13.081700
v 19.947060 3.698367 17.081699
v 19.947060 4.898351 -32.918301
v 15.947060 3.698371 27.081699
v 19.947060 3.698371 27.081699
v 19.947060 3.698354 -32.918301
v 15.947060 3.698354 -32.918301
v 11.947060 3.698351 -34.918301
v 15.947060 4.898369 29.081699
v 11.947060 4.898369 29.081699
v 15.947060 4.898348 -34.918301
v 15.947060 3.698351 -34.918301
v 15.947060 3.698371 29.081699
v 11.947060 3.698371 29.081699
v -12.052940 4.898366 21.081699
v -12.052940 3.698370 21.081699
v 11.947060 4.898366 21.081699
v -12.052940 3.698372 31.081699
v 11.947060 3.698372 31.081699
v -12.052940 4.898348 -36.918301
v 11.947060 4.898364 13.081700
v -12.052940 3.698351 -36.918301
v 11.947060 3.698367 13.081700
v 11.947060 3.698351 -36.918301
v 19.947060 15.698355 -20.918308
v 19.947060 4.898354 -20.918301
v 19.947060 15.698355 -22.918308
v 21.947060 15.698355 -20.918308
v 21.947060 4.898354 -20.918301
v 29.947060 15.698366 13.081697
v 31.947060 15.698366 17.081692
v 29.947060 4.898366 17.081699
v 29.947060 15.698366 17.081692
v 29.947060 4.898364 13.081700
v 35.947060 4.898360 -0.918300
v 33.947060 15.698362 -0.918304
v 33.947060 4.898360 -0.918300
v 35.947060 4.898356 -4.918303
v 33.947060 15.698362 -4.918304
v 33.947060 4.898356 -4.918303
v 31.947060 15.698358 -18.918308
v 31.947060 4.898354 -18.918301
v 33.947060 15.698358 -14.918303
v 33.947060 15.698358 -18.918308
v 31.947060 15.698358 -14.918303
v 31.947060 4.898356 -14.918300
v 35.947060 15.698358 -14.918303
v 35.947060 4.898356 -12.918300
v 33.947060 4.898356 -12.918300
v 33.947060 15.698358 -12.918303
v 31.947060 15.698355 -22.918308
v 29.947060 15.698355 -22.918308
v 29.947060 4.898354 -18.918301
v 29.947060 4.898352 -22.918301
v 29.947060 15.698358 -18.918308
v 33.947060 15.698366 9.081697
v 33.947060 4.898360 7.081697
v 35.947060 15.698366 9.081697
v 33.947060 15.698366 7.081696
v 33.947060 4.898360 9.081700
v 35.947060 4.898360 7.081697
v 19.947060 4.898366 17.081699
v 19.947060 15.698366 17.081692
v 19.947060 15.698366 15.081697
v 21.947060 15.698366 15.081697
v 21.947060 4.898364 15.081700
v 19.947060 4.898364 15.081700
v 21.947060 15.698366 17.081692
v 21.947060 4.898366 17.081699
v 31.947060 15.698366 13.081697
v 31.947060 15.698366 9.081697
v 33.947060 15.698366 13.081697
v 33.947060 4.898364 13.081700
v 31.947060 4.898364 13.081700
v 31.947060 4.898360 9.081700
v -20.052940 15.698355 -20.918308
v -22.052940 15.698355 -20.918308
v -22.052940 4.898354 -20.918301
v -20.052940 4.898354 -20.918301
v -22.052940 4.898352 -22.918301
v -32.052940 15.698358 -18.918308
v -30.052940 15.698355 -22.918308
v -32.052940 15.698355 -22.918308
v -32.052940 4.898352 -22.918301
v -30.052940 4.898352 -22.918301
v -30.052940 4.898354 -18.918301
v -32.052940 4.898354 -18.918301
v -30.052940 15.698358 -18.918308
v -34.052940 4.898356 -14.918300
v -34.052940 15.698358 -18.918308
v -32.052940 15.698358 -14.918303
v -34.052940 15.698358 -14.918303
v -34.052940 4.898354 -18.918301
v -32.052940 4.898356 -14.918300
v -34.052940 15.698358 -12.918303
v -36.052940 15.698358 -14.918303
v -34.052940 4.898356 -12.918300
v -36.052940 4.898356 -12.918300
v -34.052940 15.698366 7.081696
v -36.052940 15.698366 9.081697
v -34.052940 4.898360 7.081697
v -36.052940 15.698366 7.081696
v -34.052940 15.698362 -4.918304
v -36.052940 15.698362 -0.918304
v -36.052940 15.698362 -4.918304
v -34.052940 15.698362 -0.918304
v -34.052940 4.898356 -4.918303
v -34.052940 4.898360 -0.918300
v 11.947060 4.898351 -32.918301
v 15.947060 15.698350 -32.918301
v 11.947060 15.698350 -32.918301
v 11.947060 4.898348 -34.918301
v 15.947060 15.698350 -34.918301
v -12.052940 15.698350 -36.918301
v -10.052940 4.898348 -36.918301
v -10.052940 15.698350 -36.918301
v -10.052940 15.698350 -34.918301
v -12.052940 15.698350 -34.918301
v -10.052940 4.898348 -34.918301
v -16.052940 15.698350 -34.918301
v -12.052940 15.698350 -32.918301
v -12.052940 4.898351 -32.918301
v -20.052940 15.698355 -22.918308
v -20.052940 15.698355 -24.918308
v -18.052940 15.698355 -24.918308
v -18.052940 4.898352 -24.918301
v -20.052940 4.898352 -24.918301
v -18.052940 15.698355 -22.918308
v -18.052940 4.898352 -22.918301
v -20.052940 4.898351 -30.918301
v -16.052940 15.698350 -32.918301
v -20.052940 15.698350 -32.918301
v -16.052940 4.898351 -32.918301
v -16.052940 15.698355 -30.918308
v -16.052940 4.898351 -30.918301
v -20.052940 4.898351 -32.918301
v -20.052940 15.698355 -30.918308
v 1.947060 15.698350 -36.918301
v 1.947060 15.698350 -34.918301
v -2.052940 15.698350 -34.918301
v 1.947060 4.898348 -34.918301
v -2.052940 4.898348 -34.918301
v 11.947060 15.698350 -36.918301
v 11.947060 15.698350 -34.918301
v 9.947060 15.698350 -34.918301
v 9.947060 4.898348 -34.918301
v 11.947060 4.898348 -36.918301
v 17.947060 15.698355 -22.918308
v 19.947060 15.698355 -24.918308
v 17.947060 15.698355 -24.918308
v 19.947060 4.898352 -24.918301
v 17.947060 4.898352 -24.918301
v 19.947060 4.898352 -22.918301
v 17.947060 4.898352 -22.918301
v 15.947060 4.898351 -32.918301
v 15.947060 15.698355 -30.918308
v 19.947060 15.698350 -32.918301
v 15.947060 4.898351 -30.918301
v 19.947060 15.698355 -30.918308
v 19.947060 4.898351 -30.918301
v 17.947060 15.698370 19.081692
v 19.947060 4.898366 19.081699
v 17.947060 15.698366 17.081692
v 17.947060 4.898366 19.081699
v 17.947060 4.898366 17.081699
v 19.947060 15.698370 27.081692
v 15.947060 15.698370 27.081692
v 15.947060 4.898368 27.081699
v 15.947060 4.898368 25.081699
v 19.947060 4.898368 25.081699
v 19.947060 4.898368 27.081699
v 15.947060 15.698370 25.081692
v 11.947060 15.698370 31.081692
v 11.947060 4.898369 31.081699
v 9.947060 15.698370 29.081692
v 9.947060 4.898369 29.081699
v -34.052940 15.698366 13.081697
v -34.052940 15.698366 9.081697
v -32.052940 15.698366 9.081697
v -32.052940 4.898360 9.081700
v -10.052940 15.698370 29.081692
v -12.052940 15.698370 31.081692
v -12.052940 4.898369 31.081699
v -12.052940 15.698370 29.081692
v -10.052940 4.898369 29.081699
v 11.947060 15.698370 27.081692
v 15.947060 15.698370 29.081692
v 11.947060 15.698370 29.081692
v 11.947060 4.898368 27.081699
v 1.947060 4.898369 29.081699
v -2.052940 15.698370 29.081692
v 1.947060 15.698370 31.081692
v 1.947060 4.898369 31.081699
v -2.052940 4.898369 29.081699
v -2.052940 4.898369 31.081699
v 1.947060 15.698370 29.081692
v -12.052940 4.898368 27.081699
v -16.052940 15.698370 29.081692
v -16.052940 15.698370 27.081692
v -12.052940 15.698370 27.081692
v -16.052940 4.898368 25.081699
v -20.052940 15.698370 27.081692
v -20.052940 4.898368 27.081699
v -20.052940 15.698370 25.081692
v -16.052940 15.698370 25.081692
v -20.052940 4.898368 25.081699
v -18.052940 15.698370 19.081692
v -18.052940 4.898366 19.081699
v -18.052940 15.698366 17.081692
v -18.052940 4.898366 17.081699
v -20.052940 15.698366 17.081692
v -20.052940 4.898364 15.081700
v -22.052940 15.698366 15.081697
v -22.052940 15.698366 17.081692
v -22.052940 4.898364 15.081700
v -20.052940 4.898366 17.081699
v -20.052940 15.698366 15.081697
v -30.052940 15.698366 17.081692
v -32.052940 15.698366 17.081692
v -32.052940 15.698366 13.081697
v -30.052940 4.898364 13.081700
v -30.052940 15.698366 13.081697
v -30.052940 4.898366 17.081699
v 24.947060 15.698358 -13.918303
v 24.947060 16.898354 -19.918308
v 24.947060 16.498352 -14.918303
v 23.947060 16.498352 -14.918303
v 23.947060 16.498352 -18.918308
v 24.947060 16.498352 -18.918308
v 23.947060 16.898354 -14.918303
v 24.947060 16.898354 -13.918303
v 24.947060 16.898354 -14.918303
v 24.947060 15.698366 8.081697
v 24.947060 16.898361 9.081697
v 24.947060 16.498360 9.081697
v 24.947060 16.498367 13.081697
v 23.947060 16.498367 13.081697
v 23.947060 16.898369 13.081697
v 23.947060 16.498360 9.081697
v -25.052940 15.698358 -13.918303
v -25.052940 16.498352 -18.918308
v -24.052940 16.898354 -18.918308
v -24.052940 16.498352 -14.918303
v -24.052940 16.498352 -18.918308
v -25.052940 16.498352 -14.918303
v -25.052940 16.898369 13.081697
v -24.052940 16.898369 13.081697
v -25.052940 15.698366 14.081697
v -25.052940 16.898361 9.081697
v -25.052940 16.498360 9.081697
v -24.052940 16.498360 9.081697
v -24.052940 16.498367 13.081697
v -25.052940 16.498367 13.081697
v -20.052940 3.698355 -24.918301
v -20.052940 -97.101639 -24.918270
v -16.052940 -97.101639 -24.918270
v -16.052940 3.698355 -22.918301
v -16.052940 -97.101639 -22.918270
v -20.052940 -97.101639 -22.918270
v 23.947060 -97.101639 -18.918270
v 21.947060 3.698358 -14.918300
v 23.947060 3.698357 -18.918301
v 21.947060 3.698357 -18.918301
v 21.947060 -97.101639 -18.918270
v 21.947060 -97.101639 -14.918269
v 19.947060 -97.101639 19.081730
v 15.947060 3.698367 19.081699
v 15.947060 -97.101639 19.081730
v 15.947060 -97.101639 17.081730
v 15.947060 3.698367 17.081699
v 19.947060 3.698367 19.081699
v 19.947060 -97.101639 17.081730
v 21.947060 3.698367 17.081699
v 21.947060 -97.101639 17.081730
v 19.947060 -97.101639 13.081731
v -16.052940 3.698367 17.081699
v -16.052940 3.698367 19.081699
v -20.052940 3.698367 19.081699
v -20.052940 -97.101639 19.081730
v -16.052940 -97.101639 17.081730
v -12.052940 -97.101639 21.081730
v -16.052940 -97.101639 21.081730
v -16.052940 3.698370 21.081699
v -12.052940 3.698367 19.081699
v -16.052940 -97.101639 19.081730
v -12.052940 -97.101639 19.081730
v 19.947060 3.698355 -24.918301
v 15.947060 3.698355 -24.918301
v 19.947060 -97.101639 -24.918270
v 19.947060 -97.101639 -22.918270
v 15.947060 3.698355 -22.918301
v 15.947060 -97.101639 -22.918270
v 11.947060 -97.101639 -26.918270
v 15.947060 3.698354 -26.918301
v 15.947060 -97.101639 -24.918270
v 11.947060 -97.101639 -24.918270
v 15.947060 -97.101639 -26.918270
v 11.947060 3.698355 -24.918301
v -12.052940 -97.101639 -26.918270
v -12.052940 3.698355 -24.918301
v -12.052940 -97.101639 -24.918270
v -16.052940 3.698355 -24.918301
v -16.052940 3.698354 -26.918301
v -16.052940 -97.101639 -26.918270
v -22.052940 3.698367 17.081699
v -20.052940 -97.101639 17.081730
v -20.052940 -97.101639 13.081731
v -22.052940 -97.101639 17.081730
v 11.947060 -97.101639 -28.918270
v 11.947060 3.698354 -28.918301
v 11.947060 3.698354 -26.918301
v -12.052940 3.698354 -26.918301
v -12.052940 -97.101639 -28.918270
v -12.052940 3.698354 -28.918301
v -24.052940 -97.101639 -18.918270
v -24.052940 3.698357 -18.918301
v -22.052940 3.698358 -14.918300
v -22.052940 -97.101639 -18.918270
v -22.052940 -97.101639 -14.918269
v -24.052940 -97.101639 -14.918269
v -16.052940 -15.501636 21.081707
v -16.052940 -16.701630 21.081707
v -16.052940 -15.501650 -26.918293
v -12.052940 -15.501650 -26.918293
v -16.052940 -16.701645 -26.918293
v -12.052940 -16.701645 -26.918293
v -12.052940 4.898364 13.081700
v -7.052940 4.898364 13.081700
v -12.052940 3.698367 13.081700
v -7.052940 3.698367 13.081700
v -7.052940 4.898366 21.081699
v -7.052940 3.698370 21.081699
v 23.947060 -97.101639 9.081731
v 23.947060 3.698367 13.081700
v 21.947060 3.698367 13.081700
v 23.947060 -97.101639 13.081731
v 21.947060 -97.101639 13.081731
v 21.947060 3.698366 9.081700
v 21.947060 -97.101639 9.081731
v -20.052940 -15.501636 19.081707
v -20.052940 -15.501650 -24.918293
v -20.052940 -16.701630 19.081707
v -16.052940 -16.701630 19.081707
v -20.052940 -16.701645 -24.918293
v -16.052940 -15.501650 -24.918293
v -16.052940 -15.501636 19.081707
v -16.052940 -16.701645 -24.918293
v 19.947060 -15.501650 -22.918293
v 21.947060 -15.501650 -22.918293
v 21.947060 -16.701645 -22.918293
v 21.947060 -15.501638 17.081707
v 21.947060 -16.701630 17.081707
v 19.947060 -15.501638 17.081707
v 19.947060 -16.701630 17.081707
v 19.947060 -16.701645 -22.918293
v -12.052940 -16.701645 -28.918293
v 11.947060 -16.701645 -28.918293
v 11.947060 -15.501650 -28.918293
v 11.947060 -16.701630 13.081704
v -12.052940 -15.501650 -28.918293
v -24.052940 -15.501638 9.081704
v -24.052940 -16.701637 9.081704
v -24.052940 -15.501646 -14.918296
v -26.052940 -15.501638 9.081704
v -26.052940 -15.501646 -14.918296
v -26.052940 -16.701645 -14.918296
v -26.052940 -16.701637 9.081704
v -24.052940 -16.701645 -14.918296
v 25.947060 -15.501646 -14.918296
v 25.947060 -15.501638 9.081704
v 23.947060 -15.501638 9.081704
v 23.947060 -15.501646 -14.918296
v 25.947060 -16.701637 9.081704
v 23.947060 -16.701637 9.081704
v 23.947060 -16.701645 -14.918296
v 25.947060 -16.701645 -14.918296
v -22.052940 -16.701630 13.081704
v -24.052940 -16.701630 13.081704
v -22.052940 -15.501638 13.081704
v -24.052940 -15.501638 13.081704
v -24.052940 -15.501646 -18.918293
v -24.052940 -16.701645 -18.918293
v -22.052940 -16.701645 -18.918293
v -22.052940 -15.501646 -18.918293
v 23.947060 -15.501646 -18.918293
v 21.947060 -15.501638 13.081704
v 23.947060 -15.501638 13.081704
v 23.947060 -16.701645 -18.918293
v 23.947060 -16.701630 13.081704
v 21.947060 -15.501646 -18.918293
v 21.947060 -16.701630 13.081704
v 21.947060 -16.701645 -18.918293
v 6.947060 -16.701630 13.081704
v 11.947060 -15.501636 23.081707
v 6.947060 -15.501636 23.081707
v 11.947060 -15.501638 13.081704
v 11.947060 -16.701630 23.081707
v 11.947060 -16.701645 -26.918293
v 15.947060 -15.501650 -26.918293
v 11.947060 -15.501636 21.081707
v 15.947060 -15.501636 21.081707
v 11.947060 -16.701630 21.081707
v 15.947060 -16.701630 21.081707
v 15.947060 -16.701645 -26.918293
v 11.947060 -15.501650 -26.918293
v -22.052940 -15.501638 17.081707
v -20.052940 -15.501650 -22.918293
v -20.052940 -15.501638 17.081707
v -22.052940 -15.501650 -22.918293
v -22.052940 -16.701645 -22.918293
v -22.052940 -16.701630 17.081707
v -20.052940 -16.701645 -22.918293
v -20.052940 -16.701630 17.081707
v 15.947060 -15.501650 -24.918293
v 15.947060 -15.501636 19.081707
v 19.947060 -15.501650 -24.918293
v 19.947060 -16.701645 -24.918293
v 19.947060 -15.501636 19.081707
v 19.947060 -16.701630 19.081707
v 15.947060 -16.701645 -24.918293
v 15.947060 -16.701630 19.081707
v -12.052940 -16.701630 21.081707
v 6.947060 -16.701630 21.081707
v -12.052940 -16.701630 23.081707
v -12.052940 -15.501636 23.081707
v 6.947060 -16.701630 23.081707
v -22.052940 3.698357 -18.918301
v -20.052940 3.698355 -22.918301
v -22.052940 3.698355 -22.918301
v -22.052940 -97.101639 -22.918270
v -20.052940 3.698357 -18.918301
v -20.052940 -97.101639 -18.918270
v 15.947060 3.698370 21.081699
v 11.947060 3.698367 19.081699
v 11.947060 -97.101639 19.081730
v 15.947060 -97.101639 21.081730
v 25.947060 -97.101639 -14.918269
v 25.947060 3.698366 9.081700
v 23.947060 3.698366 9.081700
v 25.947060 -97.101639 9.081731
v 23.947060 3.698358 -14.918300
v 25.947060 3.698358 -14.918300
v 23.947060 -97.101639 -14.918269
v 19.947060 3.698355 -22.918301
v 21.947060 3.698355 -22.918301
v 19.947060 -97.101639 -18.918270
v 21.947060 -97.101639 -22.918270
v 11.947060 3.698370 23.081699
v -12.052940 3.698370 23.081699
v 11.947060 3.698370 21.081699
v 11.947060 -97.101639 21.081730
v 11.947060 -97.101639 23.081730
v -12.052940 -97.101639 23.081730
v -24.052940 3.698366 9.081700
v -24.052940 3.698367 13.081700
v -22.052940 3.698366 9.081700
v -22.052940 3.698367 13.081700
v -22.052940 -97.101639 9.081731
v -22.052940 -97.101639 13.081731
v -24.052940 -97.101639 13.081731
v -26.052940 3.698366 9.081700
v -26.052940 3.698358 -14.918300
v -26.052940 -97.101639 -14.918269
v -24.052940 3.698358 -14.918300
v -26.052940 -97.101639 9.081731
v -24.052940 -97.101639 9.081731
v -16.052940 -35.901539 19.081707
v -20.052940 -35.901539 -24.918293
v -20.052940 -35.901539 19.081707
v -20.052940 -37.101540 19.081707
v -20.052940 -37.101540 -24.918293
v -16.052940 -35.901539 -24.918293
v -16.052940 -37.101540 -24.918293
v -16.052940 -37.101540 19.081707
v 21.947060 -37.101639 -22.918293
v 21.947060 -35.901638 -22.918293
v 21.947060 -37.101639 17.081707
v 21.947060 -35.901638 17.081707
v 19.947060 -35.901638 17.081707
v 19.947060 -37.101639 17.081707
v 19.947060 -35.901638 -22.918293
v 19.947060 -37.101639 -22.918293
v -12.052940 -37.101555 -28.918293
v -12.052940 -35.901554 -28.918293
v 11.947060 -35.901554 -28.918293
v 11.947060 -37.101555 -28.918293
v 11.947060 -35.901539 13.081712
v 11.947060 -37.101540 13.081712
v -12.052940 -37.101540 13.081712
v -26.052940 -35.901539 9.081712
v -26.052940 -35.901539 -14.918288
v -26.052940 -37.101639 9.081712
v -24.052940 -35.901539 -14.918288
v -26.052940 -37.101639 -14.918288
v -24.052940 -37.101639 -14.918288
v -24.052940 -35.901539 9.081712
v -24.052940 -37.101639 9.081712
v 25.947060 -35.901638 9.081712
v 25.947060 -35.901638 -14.918288
v 23.947060 -35.901638 9.081712
v 23.947060 -35.901638 -14.918288
v 23.947060 -37.101639 -14.918288
v 25.947060 -37.101639 9.081712
v 25.947060 -37.101639 -14.918288
v 23.947060 -37.101639 9.081712
v -22.052940 -37.101540 13.081712
v -24.052940 -37.101540 13.081712
v -24.052940 -35.901539 13.081712
v -24.052940 -37.101540 -18.918293
v -24.052940 -35.901539 -18.918293
v -22.052940 -37.101540 -18.918293
v -22.052940 -35.901539 -18.918293
v -22.052940 -35.901539 13.081712
v 23.947060 -35.901638 -18.918293
v 21.947060 -37.101639 -18.918293
v 23.947060 -37.101639 -18.918293
v 23.947060 -35.901638 13.081712
v 23.947060 -37.101639 13.081712
v 21.947060 -35.901638 13.081712
v 21.947060 -35.901638 -18.918293
v 21.947060 -37.101639 13.081712
v 6.947060 -37.101540 23.081707
v 6.947060 -37.101540 13.081712
v 11.947060 -35.901539 23.081707
v 6.947060 -35.901539 23.081707
v 11.947060 -37.101540 23.081707
v 15.947060 -35.901539 21.081707
v 11.947060 -35.901539 21.081707
v 15.947060 -35.901554 -26.918293
v 11.947060 -37.101555 -26.918293
v 15.947060 -37.101540 21.081707
v 15.947060 -37.101555 -26.918293
v 11.947060 -35.901554 -26.918293
v 11.947060 -37.101540 21.081707
v -22.052940 -35.901539 17.081707
v -22.052940 -37.101540 17.081707
v -22.052940 -35.901539 -22.918293
v -22.052940 -37.101540 -22.918293
v -20.052940 -35.901539 -22.918293
v -20.052940 -37.101540 -22.918293
v -20.052940 -35.901539 17.081707
v -20.052940 -37.101540 17.081707
v 15.947060 -35.901638 -24.918293
v 19.947060 -35.901638 -24.918293
v 15.947060 -37.101639 -24.918293
v 19.947060 -37.101639 -24.918293
v 19.947060 -35.901638 19.081707
v 19.947060 -37.101639 19.081707
v 15.947060 -35.901638 19.081707
v 15.947060 -37.101639 19.081707
v -12.052940 -35.901539 23.081707
v -12.052940 -37.101540 23.081707
v 6.947060 -35.901539 21.081707
v -12.052940 -35.901539 21.081707
v 6.947060 -37.101540 21.081707
v -12.052940 -15.501636 21.081707
v -16.052940 -35.901539 21.081707
v -16.052940 -35.901554 -26.918293
v -16.052940 -37.101540 21.081707
v -16.052940 -37.101555 -26.918293
v -12.052940 -35.901554 -26.918293
v -12.052940 -37.101555 -26.918293
v -16.052940 -56.301540 19.081715
v -20.052940 -56.301540 19.081715
v -20.052940 -57.501537 19.081715
v -20.052940 -56.301540 -24.918285
v -20.052940 -57.501537 -24.918285
v -16.052940 -57.501537 -24.918285
v -16.052940 -57.501537 19.081715
v -16.052940 -56.301540 -24.918285
v 19.947060 -56.301640 -22.918285
v 21.947060 -56.301640 -22.918285
v 21.947060 -56.301640 17.081715
v 21.947060 -57.501640 17.081715
v 19.947060 -56.301640 17.081715
v 19.947060 -57.501640 17.081715
v 19.947060 -57.501640 -22.918285
v 21.947060 -57.501640 -22.918285
v 11.947060 -56.301556 -28.918285
v 11.947060 -56.301540 13.081716
v -12.052940 -56.301556 -28.918285
v 11.947060 -57.501553 -28.918285
v 11.947060 -57.501537 13.081719
v -12.052940 -57.501553 -28.918285
v -24.052940 -56.301540 9.081716
v -24.052940 -57.501537 9.081719
v -26.052940 -56.301540 9.081716
v -24.052940 -56.301540 -14.918284
v -26.052940 -56.301540 -14.918284
v -26.052940 -57.501537 9.081719
v -26.052940 -57.501537 -14.918281
v -24.052940 -57.501537 -14.918281
v 23.947060 -57.501640 -14.918281
v 25.947060 -57.501640 -14.918281
v 25.947060 -56.301640 9.081716
v 25.947060 -56.301640 -14.918284
v 23.947060 -56.301640 9.081716
v 25.947060 -57.501640 9.081719
v 23.947060 -56.301640 -14.918284
v 23.947060 -57.501640 9.081719
v -22.052940 -56.301540 13.081716
v -24.052940 -57.501537 13.081719
v -24.052940 -56.301540 13.081716
v -24.052940 -57.501537 -18.918285
v -24.052940 -56.301540 -18.918285
v -22.052940 -56.301540 -18.918285
v -22.052940 -57.501537 -18.918285
v -22.052940 -57.501537 13.081719
v 23.947060 -56.301640 -18.918285
v 21.947060 -56.301640 13.081716
v 21.947060 -56.301640 -18.918285
v 23.947060 -56.301640 13.081716
v 23.947060 -57.501640 13.081719
v 21.947060 -57.501640 13.081719
v 23.947060 -57.501640 -18.918285
v 21.947060 -57.501640 -18.918285
v 6.947060 -57.501537 13.081719
v 11.947060 -56.301540 23.081715
v 6.947060 -57.501537 23.081715
v 11.947060 -57.501537 23.081715
v 15.947060 -57.501553 -26.918285
v 15.947060 -56.301540 21.081715
v 15.947060 -56.301556 -26.918285
v 11.947060 -56.301540 21.081715
v 11.947060 -57.501537 21.081715
v 15.947060 -57.501537 21.081715
v 11.947060 -56.301556 -26.918285
v 11.947060 -57.501553 -26.918285
v -20.052940 -56.301540 17.081715
v -22.052940 -56.301540 -22.918285
v -22.052940 -56.301540 17.081715
v -22.052940 -57.501537 17.081715
v -20.052940 -56.301540 -22.918285
v -22.052940 -57.501537 -22.918285
v -20.052940 -57.501537 -22.918285
v -20.052940 -57.501537 17.081715
v 19.947060 -56.301640 19.081715
v 15.947060 -56.301640 19.081715
v 19.947060 -56.301640 -24.918285
v 19.947060 -57.501640 19.081715
v 15.947060 -57.501640 19.081715
v 19.947060 -57.501640 -24.918285
v 15.947060 -56.301640 -24.918285
v 15.947060 -57.501640 -24.918285
v -12.052940 -56.301540 21.081715
v 6.947060 -56.301540 23.081715
v 6.947060 -57.501537 21.081715
v -12.052940 -56.301540 23.081715
v -12.052940 -57.501537 23.081715
v 6.947060 -56.301540 21.081715
v 6.947060 -56.301540 13.081716
v -16.052940 -56.301540 21.081715
v -16.052940 -57.501553 -26.918285
v -16.052940 -56.301556 -26.918285
v -12.052940 -56.301556 -26.918285
v -16.052940 -57.501537 21.081715
v -12.052940 -57.501553 -26.918285
v -16.052940 -76.701637 19.081722
v -20.052940 -76.701637 19.081722
v -20.052940 -77.901642 19.081722
v -20.052940 -77.901642 -24.918278
v -20.052940 -76.701637 -24.918278
v -16.052940 -77.901642 -24.918278
v -16.052940 -77.901642 19.081722
v -16.052940 -76.701637 -24.918278
v 21.947060 -76.701637 17.081722
v 21.947060 -76.701637 -22.918278
v 19.947060 -76.701637 17.081722
v 19.947060 -76.701637 -22.918278
v 19.947060 -77.901642 17.081722
v 19.947060 -77.901642 -22.918278
v 21.947060 -77.901642 17.081722
v 21.947060 -77.901642 -22.918278
v 11.947060 -76.701637 -28.918278
v -12.052940 -76.701637 13.081722
v -12.052940 -76.701637 -28.918278
v 11.947060 -77.901642 -28.918278
v 11.947060 -77.901642 13.081722
v -12.052940 -77.901642 13.081722
v -12.052940 -77.901642 -28.918278
v -26.052940 -77.901642 9.081722
v -24.052940 -76.701637 -14.918278
v -26.052940 -76.701637 9.081722
v -26.052940 -76.701637 -14.918278
v -26.052940 -77.901642 -14.918278
v -24.052940 -77.901642 -14.918278
v -24.052940 -76.701637 9.081722
v -24.052940 -77.901642 9.081722
v 23.947060 -76.701637 9.081722
v 23.947060 -76.701637 -14.918278
v 25.947060 -76.701637 -14.918278
v 25.947060 -76.701637 9.081722
v 25.947060 -77.901642 -14.918278
v 25.947060 -77.901642 9.081722
v 23.947060 -77.901642 9.081722
v 23.947060 -77.901642 -14.918278
v -22.052940 -76.701637 13.081722
v -24.052940 -76.701637 13.081722
v -24.052940 -76.701637 -18.918278
v -22.052940 -76.701637 -18.918278
v -24.052940 -77.901642 13.081722
v -24.052940 -77.901642 -18.918278
v -22.052940 -77.901642 -18.918278
v -22.052940 -77.901642 13.081722
v 23.947060 -76.701637 13.081722
v 23.947060 -76.701637 -18.918278
v 23.947060 -77.901642 13.081722
v 23.947060 -77.901642 -18.918278
v 21.947060 -76.701637 13.081722
v 21.947060 -76.701637 -18.918278
v 21.947060 -77.901642 13.081722
v 21.947060 -77.901642 -18.918278
v 6.947060 -77.901642 23.081722
v 11.947060 -76.701637 13.081722
v 11.947060 -76.701637 23.081722
v 6.947060 -77.901642 13.081722
v 11.947060 -77.901642 23.081722
v 15.947060 -77.901642 -26.918278
v 11.947060 -76.701637 21.081722
v 15.947060 -76.701637 -26.918278
v 15.947060 -76.701637 21.081722
v 15.947060 -77.901642 21.081722
v 11.947060 -77.901642 -26.918278
v 11.947060 -76.701637 -26.918278
v 11.947060 -77.901642 21.081722
v -20.052940 -76.701637 17.081722
v -22.052940 -76.701637 17.081722
v -20.052940 -76.701637 -22.918278
v -22.052940 -76.701637 -22.918278
v -22.052940 -77.901642 17.081722
v -20.052940 -77.901642 -22.918278
v -20.052940 -77.901642 17.081722
v -22.052940 -77.901642 -22.918278
v 19.947060 -76.701637 -24.918278
v 19.947060 -77.901642 -24.918278
v 15.947060 -76.701637 19.081722
v 19.947060 -76.701637 19.081722
v 15.947060 -77.901642 -24.918278
v 19.947060 -77.901642 19.081722
v 15.947060 -76.701637 -24.918278
v 15.947060 -77.901642 19.081722
v -12.052940 -76.701637 23.081722
v 6.947060 -76.701637 23.081722
v -12.052940 -77.901642 23.081722
v 6.947060 -77.901642 21.081722
v -16.052940 -76.701637 21.081722
v -16.052940 -77.901642 21.081722
v -16.052940 -76.701637 -26.918278
v -16.052940 -77.901642 -26.918278
v -12.052940 -77.901642 -26.918278
v -12.052940 -76.701637 -26.918278
v 15.947060 27.698364 -5.918308
v -25.052940 16.898369 14.081697
v 16.947060 16.898361 -4.918305
v 15.947060 16.898361 -4.918305
v 15.947060 16.898361 -5.918305
v 16.947060 16.898361 -5.918305
v 16.947060 17.698364 -4.918305
v 15.947060 17.698364 -0.918304
v 15.947060 17.698364 -4.918305
v 16.947060 17.698364 -0.918304
v 16.947060 16.898361 0.081696
v 15.947060 16.898361 0.081696
v 15.947060 16.898361 -0.918304
v 16.947060 16.898361 -0.918304
v 16.947060 19.298363 -4.918305
v 16.947060 18.098358 -4.918305
v 15.947060 18.098358 -4.918305
v 15.947060 18.098358 -5.918305
v 16.947060 18.098358 -5.918305
v 15.947060 19.298363 -5.918305
v 16.947060 19.298363 -0.918305
v 16.947060 18.898361 -4.918305
v 16.947060 18.898361 -0.918305
v 15.947060 19.298363 -0.918305
v 15.947060 18.898361 -0.918305
v 15.947060 18.898361 -4.918305
v 15.947060 19.298363 0.081695
v 15.947060 18.098358 -0.918304
v 15.947060 18.098358 0.081696
v 16.947060 18.098358 0.081696
v 16.947060 18.098358 -0.918304
v 15.947060 20.498360 -4.918305
v 15.947060 19.298363 -4.918305
v 15.947060 20.498360 -5.918305
v 16.947060 19.298363 -5.918305
v 16.947060 20.498360 -5.918305
v 16.947060 20.498360 -4.918305
v 16.947060 20.098358 -4.918305
v 15.947060 20.098358 -4.918305
v 15.947060 20.098358 -0.918306
v 16.947060 20.098358 -0.918306
v 15.947060 20.498360 0.081692
v 15.947060 20.498360 -0.918308
v 16.947060 19.298363 0.081695
v 16.947060 20.498360 -0.918308
v 16.947060 21.698364 -4.918305
v 15.947060 21.698364 -5.918305
v 16.947060 21.698364 -5.918305
v 15.947060 21.698364 -4.918305
v 16.947060 21.298363 -0.918308
v 15.947060 21.298363 -0.918308
v 15.947060 21.298363 -4.918305
v 16.947060 21.298363 -4.918305
v 15.947060 21.698364 -0.918308
v 16.947060 21.698364 0.081692
v 15.947060 21.698364 0.081692
v 16.947060 20.498360 0.081692
v 16.947060 21.698364 -0.918308
v 16.947060 22.898361 -5.918308
v 16.947060 22.498360 -4.918308
v 16.947060 22.498360 -0.918308
v 15.947060 22.498360 -4.918308
v 15.947060 22.498360 -0.918308
v 16.947060 22.898361 0.081692
v 16.947060 22.898361 -4.918308
v 15.947060 24.098358 -5.918308
v 15.947060 22.898361 -5.918308
v 15.947060 22.898361 -4.918308
v 16.947060 23.698364 -4.918308
v 16.947060 23.698364 -0.918308
v 15.947060 24.098358 -4.918308
v 15.947060 23.698364 -0.918308
v 15.947060 23.698364 -4.918308
v 16.947060 24.098358 -0.918308
v 16.947060 24.098358 0.081692
v 15.947060 24.098358 0.081692
v 15.947060 22.898361 0.081692
v 15.947060 22.898361 -0.918308
v 16.947060 22.898361 -0.918308
v 16.947060 24.098358 -5.918308
v 16.947060 24.098358 -4.918308
v 16.947060 24.898361 -4.918308
v 16.947060 24.898361 -0.918308
v 15.947060 24.898361 -0.918308
v 15.947060 25.298363 -0.918308
v 15.947060 24.898361 -4.918308
v 16.947060 25.298363 0.081692
v 15.947060 24.098358 -0.918308
v 15.947060 26.498360 -4.918308
v 16.947060 25.298363 -4.918308
v 15.947060 25.298363 -5.918308
v 16.947060 25.298363 -5.918308
v 15.947060 25.298363 -4.918308
v 16.947060 26.498360 -5.918308
v 16.947060 26.098358 -4.918308
v 16.947060 26.498360 -4.918308
v 15.947060 26.098358 -0.918308
v 16.947060 26.098358 -0.918308
v 15.947060 26.098358 -4.918308
v 16.947060 26.498360 0.081692
v 16.947060 25.298363 -0.918308
v 15.947060 25.298363 0.081692
v 15.947060 26.498360 -5.918308
v 16.947060 27.298363 -0.918308
v 15.947060 27.298363 -0.918308
v 15.947060 27.298363 -4.918308
v 16.947060 27.298363 -4.918308
v 16.947060 27.698364 -0.918308
v 15.947060 27.698364 -0.918308
v 15.947060 26.498360 0.081692
v 16.947060 26.498360 -0.918308
v 15.947060 26.498360 -0.918308
v 16.947060 28.898361 -5.918309
v 16.947060 28.898361 -4.918309
v 15.947060 28.898361 -4.918309
v 16.947060 27.698364 -5.918308
v 15.947060 27.698364 -4.918308
v 16.947060 27.698364 -4.918308
v 16.947060 28.898361 -0.918308
v 16.947060 27.698364 0.081692
v 15.947060 28.898361 0.081692
v 15.947060 28.898361 -0.918308
v 16.947060 28.898361 0.081692
v -17.052940 18.098358 0.081696
v -16.052940 16.898361 -0.918304
v -16.052940 16.898361 0.081696
v -17.052940 16.898361 -0.918304
v -17.052940 16.898361 0.081696
v -17.052940 18.098358 -4.918305
v -16.052940 18.098358 -0.918304
v -17.052940 17.698364 -0.918304
v -16.052940 17.698364 -4.918305
v -17.052940 17.698364 -4.918305
v -16.052940 17.698364 -0.918304
v -17.052940 16.898361 -4.918305
v -17.052940 18.098358 -5.918305
v -16.052940 16.898361 -4.918305
v -16.052940 16.898361 -5.918305
v -17.052940 16.898361 -5.918305
v -17.052940 19.298363 -0.918305
v -16.052940 18.098358 0.081696
v -17.052940 18.098358 -0.918304
v -16.052940 19.298363 0.081695
v -17.052940 18.898361 -0.918305
v -17.052940 18.898361 -4.918305
v -16.052940 19.298363 -4.918305
v -16.052940 18.898361 -0.918305
v -16.052940 18.898361 -4.918305
v -16.052940 19.298363 -5.918305
v -17.052940 19.298363 -4.918305
v -16.052940 18.098358 -4.918305
v -16.052940 18.098358 -5.918305
v -16.052940 20.498360 0.081692
v -16.052940 19.298363 -0.918305
v -17.052940 19.298363 0.081695
v -17.052940 20.098358 -0.918306
v -16.052940 20.098358 -4.918305
v -16.052940 20.498360 -0.918308
v -17.052940 20.098358 -4.918305
v -16.052940 20.098358 -0.918306
v -17.052940 20.498360 -5.918305
v -16.052940 20.498360 -5.918305
v -17.052940 20.498360 -4.918305
v -17.052940 19.298363 -5.918305
v -17.052940 21.698364 -0.918308
v -17.052940 20.498360 0.081692
v -16.052940 21.698364 -0.918308
v -17.052940 20.498360 -0.918308
v -16.052940 21.698364 0.081692
v -17.052940 21.298363 -0.918308
v -16.052940 21.298363 -4.918305
v -17.052940 21.298363 -4.918305
v -16.052940 21.298363 -0.918308
v -16.052940 21.698364 -4.918305
v -16.052940 20.498360 -4.918305
v -17.052940 21.698364 -4.918305
v -17.052940 22.898361 0.081692
v -17.052940 21.698364 0.081692
v -17.052940 22.498360 -4.918308
v -16.052940 22.898361 -4.918308
v -17.052940 22.898361 -4.918308
v -16.052940 22.898361 -0.918308
v -17.052940 22.498360 -0.918308
v -16.052940 22.498360 -4.918308
v -16.052940 22.498360 -0.918308
v -17.052940 21.698364 -5.918305
v -16.052940 22.898361 -5.918308
v -17.052940 22.898361 -5.918308
v -16.052940 21.698364 -5.918305
v -17.052940 24.098358 -0.918308
v -16.052940 24.098358 0.081692
v -16.052940 22.898361 0.081692
v -17.052940 22.898361 -0.918308
v -16.052940 23.698364 -0.918308
v -17.052940 23.698364 -0.918308
v -16.052940 23.698364 -4.918308
v -17.052940 23.698364 -4.918308
v -17.052940 24.098358 -5.918308
v -16.052940 24.098358 -4.918308
v -17.052940 24.098358 0.081692
v -16.052940 24.098358 -0.918308
v -17.052940 24.898361 -4.918308
v -16.052940 25.298363 -4.918308
v -16.052940 24.898361 -4.918308
v -17.052940 24.898361 -0.918308
v -16.052940 24.898361 -0.918308
v -17.052940 25.298363 -4.918308
v -17.052940 24.098358 -4.918308
v -17.052940 25.298363 -5.918308
v -16.052940 24.098358 -5.918308
v -17.052940 25.298363 -0.918308
v -16.052940 26.498360 0.081692
v -17.052940 26.498360 0.081692
v -16.052940 25.298363 0.081692
v -17.052940 25.298363 0.081692
v -16.052940 25.298363 -0.918308
v -17.052940 26.098358 -0.918308
v -17.052940 26.098358 -4.918308
v -17.052940 26.498360 -4.918308
v -16.052940 26.098358 -4.918308
v -16.052940 26.098358 -0.918308
v -17.052940 26.498360 -5.918308
v -16.052940 25.298363 -5.918308
v -16.052940 26.498360 -4.918308
v -17.052940 26.498360 -0.918308
v -16.052940 26.498360 -0.918308
v -17.052940 27.298363 -0.918308
v -16.052940 27.698364 -4.918308
v -16.052940 27.698364 -0.918308
v -17.052940 27.298363 -4.918308
v -16.052940 27.298363 -0.918308
v -16.052940 27.298363 -4.918308
v -17.052940 27.698364 -5.918308
v -17.052940 27.698364 -4.918308
v -16.052940 27.698364 -5.918308
v -16.052940 26.498360 -5.918308
v -17.052940 27.698364 0.081692
v -17.052940 27.698364 -0.918308
v -17.052940 28.898361 0.081692
v -16.052940 28.898361 -0.918308
v -16.052940 28.898361 0.081692
v -16.052940 27.698364 0.081692
v -17.052940 28.898361 -5.918309
v 24.947060 4.898354 -19.918301
v 24.947060 4.898354 -18.918301
v 23.947060 6.098350 -18.918301
v 23.947060 4.898354 -18.918301
v 23.947060 4.898354 -19.918301
v 24.947060 5.698359 -14.918300
v 23.947060 6.098353 -14.918300
v 23.947060 5.698359 -14.918300
v 23.947060 5.698357 -18.918301
v 24.947060 5.698357 -18.918301
v 24.947060 6.098350 -18.918301
v 24.947060 4.898356 -13.918300
v 23.947060 6.098353 -13.918300
v 23.947060 4.898356 -14.918300
v 23.947060 4.898356 -13.918300
v 24.947060 4.898356 -14.918300
v 24.947060 7.298356 -18.918301
v 23.947060 7.298356 -19.918301
v 23.947060 6.098350 -19.918301
v 24.947060 6.098350 -19.918301
v 24.947060 6.898354 -18.918301
v 24.947060 6.898356 -14.918303
v 23.947060 6.898356 -14.918303
v 23.947060 6.898354 -18.918301
v 24.947060 6.098353 -13.918300
v 23.947060 7.298357 -13.918303
v 24.947060 7.298357 -14.918303
v 24.947060 6.098353 -14.918300
v 23.947060 7.298356 -18.918301
v 24.947060 7.298356 -19.918301
v 24.947060 8.098352 -18.918301
v 24.947060 8.098352 -14.918303
v 23.947060 8.498354 -14.918303
v 23.947060 8.498354 -18.918301
v 23.947060 8.098352 -14.918303
v 23.947060 8.098352 -18.918301
v 24.947060 8.498354 -14.918303
v 23.947060 7.298357 -14.918303
v 24.947060 7.298357 -13.918303
v 23.947060 9.698358 -18.918301
v 24.947060 8.498350 -19.918301
v 24.947060 8.498354 -18.918301
v 23.947060 8.498350 -19.918301
v 24.947060 9.698358 -14.918303
v 23.947060 9.298357 -14.918303
v 23.947060 9.298357 -18.918301
v 24.947060 9.298357 -18.918301
v 24.947060 9.298357 -14.918303
v 23.947060 9.698358 -13.918303
v 24.947060 8.498354 -13.918303
v 23.947060 8.498354 -13.918303
v 24.947060 10.898351 -19.918301
v 23.947060 9.698355 -19.918301
v 24.947060 9.698355 -19.918301
v 24.947060 9.698358 -18.918301
v 24.947060 10.498354 -18.918301
v 24.947060 10.898355 -18.918301
v 24.947060 10.898355 -14.918303
v 23.947060 10.898355 -14.918303
v 23.947060 10.498354 -14.918303
v 23.947060 10.498354 -18.918301
v 24.947060 10.498354 -14.918303
v 24.947060 9.698358 -13.918303
v 23.947060 9.698358 -14.918303
v 23.947060 10.898355 -18.918301
v 23.947060 10.898351 -19.918301
v 24.947060 12.098352 -18.918301
v 23.947060 11.698358 -14.918303
v 23.947060 12.098352 -18.918301
v 23.947060 11.698358 -18.918301
v 24.947060 11.698358 -14.918303
v 24.947060 11.698358 -18.918301
v 24.947060 10.898355 -13.918303
v 23.947060 12.098352 -13.918303
v 23.947060 12.098352 -14.918303
v 23.947060 10.898355 -13.918303
v 23.947060 13.298353 -19.918308
v 23.947060 13.298357 -18.918308
v 23.947060 12.098349 -19.918301
v 24.947060 12.098349 -19.918301
v 24.947060 12.898355 -18.918308
v 24.947060 12.898355 -14.918303
v 23.947060 12.898355 -14.918303
v 23.947060 12.898355 -18.918308
v 24.947060 13.298357 -13.918303
v 24.947060 12.098352 -13.918303
v 24.947060 13.298357 -14.918303
v 23.947060 13.298357 -13.918303
v 23.947060 13.298357 -14.918303
v 24.947060 12.098352 -14.918303
v 24.947060 14.498350 -19.918308
v 24.947060 13.298353 -19.918308
v 24.947060 13.298357 -18.918308
v 24.947060 14.498354 -18.918308
v 23.947060 14.498350 -19.918308
v 24.947060 14.098352 -14.918303
v 23.947060 14.098352 -14.918303
v 23.947060 14.498354 -18.918308
v 23.947060 14.098352 -18.918308
v 24.947060 14.098352 -18.918308
v 24.947060 14.498354 -14.918303
v 23.947060 14.498354 -13.918303
v 24.947060 14.498354 -13.918303
v 23.947060 14.498354 -14.918303
v 23.947060 15.698358 -18.918308
v 24.947060 15.698355 -19.918308
v 24.947060 15.698358 -14.918303
v 23.947060 15.298357 -14.918303
v 24.947060 15.298357 -14.918303
v 23.947060 15.298357 -18.918308
v 24.947060 15.298357 -18.918308
v 23.947060 15.698358 -14.918303
v 23.947060 16.898354 -19.918308
v 24.947060 15.698358 -18.918308
v 23.947060 15.698355 -19.918308
v 24.947060 16.898354 -18.918308
v 23.947060 16.898354 -18.918308
v 23.947060 16.898354 -13.918303
v 23.947060 15.698358 -13.918303
v 24.947060 4.898360 9.081700
v 23.947060 6.098360 9.081700
v 23.947060 4.898360 8.081700
v 24.947060 4.898360 8.081700
v 23.947060 4.898360 9.081700
v 24.947060 6.098360 9.081700
v 24.947060 5.698367 13.081700
v 23.947060 5.698367 13.081700
v 23.947060 5.698363 9.081700
v 24.947060 5.698363 9.081700
v 24.947060 6.098361 14.081700
v 24.947060 4.898364 14.081700
v 23.947060 4.898364 14.081700
v 23.947060 4.898364 13.081700
v 24.947060 4.898364 13.081700
v 24.947060 6.098361 13.081700
v 23.947060 6.098360 8.081700
v 24.947060 6.098360 8.081700
v 23.947060 6.898364 13.081697
v 24.947060 6.898360 9.081697
v 24.947060 6.898364 13.081697
v 23.947060 6.898360 9.081697
v 23.947060 6.098361 14.081700
v 23.947060 7.298365 13.081697
v 23.947060 6.098361 13.081700
v 24.947060 8.498362 9.081697
v 23.947060 8.498362 8.081697
v 24.947060 8.498362 8.081697
v 23.947060 7.298362 9.081697
v 23.947060 7.298362 8.081697
v 24.947060 7.298362 8.081697
v 24.947060 7.298362 9.081697
v 24.947060 8.498362 13.081697
v 24.947060 8.098360 13.081697
v 23.947060 8.498362 13.081697
v 23.947060 8.498362 9.081697
v 23.947060 8.098360 13.081697
v 23.947060 8.098360 9.081697
v 24.947060 8.098360 9.081697
v 23.947060 7.298365 14.081697
v 23.947060 8.498362 14.081697
v 24.947060 7.298365 14.081697
v 24.947060 7.298365 13.081697
v 24.947060 9.698366 8.081697
v 24.947060 9.298365 9.081697
v 23.947060 9.698366 9.081697
v 24.947060 9.698366 9.081697
v 23.947060 9.298365 13.081697
v 23.947060 9.698366 13.081697
v 23.947060 9.298365 9.081697
v 24.947060 9.298365 13.081697
v 24.947060 8.498362 14.081697
v 24.947060 9.698366 13.081697
v 24.947060 9.698366 14.081697
v 24.947060 10.898363 8.081697
v 23.947060 9.698366 8.081697
v 23.947060 10.898363 8.081697
v 24.947060 10.898363 9.081697
v 23.947060 10.898363 13.081697
v 23.947060 10.898363 9.081697
v 24.947060 10.498362 13.081697
v 23.947060 10.498362 9.081697
v 23.947060 10.498362 13.081697
v 24.947060 10.498362 9.081697
v 23.947060 9.698366 14.081697
v 24.947060 12.098360 8.081697
v 24.947060 11.698366 9.081697
v 23.947060 12.098360 9.081697
v 24.947060 12.098360 9.081697
v 23.947060 11.698366 13.081697
v 24.947060 11.698366 13.081697
v 23.947060 11.698366 9.081697
v 24.947060 12.098360 13.081697
v 23.947060 12.098360 13.081697
v 23.947060 12.098360 14.081697
v 23.947060 10.898363 14.081697
v 24.947060 10.898363 13.081697
v 24.947060 10.898363 14.081697
v 24.947060 13.298365 9.081697
v 23.947060 12.098360 8.081697
v 23.947060 13.298365 8.081697
v 24.947060 13.298365 8.081697
v 24.947060 12.898363 13.081697
v 23.947060 13.298365 9.081697
v 23.947060 12.898363 13.081697
v 23.947060 12.898363 9.081697
v 24.947060 12.898363 9.081697
v 24.947060 13.298365 13.081697
v 24.947060 12.098360 14.081697
v 23.947060 14.498362 9.081697
v 23.947060 14.098360 13.081697
v 23.947060 14.098360 9.081697
v 24.947060 14.098360 9.081697
v 24.947060 14.098360 13.081697
v 24.947060 14.498362 9.081697
v 23.947060 13.298365 13.081697
v 23.947060 13.298365 14.081697
v 24.947060 13.298365 14.081697
v 23.947060 14.498362 13.081697
v 24.947060 14.498362 8.081697
v 23.947060 15.698366 8.081697
v 23.947060 14.498362 8.081697
v 24.947060 15.298365 9.081697
v 23.947060 15.698366 13.081697
v 24.947060 15.298365 13.081697
v 23.947060 15.298365 13.081697
v 23.947060 15.298365 9.081697
v 24.947060 14.498362 13.081697
v 24.947060 14.498362 14.081697
v 24.947060 15.698366 13.081697
v 23.947060 14.498362 14.081697
v 24.947060 16.898361 8.081697
v 24.947060 15.698366 9.081697
v 23.947060 16.898361 8.081697
v 23.947060 15.698366 9.081697
v 23.947060 16.898361 9.081697
v 24.947060 16.898369 13.081697
v 23.947060 15.698366 14.081697
v 23.947060 16.898369 14.081697
v -25.052940 4.898356 -14.918300
v -24.052940 6.098353 -13.918300
v -25.052940 6.098353 -14.918300
v -24.052940 4.898356 -14.918300
v -24.052940 4.898356 -13.918300
v -25.052940 4.898356 -13.918300
v -25.052940 6.098350 -18.918301
v -24.052940 6.098353 -14.918300
v -24.052940 5.698359 -14.918300
v -25.052940 5.698359 -14.918300
v -24.052940 5.698357 -18.918301
v -25.052940 5.698357 -18.918301
v -25.052940 4.898354 -19.918301
v -24.052940 6.098350 -19.918301
v -25.052940 4.898354 -18.918301
v -24.052940 4.898354 -19.918301
v -24.052940 4.898354 -18.918301
v -25.052940 7.298357 -14.918303
v -24.052940 7.298357 -13.918303
v -25.052940 6.098353 -13.918300
v -25.052940 7.298356 -18.918301
v -25.052940 6.898356 -14.918303
v -25.052940 6.898354 -18.918301
v -24.052940 6.898354 -18.918301
v -24.052940 6.898356 -14.918303
v -24.052940 7.298356 -18.918301
v -24.052940 7.298356 -19.918301
v -25.052940 6.098350 -19.918301
v -24.052940 6.098350 -18.918301
v -25.052940 8.498354 -13.918303
v -25.052940 8.498354 -14.918303
v -24.052940 8.498354 -14.918303
v -24.052940 7.298357 -14.918303
v -24.052940 8.498354 -13.918303
v -25.052940 7.298357 -13.918303
v -25.052940 8.098352 -14.918303
v -25.052940 8.498354 -18.918301
v -24.052940 8.098352 -18.918301
v -24.052940 8.098352 -14.918303
v -25.052940 8.098352 -18.918301
v -25.052940 8.498350 -19.918301
v -25.052940 7.298356 -19.918301
v -24.052940 8.498350 -19.918301
v -24.052940 8.498354 -18.918301
v -24.052940 9.698358 -14.918303
v -25.052940 9.698358 -14.918303
v -25.052940 9.298357 -18.918301
v -24.052940 9.298357 -18.918301
v -24.052940 9.298357 -14.918303
v -25.052940 9.298357 -14.918303
v -25.052940 9.698358 -18.918301
v -25.052940 9.698355 -19.918301
v -25.052940 9.698358 -13.918303
v -24.052940 10.898355 -14.918303
v -24.052940 9.698358 -13.918303
v -24.052940 10.498354 -18.918301
v -24.052940 10.498354 -14.918303
v -25.052940 10.498354 -18.918301
v -25.052940 10.498354 -14.918303
v -24.052940 9.698355 -19.918301
v -24.052940 10.898355 -18.918301
v -24.052940 9.698358 -18.918301
v -25.052940 10.898355 -14.918303
v -24.052940 12.098352 -14.918303
v -25.052940 12.098352 -14.918303
v -24.052940 10.898355 -13.918303
v -25.052940 10.898355 -13.918303
v -24.052940 12.098352 -13.918303
v -25.052940 11.698358 -18.918301
v -24.052940 11.698358 -18.918301
v -25.052940 11.698358 -14.918303
v -24.052940 11.698358 -14.918303
v -25.052940 12.098349 -19.918301
v -25.052940 10.898351 -19.918301
v -24.052940 10.898351 -19.918301
v -25.052940 10.898355 -18.918301
v -25.052940 12.098352 -13.918303
v -25.052940 13.298357 -13.918303
v -25.052940 12.898355 -14.918303
v -25.052940 12.898355 -18.918308
v -24.052940 13.298357 -18.918308
v -24.052940 12.898355 -18.918308
v -24.052940 12.898355 -14.918303
v -24.052940 13.298353 -19.918308
v -24.052940 12.098352 -18.918301
v -25.052940 12.098352 -18.918301
v -24.052940 12.098349 -19.918301
v -25.052940 13.298357 -18.918308
v -24.052940 14.498354 -13.918303
v -24.052940 13.298357 -14.918303
v -24.052940 13.298357 -13.918303
v -25.052940 13.298357 -14.918303
v -25.052940 14.498354 -14.918303
v -25.052940 14.098352 -14.918303
v -24.052940 14.098352 -18.918308
v -24.052940 14.098352 -14.918303
v -25.052940 14.098352 -18.918308
v -25.052940 13.298353 -19.918308
v -24.052940 14.498350 -19.918308
v -25.052940 14.498354 -13.918303
v -24.052940 15.698358 -14.918303
v -24.052940 14.498354 -14.918303
v -25.052940 15.698358 -14.918303
v -25.052940 15.298357 -18.918308
v -24.052940 15.298357 -18.918308
v -25.052940 15.298357 -14.918303
v -24.052940 15.298357 -14.918303
v -24.052940 14.498354 -18.918308
v -25.052940 14.498354 -18.918308
v -25.052940 14.498350 -19.918308
v -24.052940 16.898354 -14.918303
v -25.052940 16.898354 -14.918303
v -24.052940 16.898354 -13.918303
v -24.052940 15.698358 -13.918303
v -25.052940 16.898354 -18.918308
v -24.052940 16.898354 -19.918308
v -24.052940 15.698355 -19.918308
v -24.052940 15.698358 -18.918308
v -25.052940 15.698358 -18.918308
v -25.052940 4.898364 14.081700
v -25.052940 4.898364 13.081700
v -25.052940 6.098361 14.081700
v -25.052940 6.098361 13.081700
v -24.052940 4.898364 13.081700
v -24.052940 6.098361 13.081700
v -24.052940 6.098361 14.081700
v -24.052940 4.898364 14.081700
v -24.052940 5.698363 9.081700
v -24.052940 5.698367 13.081700
v -25.052940 5.698363 9.081700
v -25.052940 5.698367 13.081700
v -25.052940 6.098360 9.081700
v -25.052940 4.898360 9.081700
v -25.052940 4.898360 8.081700
v -24.052940 4.898360 8.081700
v -24.052940 4.898360 9.081700
v -25.052940 7.298365 13.081697
v -25.052940 7.298365 14.081697
v -25.052940 6.898364 13.081697
v -25.052940 7.298362 9.081697
v -24.052940 6.898360 9.081697
v -25.052940 6.898360 9.081697
v -24.052940 6.898364 13.081697
v -25.052940 7.298362 8.081697
v -25.052940 6.098360 8.081700
v -24.052940 6.098360 8.081700
v -24.052940 7.298362 9.081697
v -24.052940 6.098360 9.081700
v -25.052940 8.498362 14.081697
v -24.052940 8.498362 14.081697
v -24.052940 7.298365 14.081697
v -24.052940 7.298365 13.081697
v -25.052940 8.498362 9.081697
v -25.052940 8.098360 13.081697
v -24.052940 8.498362 9.081697
v -24.052940 8.098360 9.081697
v -24.052940 8.098360 13.081697
v -25.052940 8.098360 9.081697
v -25.052940 8.498362 13.081697
v -24.052940 8.498362 8.081697
v -24.052940 7.298362 8.081697
v -25.052940 9.698366 13.081697
v -24.052940 8.498362 13.081697
v -25.052940 9.298365 9.081697
v -24.052940 9.698366 9.081697
v -24.052940 9.298365 9.081697
v -25.052940 9.298365 13.081697
v -24.052940 9.298365 13.081697
v -25.052940 9.698366 8.081697
v -25.052940 8.498362 8.081697
v -25.052940 10.898363 13.081697
v -24.052940 10.898363 14.081697
v -25.052940 9.698366 14.081697
v -24.052940 9.698366 13.081697
v -24.052940 9.698366 14.081697
v -25.052940 10.898363 9.081697
v -24.052940 10.498362 9.081697
v -24.052940 10.498362 13.081697
v -25.052940 10.498362 9.081697
v -25.052940 10.498362 13.081697
v -25.052940 10.898363 8.081697
v -24.052940 9.698366 8.081697
v -24.052940 10.898363 9.081697
v -25.052940 9.698366 9.081697
v -25.052940 10.898363 14.081697
v -25.052940 12.098360 14.081697
v -24.052940 10.898363 13.081697
v -25.052940 11.698366 9.081697
v -24.052940 12.098360 9.081697
v -24.052940 11.698366 9.081697
v -25.052940 11.698366 13.081697
v -25.052940 12.098360 13.081697
v -24.052940 11.698366 13.081697
v -25.052940 12.098360 8.081697
v -24.052940 10.898363 8.081697
v -25.052940 13.298365 13.081697
v -24.052940 13.298365 13.081697
v -24.052940 13.298365 14.081697
v -24.052940 12.098360 13.081697
v -24.052940 12.098360 14.081697
v -25.052940 13.298365 14.081697
v -25.052940 13.298365 9.081697
v -25.052940 12.898363 9.081697
v -24.052940 12.898363 9.081697
v -25.052940 12.898363 13.081697
v -24.052940 12.898363 13.081697
v -24.052940 13.298365 8.081697
v -24.052940 13.298365 9.081697
v -24.052940 12.098360 8.081697
v -25.052940 12.098360 9.081697
v -25.052940 14.498362 14.081697
v -25.052940 14.098360 9.081697
v -24.052940 14.098360 9.081697
v -24.052940 14.098360 13.081697
v -25.052940 14.098360 13.081697
v -24.052940 14.498362 8.081697
v -24.052940 14.498362 9.081697
v -25.052940 13.298365 8.081697
v -25.052940 14.498362 13.081697
v -24.052940 15.698366 14.081697
v -24.052940 14.498362 14.081697
v -24.052940 14.498362 13.081697
v -25.052940 15.298365 13.081697
v -25.052940 15.698366 9.081697
v -24.052940 15.698366 13.081697
v -24.052940 15.698366 9.081697
v -25.052940 15.298365 9.081697
v -24.052940 15.298365 9.081697
v -24.052940 15.298365 13.081697
v -25.052940 14.498362 9.081697
v -25.052940 14.498362 8.081697
v -24.052940 16.898369 14.081697
v -25.052940 15.698366 13.081697
v -25.052940 16.898361 8.081697
v -25.052940 15.698366 8.081697
v -24.052940 16.898361 9.081697
v -24.052940 16.898361 8.081697
v -24.052940 15.698366 8.081697
v -6.052940 3.698370 21.081699
v -8.052940 2.498266 21.081699
v -6.052940 3.698367 13.081700
v -8.052940 3.698370 21.081699
v -8.052940 3.698367 13.081700
v -8.052940 2.498263 13.081700
v -6.052940 2.498263 13.081700
v -6.052940 2.498266 21.081699
v -5.052940 2.498266 21.081699
v -5.052940 1.298269 21.081699
v -7.052940 2.498266 21.081699
v -7.052940 2.498263 13.081700
v -5.052940 2.498263 13.081700
v -7.052940 1.298266 13.081700
v -5.052940 1.298266 13.081700
v -7.052940 1.298269 21.081699
v -4.052940 0.098265 21.081699
v -6.052940 1.298266 13.081700
v -4.052940 1.298269 21.081699
v -6.052940 1.298269 21.081699
v -4.052940 1.298266 13.081700
v -6.052940 0.098261 13.081700
v -4.052940 0.098261 13.081700
v -6.052940 0.098265 21.081699
v -5.052940 0.098364 21.081699
v -3.052940 0.098364 21.081699
v -5.052940 0.098361 13.081700
v -5.052940 -1.101633 21.081699
v -5.052940 -1.101637 13.081700
v -3.052940 0.098361 13.081700
v -3.052940 -1.101637 13.081700
v -3.052940 -1.101633 21.081699
v -4.052940 -1.101633 21.081699
v -4.052940 -2.301630 21.081699
v -4.052940 -1.101637 13.081700
v -2.052940 -1.101637 13.081700
v -4.052940 -2.301633 13.081700
v -2.052940 -2.301630 21.081699
v -2.052940 -1.101633 21.081699
v -2.052940 -2.301633 13.081700
v -3.052940 -2.301737 21.081699
v -3.052940 -3.501634 21.081699
v -3.052940 -2.301740 13.081700
v -1.052940 -2.301740 13.081700
v -1.052940 -2.301737 21.081699
v -3.052940 -3.501638 13.081700
v -1.052940 -3.501634 21.081699
v -1.052940 -3.501638 13.081700
v -2.052940 -3.501634 21.081699
v -0.052940 -4.701632 21.081699
v -2.052940 -3.501638 13.081700
v -0.052940 -3.501634 21.081699
v -0.052940 -4.701635 13.081700
v -2.052940 -4.701635 13.081700
v -2.052940 -4.701632 21.081699
v -0.052940 -3.501638 13.081700
v -1.052940 -4.701632 21.081699
v -1.052940 -5.901638 21.081699
v -1.052940 -5.901639 13.081700
v -1.052940 -4.701635 13.081700
v 0.947060 -5.901639 13.081700
v 0.947060 -5.901638 21.081699
v 0.947060 -4.701635 13.081700
v 0.947060 -4.701632 21.081699
v 1.947060 -5.901638 21.081699
v -0.052940 -5.901638 21.081699
v -0.052940 -5.901639 13.081700
v -0.052940 -7.101636 13.081704
v -0.052940 -7.101634 21.081699
v 1.947060 -5.901639 13.081700
v 1.947060 -7.101636 13.081704
v 1.947060 -7.101634 21.081699
v 2.947060 -8.301630 21.081699
v 2.947060 -7.101636 13.081704
v 2.947060 -7.101634 21.081699
v 0.947060 -7.101634 21.081699
v 0.947060 -7.101636 13.081704
v 0.947060 -8.301634 13.081704
v 2.947060 -8.301634 13.081704
v 0.947060 -8.301630 21.081699
v 1.947060 -8.301630 21.081699
v 1.947060 -8.301634 13.081704
v 3.947060 -9.501638 13.081704
v 3.947060 -9.501636 21.081699
v 1.947060 -9.501638 13.081704
v 1.947060 -9.501636 21.081699
v 3.947060 -8.301634 13.081704
v 3.947060 -8.301630 21.081699
v 4.947060 -9.501636 21.081699
v 2.947060 -9.501636 21.081699
v 4.947060 -10.701632 21.081699
v 2.947060 -10.701632 21.081699
v 2.947060 -9.501638 13.081704
v 4.947060 -9.501638 13.081704
v 4.947060 -10.701635 13.081704
v 2.947060 -10.701635 13.081704
v 3.947060 -10.701632 21.081699
v 3.947060 -11.901636 21.081699
v 5.947060 -10.701635 13.081704
v 5.947060 -10.701632 21.081699
v 3.947060 -10.701635 13.081704
v 3.947060 -11.901640 13.081704
v 5.947060 -11.901636 21.081699
v 5.947060 -11.901640 13.081704
v 6.947060 -11.901636 21.081699
v 4.947060 -11.901640 13.081704
v 4.947060 -11.901636 21.081699
v 4.947060 -13.101633 21.081707
v 6.947060 -11.901640 13.081704
v 6.947060 -13.101637 13.081704
v 4.947060 -13.101637 13.081704
v 6.947060 -13.101633 21.081707
v 5.947060 -13.101637 13.081704
v 7.947060 -13.101637 13.081704
v 5.947060 -13.101633 21.081707
v 7.947060 -14.301630 21.081707
v 5.947060 -14.301634 13.081704
v 5.947060 -14.301630 21.081707
v 7.947060 -13.101633 21.081707
v 7.947060 -14.301634 13.081704
v 6.947060 -14.301630 21.081707
v 8.947060 -15.501636 21.081707
v 6.947060 -14.301634 13.081704
v 8.947060 -14.301630 21.081707
v 8.947060 -14.301634 13.081704
v 8.947060 -15.501638 13.081704
v 6.947060 -15.501636 21.081707
v 6.947060 -15.501638 13.081704
v -12.052940 -35.901539 13.081712
v 6.947060 -35.901539 13.081712
v -7.052940 -15.501636 21.081707
v -7.052940 -15.501638 13.081704
v -12.052940 -15.501638 13.081704
v -7.052940 -16.701630 13.081704
v -12.052940 -16.701630 13.081704
v -7.052940 -16.701630 21.081707
v -6.052940 -16.701630 21.081707
v -6.052940 -16.701630 13.081704
v -8.052940 -16.701630 21.081707
v -8.052940 -16.701630 13.081704
v -8.052940 -17.901634 21.081707
v -8.052940 -17.901634 13.081704
v -6.052940 -17.901634 13.081704
v -6.052940 -17.901634 21.081707
v -7.052940 -17.901634 21.081707
v -7.052940 -17.901634 13.081704
v -5.052940 -17.901634 13.081704
v -5.052940 -19.101631 13.081708
v -7.052940 -19.101631 13.081708
v -7.052940 -19.101631 21.081707
v -5.052940 -17.901634 21.081707
v -5.052940 -19.101631 21.081707
v -6.052940 -20.301628 21.081707
v -6.052940 -19.101631 13.081708
v -6.052940 -19.101631 21.081707
v -4.052940 -19.101631 13.081708
v -6.052940 -20.301628 13.081708
v -4.052940 -20.301628 13.081708
v -4.052940 -19.101631 21.081707
v -4.052940 -20.301628 21.081707
v -5.052940 -21.501633 21.081707
v -5.052940 -20.301628 21.081707
v -3.052940 -20.301628 13.081708
v -5.052940 -20.301628 13.081708
v -3.052940 -21.501633 13.081708
v -3.052940 -21.501633 21.081707
v -5.052940 -21.501633 13.081708
v -3.052940 -20.301628 21.081707
v -4.052940 -21.501633 13.081708
v -4.052940 -21.501633 21.081707
v -2.052940 -21.501633 13.081708
v -4.052940 -22.701630 21.081707
v -4.052940 -22.701630 13.081708
v -2.052940 -22.701630 13.081708
v -2.052940 -22.701630 21.081707
v -2.052940 -21.501633 21.081707
v -3.052940 -22.701630 21.081707
v -1.052940 -23.901634 21.081707
v -3.052940 -22.701630 13.081708
v -1.052940 -22.701630 13.081708
v -3.052940 -23.901634 13.081708
v -1.052940 -23.901634 13.081708
v -3.052940 -23.901634 21.081707
v -1.052940 -22.701630 21.081707
v -2.052940 -25.101631 21.081707
v -2.052940 -23.901634 13.081708
v -0.052940 -23.901634 21.081707
v -2.052940 -23.901634 21.081707
v -0.052940 -23.901634 13.081708
v -2.052940 -25.101631 13.081708
v -0.052940 -25.101631 13.081708
v -0.052940 -25.101631 21.081707
v -1.052940 -25.101631 21.081707
v 0.947060 -26.301628 21.081707
v -1.052940 -26.301628 21.081707
v -1.052940 -25.101631 13.081708
v 0.947060 -25.101631 13.081708
v -1.052940 -26.301628 13.081708
v 0.947060 -26.301628 13.081708
v 0.947060 -25.101631 21.081707
v -0.052940 -26.301628 21.081707
v 1.947060 -26.301628 21.081707
v -0.052940 -26.301628 13.081708
v -0.052940 -27.501633 21.081707
v 1.947060 -26.301628 13.081708
v -0.052940 -27.501633 13.081708
v 1.947060 -27.501633 13.081708
v 1.947060 -27.501633 21.081707
v 0.947060 -27.501633 21.081707
v 2.947060 -28.701630 21.081707
v 0.947060 -27.501633 13.081708
v 0.947060 -28.701630 21.081707
v 0.947060 -28.701630 13.081708
v 2.947060 -27.501633 13.081708
v 2.947060 -28.701630 13.081708
v 2.947060 -27.501633 21.081707
v 1.947060 -28.701630 13.081708
v 1.947060 -28.701630 21.081707
v 3.947060 -28.701630 21.081707
v 1.947060 -29.901634 21.081707
v 3.947060 -28.701630 13.081708
v 3.947060 -29.901634 21.081707
v 1.947060 -29.901634 13.081708
v 3.947060 -29.901634 13.081708
v 2.947060 -29.901634 21.081707
v 2.947060 -29.901634 13.081708
v 4.947060 -29.901634 13.081708
v 4.947060 -31.101631 13.081708
v 4.947060 -31.101631 21.081707
v 2.947060 -31.101631 13.081708
v 2.947060 -31.101631 21.081707
v 4.947060 -29.901634 21.081707
v 5.947060 -32.301636 21.081707
v 3.947060 -32.301636 21.081707
v 3.947060 -31.101631 13.081708
v 5.947060 -31.101631 13.081708
v 3.947060 -31.101631 21.081707
v 5.947060 -32.301636 13.081712
v 3.947060 -32.301636 13.081712
v 5.947060 -31.101631 21.081707
v 4.947060 -32.301636 21.081707
v 6.947060 -33.501537 21.081707
v 4.947060 -32.301636 13.081712
v 4.947060 -33.501537 13.081712
v 4.947060 -33.501537 21.081707
v 6.947060 -32.301636 13.081712
v 6.947060 -32.301636 21.081707
v 6.947060 -33.501537 13.081712
v 7.947060 -33.501537 21.081707
v 5.947060 -33.501537 13.081712
v 5.947060 -33.501537 21.081707
v 7.947060 -33.501537 13.081712
v 7.947060 -34.701538 13.081712
v 5.947060 -34.701538 13.081712
v 5.947060 -34.701538 21.081707
v 7.947060 -34.701538 21.081707
v 6.947060 -34.701538 21.081707
v 8.947060 -35.901539 21.081707
v 8.947060 -34.701538 13.081712
v 8.947060 -34.701538 21.081707
v 6.947060 -34.701538 13.081712
v 8.947060 -35.901539 13.081712
v -12.052940 -37.101540 21.081707
v -12.052940 -57.501537 13.081719
v -12.052940 -57.501537 21.081715
v -7.052940 -35.901539 21.081707
v -7.052940 -37.101540 13.081712
v -7.052940 -35.901539 13.081712
v -7.052940 -37.101540 21.081707
v -8.052940 -37.101540 21.081707
v -6.052940 -38.301540 21.081715
v -8.052940 -38.301540 21.081715
v -8.052940 -37.101540 13.081712
v -6.052940 -37.101540 21.081707
v -8.052940 -38.301540 13.081712
v -6.052940 -37.101540 13.081712
v -6.052940 -38.301540 13.081712
v -7.052940 -38.301540 21.081715
v -7.052940 -39.501537 21.081715
v -5.052940 -38.301540 21.081715
v -7.052940 -39.501537 13.081712
v -7.052940 -38.301540 13.081712
v -5.052940 -38.301540 13.081712
v -5.052940 -39.501537 21.081715
v -5.052940 -39.501537 13.081712
v -6.052940 -40.701538 21.081715
v -6.052940 -39.501537 21.081715
v -4.052940 -39.501537 13.081712
v -4.052940 -39.501537 21.081715
v -6.052940 -39.501537 13.081712
v -4.052940 -40.701538 13.081712
v -6.052940 -40.701538 13.081712
v -4.052940 -40.701538 21.081715
v -5.052940 -40.701538 21.081715
v -3.052940 -41.901539 21.081715
v -5.052940 -40.701538 13.081712
v -3.052940 -40.701538 21.081715
v -5.052940 -41.901539 21.081715
v -5.052940 -41.901539 13.081712
v -3.052940 -41.901539 13.081712
v -3.052940 -40.701538 13.081712
v -4.052940 -41.901539 21.081715
v -4.052940 -41.901539 13.081712
v -2.052940 -41.901539 13.081712
v -4.052940 -43.101540 13.081712
v -4.052940 -43.101540 21.081715
v -2.052940 -41.901539 21.081715
v -2.052940 -43.101540 13.081712
v -2.052940 -43.101540 21.081715
v -1.052940 -43.101540 21.081715
v -3.052940 -43.101540 21.081715
v -3.052940 -43.101540 13.081712
v -1.052940 -43.101540 13.081712
v -3.052940 -44.301540 13.081716
v -3.052940 -44.301540 21.081715
v -1.052940 -44.301540 13.081716
v -1.052940 -44.301540 21.081715
v -0.052940 -44.301540 21.081715
v -2.052940 -45.501537 21.081715
v -2.052940 -44.301540 13.081716
v -0.052940 -44.301540 13.081716
v -2.052940 -44.301540 21.081715
v -0.052940 -45.501537 13.081716
v -0.052940 -45.501537 21.081715
v -2.052940 -45.501537 13.081716
v 0.947060 -45.501537 21.081715
v -1.052940 -45.501537 21.081715
v -1.052940 -46.701538 21.081715
v -1.052940 -45.501537 13.081716
v -1.052940 -46.701538 13.081716
v 0.947060 -46.701538 13.081716
v 0.947060 -45.501537 13.081716
v 0.947060 -46.701538 21.081715
v 1.947060 -47.901539 21.081715
v 1.947060 -46.701538 21.081715
v -0.052940 -46.701538 21.081715
v -0.052940 -46.701538 13.081716
v -0.052940 -47.901539 21.081715
v 1.947060 -47.901539 13.081716
v -0.052940 -47.901539 13.081716
v 1.947060 -46.701538 13.081716
v 2.947060 -49.101540 21.081715
v 2.947060 -47.901539 21.081715
v 0.947060 -47.901539 21.081715
v 0.947060 -47.901539 13.081716
v 2.947060 -49.101540 13.081716
v 0.947060 -49.101540 13.081716
v 0.947060 -49.101540 21.081715
v 2.947060 -47.901539 13.081716
v 1.947060 -50.301540 21.081715
v 1.947060 -49.101540 21.081715
v 1.947060 -49.101540 13.081716
v 1.947060 -50.301540 13.081716
v 3.947060 -50.301540 21.081715
v 3.947060 -49.101540 13.081716
v 3.947060 -49.101540 21.081715
v 3.947060 -50.301540 13.081716
v 4.947060 -50.301540 13.081716
v 4.947060 -50.301540 21.081715
v 2.947060 -50.301540 21.081715
v 2.947060 -51.501537 21.081715
v 2.947060 -50.301540 13.081716
v 2.947060 -51.501537 13.081716
v 4.947060 -51.501537 13.081716
v 4.947060 -51.501537 21.081715
v 5.947060 -51.501537 21.081715
v 3.947060 -51.501537 21.081715
v 5.947060 -52.701538 21.081715
v 3.947060 -51.501537 13.081716
v 3.947060 -52.701538 13.081716
v 3.947060 -52.701538 21.081715
v 5.947060 -51.501537 13.081716
v 5.947060 -52.701538 13.081716
v 6.947060 -53.901539 21.081715
v 4.947060 -53.901539 21.081715
v 4.947060 -52.701538 21.081715
v 4.947060 -52.701538 13.081716
v 4.947060 -53.901539 13.081716
v 6.947060 -52.701538 13.081716
v 6.947060 -52.701538 21.081715
v 6.947060 -53.901539 13.081716
v 7.947060 -53.901539 21.081715
v 5.947060 -53.901539 13.081716
v 5.947060 -53.901539 21.081715
v 7.947060 -53.901539 13.081716
v 5.947060 -55.101540 13.081716
v 7.947060 -55.101540 13.081716
v 7.947060 -55.101540 21.081715
v 5.947060 -55.101540 21.081715
v 8.947060 -55.101540 21.081715
v 6.947060 -55.101540 21.081715
v 6.947060 -55.101540 13.081716
v 8.947060 -55.101540 13.081716
v 8.947060 -56.301540 13.081716
v 8.947060 -56.301540 21.081715
v 6.947060 -76.701637 13.081722
v -12.052940 -76.701637 21.081722
v -12.052940 -77.901642 21.081722
v -7.052940 -56.301540 13.081716
v -7.052940 -56.301540 21.081715
v -12.052940 -56.301540 13.081716
v -7.052940 -57.501537 13.081719
v -7.052940 -57.501537 21.081715
v -8.052940 -58.701538 21.081715
v -8.052940 -57.501537 21.081715
v -6.052940 -57.501537 13.081719
v -6.052940 -57.501537 21.081715
v -8.052940 -57.501537 13.081719
v -6.052940 -58.701538 21.081715
v -8.052940 -58.701538 13.081719
v -6.052940 -58.701538 13.081719
v -7.052940 -58.701538 21.081715
v -7.052940 -59.901539 21.081715
v -5.052940 -58.701538 21.081715
v -7.052940 -58.701538 13.081719
v -7.052940 -59.901539 13.081719
v -5.052940 -59.901539 21.081715
v -5.052940 -58.701538 13.081719
v -5.052940 -59.901539 13.081719
v -6.052940 -61.101540 21.081715
v -6.052940 -59.901539 21.081715
v -6.052940 -59.901539 13.081719
v -4.052940 -61.101540 21.081715
v -6.052940 -61.101540 13.081719
v -4.052940 -59.901539 13.081719
v -4.052940 -59.901539 21.081715
v -4.052940 -61.101540 13.081719
v -3.052940 -61.101540 21.081715
v -3.052940 -62.301540 21.081715
v -5.052940 -61.101540 13.081719
v -5.052940 -61.101540 21.081715
v -3.052940 -61.101540 13.081719
v -5.052940 -62.301540 13.081719
v -3.052940 -62.301540 13.081719
v -5.052940 -62.301540 21.081715
v -4.052940 -63.501537 21.081722
v -4.052940 -62.301540 21.081715
v -2.052940 -62.301540 13.081719
v -4.052940 -62.301540 13.081719
v -2.052940 -63.501537 13.081719
v -4.052940 -63.501537 13.081719
v -2.052940 -62.301540 21.081715
v -2.052940 -63.501537 21.081722
v -3.052940 -63.501537 21.081722
v -3.052940 -64.701538 21.081722
v -3.052940 -64.701538 13.081719
v -3.052940 -63.501537 13.081719
v -1.052940 -64.701538 13.081719
v -1.052940 -64.701538 21.081722
v -1.052940 -63.501537 13.081719
v -1.052940 -63.501537 21.081722
v -0.052940 -64.701637 21.081722
v -2.052940 -64.701637 21.081722
v -0.052940 -65.901642 21.081722
v -2.052940 -64.701637 13.081719
v -2.052940 -65.901642 21.081722
v -0.052940 -64.701637 13.081719
v -0.052940 -65.901642 13.081719
v -2.052940 -65.901642 13.081719
v -1.052940 -65.901642 13.081719
v -1.052940 -65.901642 21.081722
v -1.052940 -67.101639 13.081719
v 0.947060 -67.101639 21.081722
v -1.052940 -67.101639 21.081722
v 0.947060 -65.901642 13.081719
v 0.947060 -65.901642 21.081722
v 0.947060 -67.101639 13.081719
v 1.947060 -67.101639 21.081722
v -0.052940 -67.101639 21.081722
v -0.052940 -68.301636 21.081722
v -0.052940 -67.101639 13.081719
v 1.947060 -67.101639 13.081719
v -0.052940 -68.301636 13.081719
v 1.947060 -68.301636 13.081719
v 1.947060 -68.301636 21.081722
v 2.947060 -68.301636 21.081722
v 0.947060 -68.301636 13.081719
v 0.947060 -68.301636 21.081722
v 0.947060 -69.501640 13.081722
v 2.947060 -69.501640 13.081722
v 0.947060 -69.501640 21.081722
v 2.947060 -68.301636 13.081719
v 2.947060 -69.501640 21.081722
v 3.947060 -69.501640 21.081722
v 3.947060 -70.701637 21.081722
v 1.947060 -69.501640 21.081722
v 1.947060 -70.701637 13.081722
v 1.947060 -69.501640 13.081722
v 3.947060 -70.701637 13.081722
v 1.947060 -70.701637 21.081722
v 3.947060 -69.501640 13.081722
v 2.947060 -70.701637 21.081722
v 4.947060 -71.901642 21.081722
v 2.947060 -70.701637 13.081722
v 4.947060 -70.701637 21.081722
v 2.947060 -71.901642 13.081722
v 4.947060 -71.901642 13.081722
v 2.947060 -71.901642 21.081722
v 4.947060 -70.701637 13.081722
v 3.947060 -71.901642 21.081722
v 3.947060 -71.901642 13.081722
v 5.947060 -71.901642 13.081722
v 3.947060 -73.101639 13.081722
v 5.947060 -73.101639 13.081722
v 3.947060 -73.101639 21.081722
v 5.947060 -71.901642 21.081722
v 5.947060 -73.101639 21.081722
v 4.947060 -73.101639 21.081722
v 6.947060 -73.101639 13.081722
v 4.947060 -74.301636 21.081722
v 4.947060 -73.101639 13.081722
v 6.947060 -74.301636 13.081722
v 4.947060 -74.301636 13.081722
v 6.947060 -73.101639 21.081722
v 6.947060 -74.301636 21.081722
v 5.947060 -75.501640 21.081722
v 5.947060 -74.301636 21.081722
v 5.947060 -74.301636 13.081722
v 7.947060 -74.301636 13.081722
v 5.947060 -75.501640 13.081722
v 7.947060 -74.301636 21.081722
v 7.947060 -75.501640 13.081722
v 7.947060 -75.501640 21.081722
v 8.947060 -76.701637 21.081722
v 8.947060 -75.501640 21.081722
v 6.947060 -75.501640 21.081722
v 6.947060 -75.501640 13.081722
v 8.947060 -75.501640 13.081722
v 8.947060 -76.701637 13.081722
v 6.947060 -76.701637 21.081722
v -7.052940 -76.701637 13.081722
v -7.052940 -77.901642 13.081722
v -7.052940 -76.701637 21.081722
v -7.052940 -77.901642 21.081722
v -6.052940 -77.901642 13.081722
v -6.052940 -77.901642 21.081722
v -8.052940 -77.901642 21.081722
v -8.052940 -79.101639 21.081722
v -8.052940 -79.101639 13.081722
v -8.052940 -77.901642 13.081722
v -6.052940 -79.101639 13.081722
v -6.052940 -79.101639 21.081722
v -7.052940 -79.101639 21.081722
v -7.052940 -80.301636 21.081722
v -5.052940 -79.101639 13.081722
v -5.052940 -79.101639 21.081722
v -7.052940 -80.301636 13.081722
v -7.052940 -79.101639 13.081722
v -5.052940 -80.301636 21.081722
v -5.052940 -80.301636 13.081722
v -4.052940 -81.501640 21.081722
v -6.052940 -80.301636 13.081722
v -4.052940 -80.301636 21.081722
v -6.052940 -80.301636 21.081722
v -4.052940 -80.301636 13.081722
v -4.052940 -81.501640 13.081722
v -6.052940 -81.501640 13.081722
v -6.052940 -81.501640 21.081722
v -3.052940 -81.501640 21.081722
v -5.052940 -81.501640 21.081722
v -5.052940 -81.501640 13.081722
v -3.052940 -81.501640 13.081722
v -5.052940 -82.701637 13.081727
v -3.052940 -82.701637 21.081722
v -5.052940 -82.701637 21.081722
v -3.052940 -82.701637 13.081727
v -4.052940 -83.901642 21.081722
v -4.052940 -82.701637 21.081722
v -4.052940 -82.701637 13.081727
v -2.052940 -83.901642 13.081727
v -2.052940 -83.901642 21.081722
v -4.052940 -83.901642 13.081727
v -2.052940 -82.701637 13.081727
v -2.052940 -82.701637 21.081722
v -3.052940 -83.901642 21.081722
v -3.052940 -85.101639 21.081722
v -1.052940 -83.901642 13.081727
v -1.052940 -83.901642 21.081722
v -3.052940 -83.901642 13.081727
v -3.052940 -85.101639 13.081727
v -1.052940 -85.101639 13.081727
v -1.052940 -85.101639 21.081722
v -0.052940 -85.101639 21.081722
v -2.052940 -86.301636 21.081722
v -2.052940 -85.101639 13.081727
v -0.052940 -85.101639 13.081727
v -2.052940 -85.101639 21.081722
v -2.052940 -86.301636 13.081727
v -0.052940 -86.301636 21.081722
v -0.052940 -86.301636 13.081727
v -1.052940 -86.301636 21.081722
v 0.947060 -86.301636 21.081722
v -1.052940 -86.301636 13.081727
v 0.947060 -87.501610 21.081722
v -1.052940 -87.501610 13.081727
v -1.052940 -87.501610 21.081722
v 0.947060 -86.301636 13.081727
v 0.947060 -87.501610 13.081727
v -0.052940 -87.501617 13.081727
v -0.052940 -87.501617 21.081722
v 1.947060 -87.501617 21.081722
v 1.947060 -88.701622 21.081730
v -0.052940 -88.701622 13.081727
v -0.052940 -88.701622 21.081730
v 1.947060 -87.501617 13.081727
v 1.947060 -88.701622 13.081727
v 2.947060 -88.701607 21.081730
v 0.947060 -88.701607 21.081730
v 2.947060 -88.701607 13.081727
v 0.947060 -89.901611 13.081727
v 0.947060 -88.701607 13.081727
v 2.947060 -89.901611 13.081727
v 0.947060 -89.901611 21.081730
v 2.947060 -89.901611 21.081730
v 1.947060 -89.901619 21.081730
v 1.947060 -91.101616 21.081730
v 1.947060 -91.101616 13.081727
v 1.947060 -89.901619 13.081727
v 3.947060 -91.101616 13.081727
v 3.947060 -91.101616 21.081730
v 3.947060 -89.901619 13.081727
v 3.947060 -89.901619 21.081730
v 4.947060 -91.101608 21.081730
v 2.947060 -91.101608 21.081730
v 4.947060 -92.301605 21.081730
v 2.947060 -92.301605 21.081730
v 2.947060 -91.101608 13.081727
v 2.947060 -92.301605 13.081727
v 4.947060 -91.101608 13.081727
v 4.947060 -92.301605 13.081727
v 3.947060 -92.301605 13.081727
v 3.947060 -92.301605 21.081730
v 3.947060 -93.501610 21.081730
v 5.947060 -92.301605 13.081727
v 3.947060 -93.501610 13.081727
v 5.947060 -92.301605 21.081730
v 5.947060 -93.501610 13.081727
v 5.947060 -93.501610 21.081730
v 6.947060 -93.501617 21.081730
v 6.947060 -94.701622 21.081730
v 4.947060 -94.701622 21.081730
v 4.947060 -93.501617 21.081730
v 4.947060 -93.501617 13.081727
v 6.947060 -94.701622 13.081727
v 4.947060 -94.701622 13.081727
v 6.947060 -93.501617 13.081727
v 5.947060 -94.701622 21.081730
v 5.947060 -95.901619 21.081730
v 5.947060 -94.701622 13.081727
v 7.947060 -94.701622 13.081727
v 5.947060 -95.901619 13.081731
v 7.947060 -95.901619 13.081731
v 7.947060 -94.701622 21.081730
v 7.947060 -95.901619 21.081730
v 6.947060 -97.101616 21.081730
v 8.947060 -95.901619 13.081731
v 8.947060 -95.901619 21.081730
v 6.947060 -95.901619 21.081730
v 6.947060 -97.101616 13.081731
v 6.947060 -95.901619 13.081731
v 8.947060 -97.101616 13.081731
v 8.947060 -97.101616 21.081730
vn -1.0000 -0.0000 -0.0000
vn 1.0000 -0.0000 -0.0000
vn -0.0000 -0.0000 1.0000
vn -0.0000 -1.0000 -0.0000
vn -0.0000 -0.0000 -1.0000
vn 0.7739 -0.0000 0.6333
vn -0.0000 1.0000 -0.0000
vn -0.1598 -0.0000 -0.9871
vn 0.1623 -0.0000 -0.9867
vn -0.7734 -0.0000 -0.6339
vn -0.1602 -0.0000 -0.9871
vn -0.1623 -0.0000 -0.9867
vn -0.8985 -0.0000 0.4390
vn -0.9871 -0.0000 0.1601
vn 0.1602 -0.0000 -0.9871
vn -0.4372 -0.0000 -0.8993
vn -0.9871 -0.0000 0.1604
vn 0.7734 -0.0000 -0.6339
vn -0.1623 -0.0000 0.9867
vn 0.4399 -0.0000 -0.8980
vn -0.6332 -0.0000 -0.7740
vn -0.8980 -0.0000 -0.4400
vn 0.8983 -0.0000 -0.4395
vn 0.7770 -0.0000 0.6296
vn -0.8983 -0.0000 -0.4395
vn -0.9871 -0.0000 -0.1604
vn -0.4399 -0.0000 -0.8980
vn 0.1598 -0.0000 -0.9871
vn -0.9870 -0.0000 0.1606
vn -0.7734 -0.0000 0.6339
vn 0.9870 -0.0000 0.1606
vn 0.1598 -0.0000 0.9871
vn -0.7739 -0.0000 -0.6333
vn 0.7770 -0.0000 -0.6296
vn 0.4372 -0.0000 -0.8994
vn 0.4395 -0.0000 -0.8983
vn 0.4399 -0.0000 0.8980
vn 0.9871 -0.0000 0.1601
vn 0.1623 -0.0000 0.9867
vn 0.1602 -0.0000 0.9871
vn -0.7739 -0.0000 0.6333
vn -0.1598 -0.0000 0.9871
vn 0.7734 -0.0000 0.6339
vn -0.9870 -0.0000 -0.1606
vn -0.4394 -0.0000 -0.8983
vn -0.6335 -0.0000 -0.7738
vn 0.6311 -0.0000 -0.7757
vn 0.4395 -0.0000 0.8983
vn -0.4399 -0.0000 0.8980
vn 0.8980 -0.0000 0.4400
vn 0.6311 -0.0000 0.7757
vn 0.6335 -0.0000 -0.7738
vn -0.1602 -0.0000 0.9871
vn -0.8985 -0.0000 -0.4390
vn -0.8980 -0.0000 0.4400
vn 0.9871 -0.0000 0.1604
vn -0.6311 -0.0000 0.7757
vn 0.9870 -0.0000 -0.1606
vn 0.6330 -0.0000 0.7742
vn 0.7739 -0.0000 -0.6333
vn -0.4372 -0.0000 0.8994
vn 0.8985 -0.0000 0.4390
vn 0.9871 -0.0000 -0.1604
vn 0.9871 -0.0000 -0.1601
vn 0.4372 -0.0000 0.8994
vn -0.8983 -0.0000 0.4395
vn 0.8985 -0.0000 -0.4390
vn -0.6330 -0.0000 0.7742
vn -0.4394 -0.0000 0.8983
vn 0.6332 -0.0000 -0.7740
vn -0.7770 -0.0000 -0.6296
vn -0.6311 -0.0000 -0.7757
vn 0.8980 -0.0000 -0.4400
vn -0.9871 -0.0000 -0.1601
vn 0.8983 -0.0000 0.4395
vn -0.6335 -0.0000 0.7738
vn 0.6335 -0.0000 0.7738
vn -0.7770 -0.0000 0.6296
vn -0.0000 -1.0000 -0.0003
vn -0.0000 -1.0000 -0.0005
vn -0.0000 -1.0000 -0.0006
vn -0.0000 -1.0000 0.0006
vn -0.0000 -1.0000 0.0005
vn -0.0000 -1.0000 -0.0002
vn -0.0000 -1.0000 -0.0001
vn -0.0000 1.0000 0.0001
vn -0.0000 1.0000 -0.0001
vn -0.4372 -0.0000 -0.8994
vn 0.4394 -0.0000 -0.8983
vn 0.4394 -0.0000 0.8983
vn -0.0000 1.0000 0.0003
vn -0.0000 1.0000 -0.0003
vn 0.6332 -0.0000 0.7740
vn -0.0000 -1.0000 0.0001
vn -0.6332 -0.0000 0.7740
vn -0.4395 -0.0000 0.8983
vn 0.6330 -0.0000 -0.7742
vn -0.0000 1.0000 0.0006
vn -0.0000 1.0000 -0.0005
vn -0.0000 1.0000 -0.0002
vn -0.0000 1.0000 0.0002
vn -0.0000 1.0000 0.0005
vn -0.0000 1.0000 -0.0006
vt 0.247453 0.989282
vt 0.246370 1.000000
vt 0.246370 0.989282
vt 0.947126 0.946409
vt 0.943877 0.967846
vt 0.943877 0.946409
vt 0.307558 0.956056
vt 0.310265 0.959271
vt 0.307558 0.959271
vt 0.340588 0.959271
vt 0.337880 0.956056
vt 0.340588 0.956056
vt 0.457005 0.540193
vt 0.453756 0.542872
vt 0.453756 0.540193
vt 0.994585 0.902465
vt 0.991336 0.907824
vt 0.991336 0.902465
vt 0.410978 0.989282
vt 0.413686 0.991961
vt 0.410978 0.991961
vt 0.236624 0.989282
vt 0.235541 1.000000
vt 0.235541 0.989282
vt 0.533894 0.925509
vt 0.528480 0.896570
vt 0.533894 0.896570
vt 0.349793 0.786709
vt 0.346544 0.789389
vt 0.346544 0.786709
vt 0.146198 0.926045
vt 0.140783 0.897106
vt 0.146198 0.897106
vt 0.844991 0.836013
vt 0.844371 0.884244
vt 0.844371 0.836013
vt 0.054147 0.946409
vt 0.048733 0.967846
vt 0.048733 0.946409
vt 0.866360 0.171490
vt 0.869609 0.000000
vt 0.869609 0.171490
vt 0.820420 0.946409
vt 0.817171 0.967846
vt 0.817171 0.946409
vt 0.888019 0.133976
vt 0.884770 0.262594
vt 0.884770 0.133976
vt 0.983756 0.364416
vt 0.980507 0.375134
vt 0.980507 0.364416
vt 0.151613 0.926045
vt 0.146198 0.897106
vt 0.151613 0.897106
vt 0.996751 0.016077
vt 0.999458 0.022508
vt 0.996751 0.022508
vt 0.530646 0.730975
vt 0.541475 0.538049
vt 0.541475 0.730975
vt 0.351417 0.959271
vt 0.348710 0.956056
vt 0.351417 0.956056
vt 0.969241 0.369567
vt 0.963826 0.380285
vt 0.963826 0.369567
vt 0.994585 0.010718
vt 0.991336 0.018757
vt 0.991336 0.010718
vt 0.898849 0.600214
vt 0.902098 0.482315
vt 0.902098 0.600214
vt 0.656809 0.679528
vt 0.630818 0.733119
vt 0.630818 0.679528
vt 0.907512 0.793140
vt 0.910761 0.900321
vt 0.907512 0.900321
vt 0.996751 0.022508
vt 0.999458 0.028939
vt 0.996751 0.028939
vt 0.346002 0.978564
vt 0.343295 0.975348
vt 0.346002 0.975348
vt 0.381740 0.975348
vt 0.379032 0.972133
vt 0.381740 0.972133
vt 0.693088 0.882636
vt 0.682258 0.853698
vt 0.693088 0.853698
vt 0.999458 0.035370
vt 0.996751 0.028939
vt 0.999458 0.028939
vt 0.628111 0.840300
vt 0.638940 0.869239
vt 0.628111 0.869239
vt 0.384447 0.968917
vt 0.381740 0.965702
vt 0.384447 0.965702
vt 0.354125 0.968917
vt 0.356832 0.972133
vt 0.354125 0.972133
vt 0.844701 0.728832
vt 0.847950 0.535906
vt 0.847950 0.728832
vt 0.980507 0.096463
vt 0.983214 0.093783
vt 0.983214 0.096463
vt 0.483619 0.956056
vt 0.480912 0.952840
vt 0.483619 0.952840
vt 0.362247 0.972133
vt 0.359539 0.968917
vt 0.362247 0.968917
vt 0.592915 0.891747
vt 0.606452 0.870311
vt 0.606452 0.891747
vt 0.975092 0.744909
vt 0.971843 0.760986
vt 0.971843 0.744909
vt 0.796437 0.989282
vt 0.795354 0.991961
vt 0.795354 0.989282
vt 0.980507 0.943194
vt 0.985922 0.937835
vt 0.985922 0.943194
vt 0.891895 0.946409
vt 0.895144 0.967846
vt 0.891895 0.967846
vt 0.795354 0.989282
vt 0.794271 0.991961
vt 0.794271 0.989282
vt 0.929172 0.000000
vt 0.925923 0.064309
vt 0.925923 0.000000
vt 1.000000 0.933546
vt 0.996751 0.938905
vt 0.996751 0.933546
vt 0.797519 0.989282
vt 0.796436 0.991961
vt 0.796436 0.989282
vt 0.286353 0.808146
vt 0.288494 0.856377
vt 0.286353 0.856377
vt 0.392027 0.989282
vt 0.394734 0.991961
vt 0.392027 0.991961
vt 0.270737 0.967846
vt 0.276152 0.946409
vt 0.276152 0.967846
vt 0.222005 0.589496
vt 0.173272 0.643087
vt 0.173272 0.589496
vt 0.934586 0.724544
vt 0.940001 0.703108
vt 0.940001 0.724544
vt 0.671429 0.270096
vt 0.660600 0.000000
vt 0.671429 0.000000
vt 0.714747 0.270096
vt 0.703917 0.000000
vt 0.714747 0.000000
vt 0.414770 0.946409
vt 0.411521 0.973205
vt 0.411521 0.946409
vt 0.310265 0.975348
vt 0.312972 0.978564
vt 0.310265 0.978564
vt 0.901015 0.332261
vt 0.904264 0.225080
vt 0.904264 0.332261
vt 0.747235 0.773848
vt 0.736406 0.832797
vt 0.736406 0.773848
vt 0.526937 0.949625
vt 0.529645 0.956056
vt 0.526937 0.956056
vt 0.798602 0.989282
vt 0.797519 0.991961
vt 0.075806 0.699357
vt 0.064977 0.817256
vt 0.064977 0.699357
vt 0.573963 0.653805
vt 0.571256 0.715434
vt 0.571256 0.653805
vt 0.979965 0.431404
vt 0.977258 0.420686
vt 0.979965 0.420686
vt 0.075806 0.967846
vt 0.081221 0.946409
vt 0.081221 0.967846
vt 0.032489 0.889067
vt 0.021659 0.860128
vt 0.032489 0.860128
vt 0.364954 0.968917
vt 0.362247 0.965702
vt 0.364954 0.965702
vt 0.097465 0.836013
vt 0.108295 0.868167
vt 0.097465 0.868167
vt 0.902098 0.471597
vt 0.905346 0.364416
vt 0.905346 0.471597
vt 0.795968 0.810289
vt 0.790553 0.540193
vt 0.795968 0.540193
vt 0.945416 0.393355
vt 0.940001 0.364416
vt 0.945416 0.364416
vt 0.596247 0.946409
vt 0.592998 0.967846
vt 0.592998 0.946409
vt 0.356831 0.992497
vt 0.354123 0.989282
vt 0.356831 0.989282
vt 0.043318 0.889067
vt 0.032489 0.860128
vt 0.043318 0.860128
vt 0.882604 0.391211
vt 0.885853 0.364416
vt 0.885853 0.391211
vt 0.157028 0.926045
vt 0.151613 0.897106
vt 0.157028 0.897106
vt 0.950375 0.946409
vt 0.947126 0.967846
vt 0.947126 0.946409
vt 0.975092 0.760986
vt 0.971843 0.777063
vt 0.980507 0.948553
vt 0.985922 0.948553
vt 0.934586 0.627010
vt 0.931338 0.677921
vt 0.931338 0.627010
vt 0.156485 0.989282
vt 0.155402 1.000000
vt 0.155402 0.989282
vt 0.208468 0.926045
vt 0.203053 0.897106
vt 0.208468 0.897106
vt 0.999458 0.041801
vt 0.996751 0.035370
vt 0.999458 0.035370
vt 0.983214 0.959271
vt 0.980507 0.948553
vt 0.983214 0.948553
vt 0.134826 0.989282
vt 0.133743 1.000000
vt 0.133743 0.989282
vt 0.791022 0.989282
vt 0.789939 0.991961
vt 0.789939 0.989282
vt 0.433180 0.625938
vt 0.476498 0.671490
vt 0.433180 0.671490
vt 0.297268 0.992497
vt 0.294561 0.989282
vt 0.297268 0.989282
vt 0.413686 0.989282
vt 0.416393 0.991961
vt 0.272902 0.992497
vt 0.270195 0.989282
vt 0.272902 0.989282
vt 0.606452 0.891747
vt 0.603745 0.942658
vt 0.603745 0.891747
vt 0.999458 0.048231
vt 0.996751 0.041801
vt 0.999458 0.041801
vt 0.963826 0.466030
vt 0.969241 0.455312
vt 0.969241 0.466030
vt 0.913256 0.359057
vt 0.916505 0.294748
vt 0.916505 0.359057
vt 0.050897 0.994641
vt 0.053605 0.989282
vt 0.053605 0.994641
vt 0.801383 0.810289
vt 0.801383 0.540193
vt 0.799685 0.989282
vt 0.798602 0.991961
vt 0.980507 0.739550
vt 0.985922 0.744909
vt 0.980507 0.744909
vt 0.246371 0.939978
vt 0.251786 0.918542
vt 0.251786 0.939978
vt 0.595622 0.450161
vt 0.541475 0.509110
vt 0.541475 0.450161
vt 0.425630 0.989282
vt 0.426058 0.946409
vt 0.426058 0.989282
vt 0.999458 0.054662
vt 0.996751 0.048231
vt 0.999458 0.048231
vt 0.408814 0.956056
vt 0.406106 0.952840
vt 0.408814 0.952840
vt 0.877190 0.621650
vt 0.882604 0.535906
vt 0.882604 0.621650
vt 0.828457 0.810289
vt 0.823042 0.540193
vt 0.828457 0.540193
vt 0.860945 0.209003
vt 0.857696 0.230439
vt 0.857696 0.209003
vt 0.940001 0.422294
vt 0.945416 0.422294
vt 0.980507 0.969989
vt 0.983214 0.969989
vt 0.387155 0.949625
vt 0.384447 0.946409
vt 0.387155 0.946409
vt 0.213883 0.926045
vt 0.208468 0.897106
vt 0.213883 0.897106
vt 0.291314 0.946409
vt 0.288065 0.978564
vt 0.288065 0.946409
vt 0.969241 0.476748
vt 0.980507 0.975348
vt 0.985922 0.969989
vt 0.985922 0.975348
vt 0.134826 1.000000
vt 0.135909 0.989282
vt 0.135909 1.000000
vt 0.757067 0.972133
vt 0.754359 0.946409
vt 0.757067 0.946409
vt 0.376325 0.962487
vt 0.373618 0.959271
vt 0.376325 0.959271
vt 0.898393 0.946409
vt 0.895144 0.946409
vt 0.994585 0.480171
vt 0.991336 0.485530
vt 0.991336 0.480171
vt 0.312972 0.975348
vt 0.315680 0.978564
vt 0.312972 0.978564
vt 0.275609 0.992497
vt 0.272902 0.989282
vt 0.275609 0.989282
vt 0.901642 0.946409
vt 0.898393 0.967846
vt 0.898393 0.946409
vt 0.884770 0.889603
vt 0.881521 0.937835
vt 0.881521 0.889603
vt 0.457546 0.946409
vt 0.462961 0.924973
vt 0.462961 0.946409
vt 0.983214 0.760986
vt 0.980507 0.750268
vt 0.983214 0.750268
vt 0.416393 0.989282
vt 0.419100 0.991961
vt 0.977258 0.498392
vt 0.979965 0.495713
vt 0.979965 0.498392
vt 0.963826 0.219514
vt 0.969241 0.230232
vt 0.963826 0.230232
vt 0.419100 0.989282
vt 0.421808 0.991961
vt 0.419100 0.991961
vt 0.315680 0.956056
vt 0.318387 0.952840
vt 0.318387 0.956056
vt 0.980507 0.980707
vt 0.980507 0.975348
vt 0.988629 0.862808
vt 0.985922 0.852090
vt 0.988629 0.852090
vt 0.977258 0.356377
vt 0.979965 0.367095
vt 0.977258 0.367095
vt 0.753733 0.878885
vt 0.750484 0.921758
vt 0.750484 0.878885
vt 0.254493 0.852090
vt 0.255525 0.803858
vt 0.255525 0.852090
vt 0.985922 0.980707
vt 0.980507 0.986066
vt 0.980507 0.980707
vt 0.449424 0.786709
vt 0.433180 0.821543
vt 0.433180 0.786709
vt 0.327051 0.751876
vt 0.323802 0.754555
vt 0.323802 0.751876
vt 0.999458 0.061093
vt 0.996751 0.054662
vt 0.075806 0.817256
vt 0.086636 0.699357
vt 0.086636 0.817256
vt 0.898472 0.884244
vt 0.899756 0.836013
vt 0.899756 0.884244
vt 0.368203 0.698285
vt 0.324885 0.652733
vt 0.368203 0.652733
vt 0.774309 0.430868
vt 0.768894 0.160772
vt 0.774309 0.160772
vt 0.975092 0.407288
vt 0.971843 0.423365
vt 0.971843 0.407288
vt 0.963826 0.342980
vt 0.960577 0.364416
vt 0.960577 0.342980
vt 0.912927 0.000000
vt 0.909678 0.085745
vt 0.909678 0.000000
vt 0.504655 0.851554
vt 0.498157 0.854233
vt 0.498157 0.851554
vt 0.421808 0.989282
vt 0.424515 0.991961
vt 0.565841 0.718113
vt 0.565841 0.653805
vt 0.994585 0.239014
vt 0.991336 0.244373
vt 0.991336 0.239014
vt 0.426486 0.946409
vt 0.426486 0.989282
vt 0.809505 0.943194
vt 0.814920 0.921758
vt 0.814920 0.943194
vt 0.983756 0.696677
vt 0.980507 0.707395
vt 0.980507 0.696677
vt 0.541475 0.939978
vt 0.546890 0.918542
vt 0.546890 0.939978
vt 0.354125 0.956056
vt 0.351417 0.952840
vt 0.354125 0.952840
vt 0.173272 0.760986
vt 0.197638 0.696677
vt 0.197638 0.760986
vt 0.955162 0.021436
vt 0.960577 0.000000
vt 0.960577 0.021436
vt 0.335173 0.975348
vt 0.332466 0.972133
vt 0.335173 0.972133
vt 0.983214 0.894962
vt 0.980507 0.884244
vt 0.983214 0.884244
vt 0.800768 0.989282
vt 0.799685 0.991961
vt 0.799685 0.989282
vt 0.902098 0.578778
vt 0.975092 0.278671
vt 0.971843 0.294748
vt 0.971843 0.278671
vt 0.251244 0.787781
vt 0.247996 0.790461
vt 0.247996 0.787781
vt 0.313513 0.989282
vt 0.316220 0.992497
vt 0.313513 0.992497
vt 0.259908 0.476956
vt 0.194931 0.589496
vt 0.194931 0.476956
vt 0.963826 0.551775
vt 0.969241 0.541057
vt 0.969241 0.551775
vt 0.638941 0.778671
vt 0.635692 0.781350
vt 0.635692 0.778671
vt 0.979965 0.434084
vt 0.977258 0.436763
vt 0.977258 0.434084
vt 0.994585 0.469453
vt 0.991336 0.474812
vt 0.991336 0.469453
vt 0.902098 0.940514
vt 0.907512 0.919078
vt 0.907512 0.940514
vt 0.167857 0.852090
vt 0.154320 0.825295
vt 0.167857 0.825295
vt 0.219297 0.926045
vt 0.219297 0.897106
vt 0.977258 0.214362
vt 0.971843 0.225080
vt 0.971843 0.214362
vt 0.189516 0.902465
vt 0.173272 0.886388
vt 0.189516 0.886388
vt 0.500864 0.696141
vt 0.476498 0.760450
vt 0.476498 0.696141
vt 0.996751 0.066452
vt 1.000000 0.061093
vt 1.000000 0.066452
vt 0.667722 0.946409
vt 0.664474 0.967846
vt 0.664474 0.946409
vt 0.963826 0.562493
vt 0.969241 0.551775
vt 0.969241 0.562493
vt 0.254493 0.790461
vt 0.238249 0.825295
vt 0.238249 0.790461
vt 0.240956 0.886388
vt 0.224712 0.902465
vt 0.224712 0.886388
vt 0.156485 1.000000
vt 0.157568 0.989282
vt 0.157568 1.000000
vt 0.840736 0.842444
vt 0.829907 0.871382
vt 0.829907 0.842444
vt 0.985922 0.000000
vt 0.988629 0.010718
vt 0.985922 0.010718
vt 0.029239 0.989282
vt 0.025991 0.994641
vt 0.025991 0.989282
vt 0.835322 0.892819
vt 0.829907 0.921758
vt 0.829907 0.892819
vt 0.660600 0.754555
vt 0.671429 0.625938
vt 0.671429 0.754555
vt 1.000000 0.066452
vt 0.996751 0.071811
vt 0.996751 0.066452
vt 0.253237 0.897106
vt 0.258652 0.926045
vt 0.253237 0.926045
vt 0.994585 0.560557
vt 0.991336 0.565916
vt 0.991336 0.560557
vt 0.671429 0.540193
vt 0.660599 0.270096
vt 0.671429 0.270096
vt 0.241498 0.787781
vt 0.238249 0.790461
vt 0.238249 0.787781
vt 0.747235 0.922829
vt 0.741821 0.893890
vt 0.747235 0.893890
vt 0.525231 0.704180
vt 0.530646 0.596999
vt 0.530646 0.704180
vt 0.270737 0.752947
vt 0.254493 0.803858
vt 0.254493 0.752947
vt 0.999458 0.078242
vt 0.999458 0.071811
vt 0.424515 0.989282
vt 0.427222 0.991961
vt 0.823042 0.272240
vt 0.817627 0.336549
vt 0.817627 0.272240
vt 0.872402 0.967846
vt 0.875651 0.946409
vt 0.875651 0.967846
vt 0.264067 0.926045
vt 0.258652 0.897106
vt 0.264067 0.897106
vt 0.747235 0.463022
vt 0.736406 0.645230
vt 0.736406 0.463022
vt 0.312972 0.962487
vt 0.310265 0.962487
vt 0.985922 0.016077
vt 0.991336 0.016077
vt 0.706709 0.967846
vt 0.703460 0.946409
vt 0.706709 0.946409
vt 0.999458 0.084673
vt 0.996751 0.078242
vt 0.955162 0.042872
vt 0.960577 0.021436
vt 0.960577 0.042872
vt 0.264067 0.868167
vt 0.269481 0.803858
vt 0.269481 0.868167
vt 0.427222 0.989282
vt 0.429930 0.991961
vt 0.427222 0.991961
vt 0.411521 0.540193
vt 0.346544 0.270096
vt 0.411521 0.270096
vt 0.373075 0.989282
vt 0.375782 0.991961
vt 0.373075 0.991961
vt 0.222005 0.643087
vt 0.270737 0.589496
vt 0.270737 0.643087
vt 0.541475 0.653805
vt 0.544724 0.651125
vt 0.544724 0.653805
vt 0.368203 0.652733
vt 0.411521 0.698285
vt 0.368203 0.698285
vt 0.979965 0.383173
vt 0.977258 0.372454
vt 0.979965 0.372454
vt 0.259908 0.575563
vt 0.263157 0.586281
vt 0.259908 0.586281
vt 0.747235 0.645230
vt 0.736406 0.773848
vt 0.736406 0.645230
vt 0.975092 0.777063
vt 0.971843 0.793140
vt 0.971843 0.777063
vt 0.787033 0.989824
vt 0.786145 0.991927
vt 0.784735 0.989980
vt 0.269481 0.926045
vt 0.264067 0.897106
vt 0.269481 0.897106
vt 0.389862 0.959271
vt 0.387155 0.956056
vt 0.389862 0.956056
vt 0.429930 0.989282
vt 0.432637 0.991961
vt 0.429930 0.991961
vt 0.955162 0.064309
vt 0.960577 0.042872
vt 0.960577 0.064309
vt 0.658434 0.623258
vt 0.655185 0.625938
vt 0.655185 0.623258
vt 0.427765 0.599142
vt 0.441302 0.625938
vt 0.427765 0.625938
vt 0.668180 0.588424
vt 0.668180 0.540193
vt 0.862655 0.967846
vt 0.865904 0.946409
vt 0.865904 0.967846
vt 0.977258 0.369775
vt 0.979965 0.369775
vt 0.801851 0.989282
vt 0.800768 0.991961
vt 0.806798 0.810289
vt 0.806798 0.540193
vt 0.292396 0.877813
vt 0.276152 0.893891
vt 0.276152 0.877813
vt 0.227419 0.967846
vt 0.232834 0.946409
vt 0.232834 0.967846
vt 0.421267 0.946409
vt 0.418019 0.973205
vt 0.418019 0.946409
vt 0.747235 0.182208
vt 0.758065 0.000000
vt 0.758065 0.182208
vt 0.980507 0.803858
vt 0.985922 0.809217
vt 0.980507 0.809217
vt 0.999458 0.091104
vt 0.996751 0.084673
vt 0.329217 0.879957
vt 0.340046 0.851018
vt 0.340046 0.879957
vt 0.435344 0.991961
vt 0.432637 0.989282
vt 0.435344 0.989282
vt 0.697420 0.767953
vt 0.694171 0.770632
vt 0.694171 0.767953
vt 0.994044 0.036442
vt 0.991336 0.033226
vt 0.994044 0.033226
vt 0.768894 0.818864
vt 0.779724 0.700965
vt 0.779724 0.818864
vt 1.000000 0.091104
vt 0.996751 0.096463
vt 0.996751 0.091104
vt 0.935669 0.918542
vt 0.930255 0.889603
vt 0.935669 0.889603
vt 0.335173 0.959271
vt 0.337880 0.962487
vt 0.335173 0.962487
vt 0.802934 0.989282
vt 0.801851 0.991961
vt 0.801851 0.989282
vt 0.453580 0.891211
vt 0.454549 0.842979
vt 0.454549 0.891211
vt 0.999458 0.102894
vt 0.996751 0.096463
vt 0.999458 0.096463
vt 0.932421 0.281350
vt 0.929172 0.292069
vt 0.929172 0.281350
vt 0.228502 0.787781
vt 0.225254 0.790461
vt 0.225254 0.787781
vt 0.735547 0.886677
vt 0.728464 0.896398
vt 0.724061 0.885866
vt 0.983214 0.819936
vt 0.980507 0.809217
vt 0.983214 0.809217
vt 0.975092 0.535906
vt 0.971843 0.551983
vt 0.971843 0.535906
vt 0.557260 0.956056
vt 0.554553 0.952840
vt 0.557260 0.952840
vt 0.435345 0.989282
vt 0.438052 0.991961
vt 0.435345 0.991961
vt 0.152153 0.989282
vt 0.151070 1.000000
vt 0.151070 0.989282
vt 0.994585 0.244373
vt 0.991336 0.249732
vt 0.991336 0.244373
vt 0.438052 0.989282
vt 0.440759 0.991961
vt 0.438052 0.991961
vt 0.592915 0.846731
vt 0.590208 0.900321
vt 0.590208 0.846731
vt 0.885853 0.530546
vt 0.882604 0.503751
vt 0.885853 0.503751
vt 0.975092 0.793140
vt 0.971843 0.809217
vt 0.971843 0.793140
vt 0.999458 0.109325
vt 0.996751 0.102894
vt 0.917259 0.940514
vt 0.922674 0.919078
vt 0.922674 0.940514
vt 0.820334 0.921758
vt 0.820334 0.943194
vt 0.860945 0.364416
vt 0.874482 0.342980
vt 0.874482 0.364416
vt 0.919425 0.182208
vt 0.916176 0.246517
vt 0.916176 0.182208
vt 0.977258 0.385852
vt 0.979965 0.385852
vt 0.642189 0.754555
vt 0.638940 0.757235
vt 0.638940 0.754555
vt 0.904891 0.946409
vt 0.901642 0.967846
vt 0.901642 0.946409
vt 0.422350 0.652733
vt 0.411521 0.781350
vt 0.411521 0.652733
vt 0.975092 0.632369
vt 0.971843 0.648446
vt 0.971843 0.632369
vt 0.985922 0.798499
vt 0.980507 0.793140
vt 0.985922 0.793140
vt 0.259280 0.852090
vt 0.261421 0.803858
vt 0.261421 0.852090
vt 0.994585 0.249732
vt 0.991336 0.255091
vt 0.977258 0.463558
vt 0.979965 0.466238
vt 0.977258 0.466238
vt 0.278317 0.992497
vt 0.275609 0.989282
vt 0.278317 0.989282
vt 0.977258 0.501072
vt 0.999458 0.115755
vt 0.996751 0.109325
vt 0.999458 0.109325
vt 0.340586 0.992497
vt 0.337879 0.989282
vt 0.340586 0.989282
vt 0.340588 0.952840
vt 0.337880 0.952840
vt 0.568549 0.902465
vt 0.584793 0.886388
vt 0.584793 0.902465
vt 0.687673 0.853698
vt 0.681176 0.851018
vt 0.687673 0.851018
vt 0.929171 0.064309
vt 0.925923 0.117899
vt 0.925923 0.064309
vt 0.829907 0.943194
vt 0.835321 0.921758
vt 0.835321 0.943194
vt 0.793261 0.889603
vt 0.790553 0.940514
vt 0.790553 0.889603
vt 0.897187 0.836013
vt 0.898472 0.836013
vt 0.296554 0.872454
vt 0.291139 0.808146
vt 0.296554 0.808146
vt 0.301060 0.818864
vt 0.297811 0.757235
vt 0.301060 0.757235
vt 0.170023 0.653805
vt 0.166774 0.707395
vt 0.166774 0.653805
vt 0.804017 0.989282
vt 0.802934 0.991961
vt 0.802934 0.989282
vt 0.440759 0.989282
vt 0.443467 0.991961
vt 0.440759 0.991961
vt 0.270737 0.543408
vt 0.259908 0.273312
vt 0.270737 0.273312
vt 0.552304 0.839228
vt 0.541475 0.836013
vt 0.552304 0.836013
vt 0.912927 0.117899
vt 0.909678 0.203644
vt 0.909678 0.117899
vt 0.908139 0.946409
vt 0.904891 0.967846
vt 0.904891 0.946409
vt 0.809505 0.892819
vt 0.798676 0.863880
vt 0.809505 0.863880
vt 0.805100 0.989282
vt 0.804017 0.991961
vt 0.804017 0.989282
vt 0.321095 0.959271
vt 0.318387 0.959271
vt 0.921591 0.664523
vt 0.918342 0.728832
vt 0.918342 0.664523
vt 0.281567 0.808146
vt 0.297811 0.757235
vt 0.297811 0.808146
vt 0.392569 0.965702
vt 0.389862 0.962487
vt 0.392569 0.962487
vt 0.321095 0.978564
vt 0.323802 0.975348
vt 0.323802 0.978564
vt 0.994585 0.131833
vt 0.991336 0.126474
vt 0.994585 0.126474
vt 0.747235 0.864951
vt 0.747235 0.832797
vt 0.356832 0.952840
vt 0.359539 0.949625
vt 0.359539 0.952840
vt 0.703917 0.882636
vt 0.693088 0.853698
vt 0.703917 0.853698
vt 0.928089 0.364416
vt 0.924840 0.428724
vt 0.924840 0.364416
vt 0.883687 0.342980
vt 0.878273 0.278671
vt 0.883687 0.278671
vt 0.919425 0.064309
vt 0.916176 0.075027
vt 0.916176 0.064309
vt 0.676844 0.927653
vt 0.671429 0.898714
vt 0.676844 0.898714
vt 0.224712 0.857449
vt 0.235542 0.828510
vt 0.235542 0.857449
vt 0.945416 0.451232
vt 0.940001 0.422294
vt 0.945416 0.422294
vt 0.703917 0.770632
vt 0.671429 0.802787
vt 0.671429 0.770632
vt 0.422350 0.781350
vt 0.433180 0.652733
vt 0.433180 0.781350
vt 0.443467 0.989282
vt 0.446174 0.991961
vt 0.443467 0.991961
vt 0.676844 0.898714
vt 0.682258 0.927653
vt 0.676844 0.927653
vt 0.979965 0.530547
vt 0.977258 0.527867
vt 0.979965 0.527867
vt 0.446174 0.989282
vt 0.448881 0.991961
vt 0.446174 0.991961
vt 0.395277 0.978564
vt 0.392569 0.975348
vt 0.395277 0.975348
vt 0.426809 0.946409
vt 0.426809 0.989282
vt 0.774309 0.700965
vt 0.768894 0.430868
vt 0.774309 0.430868
vt 0.635692 0.542872
vt 0.638940 0.540193
vt 0.638940 0.542872
vt 0.994585 0.843515
vt 0.991336 0.848874
vt 0.991336 0.843515
vt 0.985922 0.021436
vt 0.991336 0.021436
vt 0.348710 0.965702
vt 0.346002 0.962487
vt 0.348710 0.962487
vt 0.323802 0.962487
vt 0.326509 0.965702
vt 0.323802 0.965702
vt 0.963826 0.573211
vt 0.969241 0.562493
vt 0.969241 0.573211
vt 0.642189 0.625938
vt 0.645438 0.623258
vt 0.645438 0.625938
vt 0.397984 0.949625
vt 0.395277 0.946409
vt 0.397984 0.946409
vt 0.010830 0.934083
vt 0.005415 0.905144
vt 0.010830 0.905144
vt 0.963826 0.583929
vt 0.969241 0.583929
vt 0.985922 0.026795
vt 0.991336 0.026795
vt 0.519816 0.679528
vt 0.525231 0.650589
vt 0.525231 0.679528
vt 0.927006 0.846731
vt 0.930254 0.905680
vt 0.927006 0.905680
vt 0.977258 0.533226
vt 0.977258 0.530547
vt 0.151613 0.707395
vt 0.140783 0.825295
vt 0.140783 0.707395
vt 0.994585 0.918542
vt 0.991336 0.923901
vt 0.991336 0.918542
vt 0.985922 0.862808
vt 0.988629 0.873526
vt 0.985922 0.873526
vt 0.963826 0.594647
vt 0.969241 0.583929
vt 0.969241 0.594647
vt 0.969241 0.144487
vt 0.963826 0.155205
vt 0.963826 0.144487
vt 0.963826 0.605366
vt 0.969241 0.605366
vt 0.928089 0.471597
vt 0.924840 0.535906
vt 0.924840 0.471597
vt 0.979965 0.468917
vt 0.977258 0.468917
vt 0.250702 1.000000
vt 0.251785 0.989282
vt 0.251785 1.000000
vt 0.387155 0.965702
vt 0.384447 0.962487
vt 0.387155 0.962487
vt 0.448881 0.989282
vt 0.451589 0.991961
vt 0.448881 0.991961
vt 0.617281 0.270096
vt 0.606452 0.000000
vt 0.617281 0.000000
vt 0.682258 0.898714
vt 0.687673 0.927653
vt 0.353042 0.786709
vt 0.349793 0.789389
vt 0.983214 0.109861
vt 0.980507 0.099143
vt 0.983214 0.099143
vt 0.693088 0.927653
vt 0.687673 0.898714
vt 0.693088 0.898714
vt 0.902564 0.989282
vt 0.901481 0.991961
vt 0.901481 0.989282
vt 0.075807 0.883708
vt 0.059562 0.899785
vt 0.059562 0.883708
vt 0.362245 0.989282
vt 0.364953 0.991961
vt 0.362245 0.991961
vt 0.326509 0.949625
vt 0.329217 0.952840
vt 0.326509 0.952840
vt 0.955162 0.085745
vt 0.960577 0.064309
vt 0.960577 0.085745
vt 0.994585 0.255091
vt 0.991336 0.260450
vt 0.991336 0.255091
vt 0.427765 0.888531
vt 0.411521 0.872454
vt 0.427765 0.872454
vt 0.979965 0.560021
vt 0.977258 0.549303
vt 0.979965 0.549303
vt 0.935669 0.168274
vt 0.941084 0.146838
vt 0.941084 0.168274
vt 0.343295 0.956056
vt 0.340588 0.956056
vt 0.945416 0.500536
vt 0.940001 0.471597
vt 0.945416 0.471597
vt 0.348710 0.978564
vt 0.348710 0.975348
vt 0.985922 0.032154
vt 0.991336 0.026795
vt 0.991336 0.032154
vt 0.971843 0.267953
vt 0.977258 0.257235
vt 0.977258 0.267953
vt 0.476498 0.542872
vt 0.473249 0.566988
vt 0.473249 0.542872
vt 0.497156 0.956056
vt 0.491742 0.952840
vt 0.497156 0.952840
vt 0.596247 0.967846
vt 0.599496 0.946409
vt 0.599496 0.967846
vt 0.983214 0.254555
vt 0.980507 0.243837
vt 0.983214 0.243837
vt 0.321095 0.975348
vt 0.323802 0.972133
vt 0.451589 0.989282
vt 0.454296 0.991961
vt 0.451589 0.991961
vt 0.379032 0.949625
vt 0.376325 0.946409
vt 0.379032 0.946409
vt 0.975092 0.809217
vt 0.971843 0.825295
vt 0.452297 0.842979
vt 0.453580 0.842979
vt 0.969241 0.616084
vt 0.963826 0.616084
vt 0.487327 0.826902
vt 0.476498 0.823687
vt 0.487327 0.823687
vt 0.599496 0.967846
vt 0.602745 0.946409
vt 0.602745 0.967846
vt 0.955162 0.107181
vt 0.960577 0.085745
vt 0.960577 0.107181
vt 0.779724 0.885316
vt 0.774309 0.914255
vt 0.774309 0.885316
vt 0.238249 0.946409
vt 0.238249 0.967846
vt 0.985922 0.037513
vt 0.991336 0.032154
vt 0.991336 0.037513
vt 0.453838 0.956056
vt 0.448424 0.952840
vt 0.453838 0.952840
vt 0.384447 0.978564
vt 0.384447 0.975348
vt 0.994585 0.260450
vt 0.991336 0.265809
vt 0.991336 0.260450
vt 0.081221 0.903001
vt 0.077972 0.940514
vt 0.077972 0.903001
vt 0.335173 0.956056
vt 0.337880 0.959271
vt 0.983214 0.771704
vt 0.980507 0.760986
vt 0.983214 0.760986
vt 0.759774 0.972133
vt 0.757067 0.946409
vt 0.759774 0.946409
vt 0.999458 0.122186
vt 0.996751 0.115755
vt 0.999458 0.115755
vt 0.016244 0.989282
vt 0.012995 0.994641
vt 0.012995 0.989282
vt 0.977258 0.447481
vt 0.979965 0.450161
vt 0.977258 0.450161
vt 0.157028 0.881029
vt 0.162442 0.909968
vt 0.157028 0.909968
vt 0.851199 0.000000
vt 0.847950 0.192926
vt 0.847950 0.000000
vt 0.999458 0.128617
vt 0.996751 0.122186
vt 0.999458 0.122186
vt 0.698503 0.898714
vt 0.693088 0.927653
vt 0.693088 0.898714
vt 0.996751 0.128617
vt 0.999458 0.135048
vt 0.996751 0.135048
vt 0.969241 0.487466
vt 0.963826 0.476748
vt 0.969241 0.476748
vt 0.985922 0.048232
vt 0.988629 0.037513
vt 0.988629 0.048232
vt 0.379032 0.978564
vt 0.376325 0.975348
vt 0.379032 0.975348
vt 0.366037 0.842979
vt 0.362788 0.845659
vt 0.362788 0.842979
vt 0.999458 0.141479
vt 0.996751 0.141479
vt 0.334632 0.924973
vt 0.329217 0.896034
vt 0.334632 0.896034
vt 0.983756 0.610932
vt 0.980507 0.621651
vt 0.980507 0.610932
vt 0.991336 0.137192
vt 0.991336 0.131833
vt 0.940001 0.500536
vt 0.945416 0.529475
vt 0.940001 0.529475
vt 0.698503 0.898714
vt 0.703917 0.927653
vt 0.698503 0.927653
vt 0.400691 0.978564
vt 0.397984 0.975348
vt 0.400691 0.975348
vt 0.895600 0.934619
vt 0.901015 0.913183
vt 0.901015 0.934619
vt 0.985922 0.048232
vt 0.988629 0.058950
vt 0.985922 0.058950
vt 0.983756 0.535906
vt 0.980507 0.546624
vt 0.980507 0.535906
vt 0.953624 0.946409
vt 0.950375 0.967846
vt 0.476498 0.851018
vt 0.473791 0.904609
vt 0.473791 0.851018
vt 0.768894 0.653805
vt 0.758065 0.782422
vt 0.758065 0.653805
vt 0.991336 0.026795
vt 0.994044 0.026795
vt 0.482996 0.760450
vt 0.479747 0.763130
vt 0.479747 0.760450
vt 0.963826 0.364416
vt 0.960577 0.385852
vt 0.379032 0.959271
vt 0.376325 0.956056
vt 0.379032 0.956056
vt 0.732442 0.806002
vt 0.731411 0.854233
vt 0.731411 0.806002
vt 0.988629 0.069668
vt 0.985922 0.058950
vt 0.988629 0.058950
vt 0.963826 0.626802
vt 0.969241 0.616084
vt 0.969241 0.626802
vt 0.054148 0.831190
vt 0.043318 0.827974
vt 0.054148 0.827974
vt 0.454296 0.989282
vt 0.457004 0.991961
vt 0.454296 0.991961
vt 0.840736 0.921758
vt 0.840736 0.943194
vt 0.945416 0.558414
vt 0.323802 0.956056
vt 0.326509 0.959271
vt 0.323802 0.959271
vt 0.999458 0.147910
vt 0.996751 0.141479
vt 0.999458 0.141479
vt 0.340046 0.924973
vt 0.340046 0.896034
vt 0.541475 0.763129
vt 0.538226 0.797963
vt 0.538226 0.763129
vt 0.980507 0.905680
vt 0.983214 0.894962
vt 0.983214 0.905680
vt 0.281567 0.000000
vt 0.346544 0.000000
vt 0.996751 0.147910
vt 0.999458 0.154341
vt 0.996751 0.154341
vt 0.977258 0.562701
vt 0.979965 0.565380
vt 0.977258 0.565380
vt 0.895600 0.482315
vt 0.898849 0.364416
vt 0.898849 0.482315
vt 0.158651 0.989282
vt 0.157568 0.989282
vt 0.337880 0.975348
vt 0.335173 0.972133
vt 0.337880 0.972133
vt 0.508986 0.883172
vt 0.498157 0.854233
vt 0.508986 0.854233
vt 0.975092 0.294748
vt 0.971843 0.310825
vt 0.766187 0.942658
vt 0.768894 0.891747
vt 0.768894 0.942658
vt 0.354125 0.972133
vt 0.351417 0.968917
vt 0.354125 0.968917
vt 0.385530 0.871918
vt 0.369286 0.887996
vt 0.369286 0.871918
vt 0.991336 0.787781
vt 0.994044 0.794212
vt 0.991336 0.794212
vt 0.979965 0.452840
vt 0.457003 0.989282
vt 0.459711 0.991961
vt 0.457003 0.991961
vt 0.356832 0.962487
vt 0.354125 0.959271
vt 0.356832 0.959271
vt 0.408814 0.965702
vt 0.406106 0.962487
vt 0.408814 0.962487
vt 0.983756 0.353698
vt 0.980507 0.353698
vt 0.999458 0.160771
vt 0.996751 0.154341
vt 0.999458 0.154341
vt 0.372535 0.751876
vt 0.369286 0.786709
vt 0.369286 0.751876
vt 0.427973 0.946409
vt 0.427545 0.989282
vt 0.427545 0.946409
vt 0.833871 0.270096
vt 0.828457 0.000000
vt 0.833871 0.000000
vt 0.459711 0.989282
vt 0.462418 0.991961
vt 0.459711 0.991961
vt 0.979965 0.581458
vt 0.977258 0.578778
vt 0.979965 0.578778
vt 0.765189 0.967846
vt 0.768438 0.946409
vt 0.768438 0.967846
vt 0.373618 0.956056
vt 0.933503 0.782422
vt 0.930255 0.836013
vt 0.930255 0.782422
vt 0.952996 0.042872
vt 0.949748 0.085745
vt 0.949748 0.042872
vt 0.449424 0.941586
vt 0.454839 0.920150
vt 0.454839 0.941586
vt 0.345461 0.924973
vt 0.345461 0.896034
vt 0.411521 0.978564
vt 0.408814 0.975348
vt 0.411521 0.975348
vt 0.000000 0.270096
vt 0.010830 0.273312
vt 0.000000 0.273312
vt 0.977258 0.597535
vt 0.979965 0.608253
vt 0.977258 0.608253
vt 0.383364 0.842979
vt 0.372535 0.871918
vt 0.372535 0.842979
vt 0.946499 0.168274
vt 0.951914 0.146838
vt 0.951914 0.168274
vt 0.284213 0.808146
vt 0.282599 0.856377
vt 0.282599 0.808146
vt 0.403399 0.968917
vt 0.400691 0.965702
vt 0.403399 0.965702
vt 0.343295 0.959271
vt 0.963826 0.637520
vt 0.969241 0.626802
vt 0.969241 0.637520
vt 0.397441 0.989282
vt 0.394734 0.989282
vt 0.159734 0.989282
vt 0.158651 1.000000
vt 0.971843 0.696677
vt 0.975092 0.680600
vt 0.975092 0.696677
vt 0.385530 0.698285
vt 0.359540 0.751876
vt 0.359540 0.698285
vt 0.081221 0.881565
vt 0.086636 0.910504
vt 0.081221 0.910504
vt 0.979965 0.610932
vt 0.977258 0.613612
vt 0.977258 0.610932
vt 0.886936 0.278671
vt 0.886936 0.342980
vt 0.468376 0.924973
vt 0.468376 0.946409
vt 0.988629 0.080386
vt 0.985922 0.069668
vt 0.465126 0.991961
vt 0.462418 0.989282
vt 0.465126 0.989282
vt 0.340046 0.824223
vt 0.356291 0.789389
vt 0.356291 0.824223
vt 0.677927 0.767953
vt 0.674678 0.770632
vt 0.674678 0.767953
vt 0.983756 0.439443
vt 0.980507 0.450161
vt 0.980507 0.439443
vt 0.567466 0.651125
vt 0.570715 0.653805
vt 0.567466 0.653805
vt 0.379032 0.962487
vt 0.376325 0.959271
vt 0.546890 0.939978
vt 0.552305 0.918542
vt 0.552305 0.939978
vt 0.895600 0.600214
vt 0.898849 0.482315
vt 0.898849 0.600214
vt 0.560509 0.959807
vt 0.557260 0.970525
vt 0.557260 0.959807
vt 0.963826 0.648238
vt 0.969241 0.648238
vt 1.000000 0.160771
vt 0.996751 0.166130
vt 0.996751 0.160771
vt 0.392569 0.972133
vt 0.395277 0.972133
vt 0.900724 0.884244
vt 0.901343 0.836013
vt 0.901343 0.884244
vt 0.703917 0.802787
vt 0.700669 0.853698
vt 0.700669 0.802787
vt 0.715373 0.967846
vt 0.718621 0.946409
vt 0.718621 0.967846
vt 0.999458 0.172561
vt 0.996751 0.166130
vt 0.999458 0.166130
vt 0.963826 0.240950
vt 0.969241 0.230232
vt 0.969241 0.240950
vt 0.297811 0.818864
vt 0.301060 0.821543
vt 0.297811 0.821543
vt 0.243664 0.946409
vt 0.243664 0.967846
vt 0.979965 0.640407
vt 0.977258 0.629689
vt 0.979965 0.629689
vt 0.750484 0.911039
vt 0.747235 0.921758
vt 0.747235 0.911039
vt 0.923757 0.728832
vt 0.920508 0.793140
vt 0.920508 0.728832
vt 0.988629 0.766345
vt 0.985922 0.755627
vt 0.988629 0.755627
vt 0.885853 0.493033
vt 0.889102 0.364416
vt 0.889102 0.493033
vt 0.467833 0.991961
vt 0.465126 0.989282
vt 0.467833 0.989282
vt 0.470540 0.989282
vt 0.467833 0.991961
vt 0.467833 0.989282
vt 0.524148 0.848874
vt 0.517650 0.851554
vt 0.517650 0.848874
vt 0.994585 0.180064
vt 0.991336 0.185423
vt 0.991336 0.180064
vt 0.397984 0.968917
vt 0.395277 0.965702
vt 0.397984 0.965702
vt 0.999458 0.178992
vt 0.996751 0.172561
vt 0.999458 0.172561
vt 0.421476 0.989282
vt 0.421798 0.946409
vt 0.421798 0.989282
vt 0.955162 0.128617
vt 0.960577 0.128617
vt 0.505278 0.956056
vt 0.499864 0.952840
vt 0.505278 0.952840
vt 0.276152 0.944266
vt 0.281567 0.922829
vt 0.281567 0.944266
vt 0.779724 0.430868
vt 0.774309 0.160772
vt 0.779724 0.160772
vt 0.043318 0.860128
vt 0.032489 0.831190
vt 0.043318 0.831190
vt 0.284816 0.946409
vt 0.281567 0.978564
vt 0.281567 0.946409
vt 0.541475 0.270096
vt 0.476498 0.404073
vt 0.476498 0.270096
vt 0.631360 0.784030
vt 0.637857 0.781350
vt 0.637857 0.784030
vt 0.563134 0.868167
vt 0.563134 0.839228
vt 0.977258 0.160772
vt 0.971843 0.171490
vt 0.971843 0.160772
vt 0.491742 0.956056
vt 0.489034 0.952840
vt 0.985922 0.803858
vt 0.980507 0.798499
vt 0.235000 0.787781
vt 0.231751 0.790461
vt 0.231751 0.787781
vt 0.977258 0.656484
vt 0.979965 0.659164
vt 0.977258 0.659164
vt 0.963826 0.251668
vt 0.969241 0.240950
vt 0.969241 0.251668
vt 0.917259 0.728832
vt 0.914010 0.742229
vt 0.914010 0.728832
vt 0.075806 0.854769
vt 0.064977 0.817256
vt 0.075806 0.817256
vt 0.318927 0.989282
vt 0.316220 0.992497
vt 0.316220 0.989282
vt 0.541475 0.718114
vt 0.541475 0.653805
vt 0.975092 0.825295
vt 0.971843 0.841372
vt 0.971843 0.825295
vt 0.318387 0.856377
vt 0.307558 0.827438
vt 0.318387 0.827438
vt 0.937835 0.197749
vt 0.932420 0.168810
vt 0.937835 0.168810
vt 0.660600 0.625938
vt 0.655185 0.676849
vt 0.392569 0.956056
vt 0.389862 0.952840
vt 0.392569 0.952840
vt 0.000000 0.476956
vt 0.064977 0.273312
vt 0.064977 0.476956
vt 0.937835 0.226688
vt 0.932420 0.197749
vt 0.937835 0.197749
vt 0.980507 0.385852
vt 0.983756 0.375134
vt 0.983756 0.385852
vt 0.146198 0.967846
vt 0.151613 0.946409
vt 0.151613 0.967846
vt 0.086636 0.653805
vt 0.113710 0.718114
vt 0.086636 0.718114
vt 0.194931 0.273312
vt 0.129954 0.270096
vt 0.194931 0.270096
vt 0.525231 0.760450
vt 0.521982 0.763129
vt 0.521982 0.760450
vt 0.812212 0.810289
vt 0.812212 0.540193
vt 0.988629 0.884244
vt 0.985922 0.884244
vt 0.911844 0.460879
vt 0.915093 0.471597
vt 0.911844 0.471597
vt 0.473248 0.989282
vt 0.470540 0.991961
vt 0.960577 0.407288
vt 0.963826 0.385852
vt 0.963826 0.407288
vt 0.949748 0.000000
vt 0.946499 0.045552
vt 0.946499 0.000000
vt 0.202879 0.894071
vt 0.191591 0.897909
vt 0.193391 0.886905
vt 0.977258 0.661843
vt 0.979965 0.661843
vt 0.326509 0.962487
vt 0.994585 0.848874
vt 0.991336 0.854233
vt 0.991336 0.848874
vt 0.952997 0.771704
vt 0.949748 0.814576
vt 0.949748 0.771704
vt 0.340588 0.968917
vt 0.337880 0.965702
vt 0.340588 0.965702
vt 0.476498 0.671490
vt 0.473791 0.733119
vt 0.473791 0.671490
vt 0.359539 0.975348
vt 0.362247 0.978564
vt 0.359539 0.978564
vt 0.592915 0.942122
vt 0.598330 0.920686
vt 0.598330 0.942122
vt 0.106129 0.918542
vt 0.102880 0.921222
vt 0.102880 0.918542
vt 0.395277 0.956056
vt 0.395277 0.952840
vt 0.384447 0.952840
vt 0.381740 0.949625
vt 0.384447 0.949625
vt 0.955162 0.130761
vt 0.951914 0.168274
vt 0.951914 0.130761
vt 0.354125 0.965702
vt 0.351417 0.962487
vt 0.354125 0.962487
vt 0.951372 0.519828
vt 0.954080 0.471597
vt 0.954080 0.519828
vt 0.729797 0.854233
vt 0.729797 0.806002
vt 0.475955 0.989282
vt 0.473248 0.991961
vt 0.473248 0.989282
vt 0.985922 0.080386
vt 0.988629 0.091104
vt 0.985922 0.091104
vt 0.932420 0.226688
vt 0.937835 0.255627
vt 0.932420 0.255627
vt 0.949748 0.786709
vt 0.944333 0.757770
vt 0.949748 0.757770
vt 0.315680 0.965702
vt 0.318387 0.962487
vt 0.318387 0.965702
vt 0.937835 0.284566
vt 0.335173 0.965702
vt 0.337880 0.968917
vt 0.335173 0.968917
vt 0.977258 0.677921
vt 0.979965 0.688639
vt 0.977258 0.688639
vt 0.955162 0.150054
vt 0.960577 0.128617
vt 0.960577 0.150054
vt 0.320553 0.754555
vt 0.320553 0.751876
vt 0.703917 0.767953
vt 0.700669 0.770632
vt 0.700669 0.767953
vt 0.475955 0.989282
vt 0.478663 0.991961
vt 0.475955 0.991961
vt 0.999458 0.185423
vt 0.996751 0.178992
vt 0.854448 0.375134
vt 0.857696 0.192926
vt 0.857696 0.375134
vt 0.340588 0.949625
vt 0.337880 0.946409
vt 0.340588 0.946409
vt 0.563758 0.967846
vt 0.567007 0.946409
vt 0.567007 0.967846
vt 0.159734 0.989282
vt 0.160817 1.000000
vt 0.159734 1.000000
vt 0.603745 0.920686
vt 0.603745 0.942122
vt 0.376325 0.965702
vt 0.373618 0.962487
vt 0.971843 0.326902
vt 0.975092 0.310825
vt 0.975092 0.326902
vt 0.940001 0.724544
vt 0.945416 0.703108
vt 0.945416 0.724544
vt 0.985922 0.096463
vt 0.991336 0.091104
vt 0.991336 0.096463
vt 0.162442 0.707395
vt 0.151613 0.825295
vt 0.985922 0.964630
vt 0.988629 0.975348
vt 0.985922 0.975348
vt 0.529645 0.949625
vt 0.532352 0.956056
vt 0.908595 0.557342
vt 0.908595 0.471597
vt 0.281567 0.813505
vt 0.276152 0.813505
vt 0.806183 0.989282
vt 0.805100 0.991961
vt 0.971843 0.712754
vt 0.863111 0.685959
vt 0.857696 0.736870
vt 0.857696 0.685959
vt 0.945416 0.587353
vt 0.940001 0.558414
vt 0.367661 0.978564
vt 0.364954 0.975348
vt 0.367661 0.975348
vt 0.977258 0.693998
vt 0.979965 0.691318
vt 0.979965 0.693998
vt 0.503572 0.928188
vt 0.498157 0.899249
vt 0.503572 0.899249
vt 0.758065 0.332261
vt 0.768894 0.171490
vt 0.768894 0.332261
vt 0.658434 0.754555
vt 0.655185 0.757235
vt 0.655185 0.754555
vt 0.960577 0.428724
vt 0.963826 0.407288
vt 0.963826 0.428724
vt 0.991336 0.096463
vt 0.985922 0.101822
vt 0.985922 0.096463
vt 0.459253 0.952840
vt 0.456546 0.946409
vt 0.459253 0.946409
vt 0.389862 0.972133
vt 0.387155 0.968917
vt 0.389862 0.968917
vt 0.540392 0.797963
vt 0.537143 0.851554
vt 0.537143 0.797963
vt 0.979965 0.576099
vt 0.977258 0.576099
vt 0.508986 0.928188
vt 0.503572 0.899249
vt 0.508986 0.899249
vt 0.956873 0.946409
vt 0.953624 0.967846
vt 0.977258 0.720793
vt 0.979965 0.723473
vt 0.977258 0.723473
vt 0.638941 0.743837
vt 0.635692 0.743837
vt 0.979965 0.736870
vt 0.977258 0.726152
vt 0.979965 0.726152
vt 0.642189 0.623258
vt 0.638940 0.625938
vt 0.638940 0.623258
vt 0.979965 0.739550
vt 0.977258 0.736870
vt 0.977258 0.742229
vt 0.979965 0.752947
vt 0.977258 0.752947
vt 0.985922 0.750268
vt 0.064977 0.476956
vt 0.000000 0.589496
vt 0.000000 0.476956
vt 0.366037 0.845659
vt 0.362788 0.859057
vt 0.362788 0.845659
vt 0.999458 0.191854
vt 0.996751 0.185423
vt 1.000000 0.191854
vt 0.996751 0.197213
vt 0.996751 0.191854
vt 0.541475 0.404073
vt 0.476498 0.538049
vt 0.476498 0.404073
vt 0.994585 0.565916
vt 0.991336 0.571275
vt 0.259365 0.989282
vt 0.262073 0.992497
vt 0.259365 0.992497
vt 0.423393 0.946409
vt 0.423184 0.989282
vt 0.423184 0.946409
vt 0.980507 0.418006
vt 0.983756 0.428724
vt 0.980507 0.428724
vt 0.690922 0.853698
vt 0.694171 0.851018
vt 0.694171 0.853698
vt 0.297811 0.946409
vt 0.294562 0.978564
vt 0.294562 0.946409
vt 0.343295 0.952840
vt 0.346002 0.949625
vt 0.346002 0.952840
vt 0.356832 0.968917
vt 0.354125 0.965702
vt 0.356832 0.965702
vt 0.321095 0.949625
vt 0.318387 0.946409
vt 0.321095 0.946409
vt 0.257138 0.803858
vt 0.257138 0.852090
vt 0.318927 0.989282
vt 0.321635 0.992497
vt 0.318927 0.992497
vt 0.032488 0.989282
vt 0.029239 0.994641
vt 0.029239 0.989282
vt 0.246371 0.828510
vt 0.235542 0.857449
vt 0.235542 0.828510
vt 0.999458 0.203644
vt 0.996751 0.197213
vt 0.999458 0.197213
vt 0.667722 0.967846
vt 0.670971 0.946409
vt 0.670971 0.967846
vt 0.356291 0.845659
vt 0.356291 0.842979
vt 0.790553 0.270096
vt 0.785139 0.000000
vt 0.790553 0.000000
vt 0.529645 0.946409
vt 0.532352 0.949625
vt 0.988629 0.101822
vt 0.985922 0.112540
vt 0.985922 0.101822
vt 0.081221 0.881565
vt 0.086636 0.881565
vt 0.999458 0.210075
vt 0.996751 0.203644
vt 0.999458 0.203644
vt 0.977258 0.758306
vt 0.979965 0.769024
vt 0.977258 0.769024
vt 0.932420 0.117899
vt 0.929172 0.171490
vt 0.929172 0.117899
vt 0.960577 0.878885
vt 0.963826 0.857449
vt 0.963826 0.878885
vt 0.996751 0.210075
vt 0.999458 0.216505
vt 0.996751 0.216505
vt 0.833871 0.540193
vt 0.828457 0.270096
vt 0.833871 0.270096
vt 0.871775 0.926045
vt 0.865277 0.928724
vt 0.865277 0.926045
vt 0.991336 0.112540
vt 0.985922 0.117899
vt 0.985922 0.112540
vt 0.481370 0.989282
vt 0.478663 0.991961
vt 0.478663 0.989282
vt 0.951913 0.422294
vt 0.948665 0.465166
vt 0.948665 0.422294
vt 0.056312 0.989282
vt 0.454839 0.942122
vt 0.457546 0.891211
vt 0.457546 0.942122
vt 0.262073 0.989282
vt 0.264780 0.992497
vt 0.262073 0.992497
vt 0.807266 0.989282
vt 0.806183 0.991961
vt 0.806183 0.989282
vt 0.929171 0.056270
vt 0.932420 0.000000
vt 0.932420 0.056270
vt 0.364953 0.989282
vt 0.367660 0.991961
vt 0.240956 0.886388
vt 0.246371 0.915327
vt 0.240956 0.915327
vt 0.387155 0.952840
vt 0.977258 0.388532
vt 0.979965 0.399250
vt 0.977258 0.399250
vt 0.991336 0.123258
vt 0.985922 0.117899
vt 0.991336 0.117899
vt 0.714747 0.540193
vt 0.703917 0.270096
vt 0.714747 0.270096
vt 0.019493 0.989282
vt 0.016244 0.994641
vt 0.016244 0.989282
vt 0.983756 0.589496
vt 0.980507 0.600214
vt 0.980507 0.589496
vt 0.774309 0.430868
vt 0.779724 0.430868
vt 0.219297 0.881029
vt 0.208468 0.852090
vt 0.219297 0.852090
vt 0.949748 0.815648
vt 0.944333 0.786709
vt 0.949748 0.786709
vt 0.508986 0.763130
vt 0.505738 0.797963
vt 0.505738 0.763130
vt 0.808349 0.989282
vt 0.807266 0.991961
vt 0.807266 0.989282
vt 0.481370 0.991961
vt 0.484077 0.989282
vt 0.484077 0.991961
vt 0.865277 0.886388
vt 0.870692 0.915327
vt 0.865277 0.915327
vt 0.451013 0.891211
vt 0.452297 0.891211
vt 0.999458 0.222936
vt 0.999458 0.229367
vt 0.996751 0.222936
vt 0.767811 0.782422
vt 0.764563 0.838692
vt 0.764563 0.782422
vt 0.397984 0.952840
vt 0.395277 0.949625
vt 0.161900 0.989282
vt 0.160817 0.989282
vt 0.897766 0.353698
vt 0.901015 0.235798
vt 0.901015 0.353698
vt 0.979965 0.198285
vt 0.977258 0.179528
vt 0.979965 0.179528
vt 0.359539 0.965702
vt 0.362247 0.965702
vt 0.059019 0.989282
vt 0.056312 0.994641
vt 0.056312 0.989282
vt 0.909678 0.289389
vt 0.912927 0.203644
vt 0.912927 0.289389
vt 0.324342 0.992497
vt 0.321635 0.989282
vt 0.324342 0.989282
vt 0.235000 0.790461
vt 0.476498 0.566988
vt 0.473249 0.577706
vt 0.651936 0.754555
vt 0.648687 0.757235
vt 0.648687 0.754555
vt 0.994585 0.923901
vt 0.991336 0.929260
vt 0.991336 0.923901
vt 0.977258 0.479636
vt 0.979965 0.482315
vt 0.977258 0.482315
vt 0.219297 0.758306
vt 0.222005 0.696677
vt 0.222005 0.758306
vt 0.798676 0.836013
vt 0.793261 0.886924
vt 0.793261 0.836013
vt 0.979965 0.785102
vt 0.977258 0.774384
vt 0.979965 0.774384
vt 0.994585 0.571275
vt 0.991336 0.576634
vt 0.991336 0.571275
vt 0.682258 0.270096
vt 0.682258 0.000000
vt 0.885853 0.621650
vt 0.889102 0.621650
vt 0.136992 0.989282
vt 0.136992 1.000000
vt 0.173272 0.707395
vt 0.162442 0.825295
vt 0.905347 0.471597
vt 0.908595 0.364416
vt 0.908595 0.471597
vt 0.946499 0.146838
vt 0.449424 0.821543
vt 0.444009 0.885852
vt 0.444009 0.821543
vt 0.971843 0.728832
vt 0.975092 0.712754
vt 0.975092 0.728832
vt 1.000000 0.229367
vt 0.996751 0.234726
vt 0.996751 0.229367
vt 0.514401 0.899249
vt 0.508986 0.928188
vt 0.508986 0.899249
vt 0.963826 0.658956
vt 0.969241 0.648238
vt 0.969241 0.658956
vt 0.194931 0.928552
vt 0.189516 0.899613
vt 0.194931 0.899613
vt 0.886320 0.989282
vt 0.885237 0.991961
vt 0.885237 0.989282
vt 0.486785 0.989282
vt 0.484077 0.991961
vt 0.484077 0.989282
vt 0.108295 0.836013
vt 0.119124 0.868167
vt 0.108295 0.868167
vt 0.081221 0.967846
vt 0.086636 0.946409
vt 0.086636 0.967846
vt 0.963826 0.669674
vt 0.329217 0.824223
vt 0.342754 0.851018
vt 0.329217 0.851018
vt 1.000000 0.234726
vt 0.996751 0.240085
vt 0.996751 0.234726
vt 0.489493 0.760450
vt 0.486244 0.763130
vt 0.486244 0.760450
vt 0.755358 0.942122
vt 0.760772 0.920686
vt 0.760772 0.942122
vt 0.379032 0.652733
vt 0.427765 0.599142
vt 0.427765 0.652733
vt 0.983756 0.707395
vt 0.980507 0.718113
vt 0.980507 0.707395
vt 0.817627 0.810289
vt 0.817627 0.540193
vt 0.234458 1.000000
vt 0.233375 0.989282
vt 0.234458 0.989282
vt 0.403399 0.962487
vt 0.400691 0.959271
vt 0.403399 0.959271
vt 0.917259 0.742229
vt 0.914010 0.793140
vt 0.326509 0.968917
vt 0.323802 0.968917
vt 0.971843 0.857449
vt 0.975092 0.841372
vt 0.975092 0.857449
vt 0.994044 0.800643
vt 0.991336 0.800643
vt 0.254493 0.752947
vt 0.251244 0.752947
vt 0.983756 0.514469
vt 0.980507 0.525187
vt 0.980507 0.514469
vt 0.895600 0.718113
vt 0.898849 0.718113
vt 0.617281 0.872454
vt 0.606452 0.840300
vt 0.617281 0.840300
vt 0.969241 0.155205
vt 0.963826 0.165923
vt 0.489492 0.989282
vt 0.486785 0.991961
vt 0.059019 0.994641
vt 0.061727 0.989282
vt 0.061727 0.994641
vt 0.801383 0.270096
vt 0.795968 0.000000
vt 0.801383 0.000000
vt 0.955162 0.171490
vt 0.960577 0.150054
vt 0.960577 0.171490
vt 0.949748 0.889603
vt 0.946499 0.932476
vt 0.946499 0.889603
vt 0.668180 0.754555
vt 0.664931 0.757235
vt 0.664931 0.754555
vt 0.288494 0.808146
vt 0.290107 0.856377
vt 0.983756 0.546624
vt 0.980507 0.557342
vt 0.980507 0.546624
vt 0.945416 0.616291
vt 0.940001 0.587353
vt 0.994585 0.576634
vt 0.991336 0.581993
vt 0.991336 0.576634
vt 0.955162 0.878885
vt 0.960577 0.857449
vt 0.960577 0.878885
vt 0.809432 0.989282
vt 0.808349 0.991961
vt 0.808349 0.989282
vt 0.983756 0.273312
vt 0.980507 0.286709
vt 0.980507 0.273312
vt 0.985922 0.128617
vt 0.991336 0.128617
vt 0.951914 0.685959
vt 0.948665 0.728832
vt 0.948665 0.685959
vt 0.762481 0.972133
vt 0.759774 0.946409
vt 0.762481 0.946409
vt 0.346002 0.972133
vt 0.348710 0.972133
vt 0.487327 0.887995
vt 0.476498 0.859057
vt 0.487327 0.859057
vt 0.476498 0.540193
vt 0.411521 0.270096
vt 0.476498 0.270096
vt 0.340588 0.975348
vt 0.337880 0.972133
vt 0.340588 0.972133
vt 0.622696 0.888531
vt 0.606452 0.872454
vt 0.622696 0.872454
vt 0.016244 0.827974
vt 0.012995 0.886924
vt 0.012995 0.827974
vt 0.994585 0.517685
vt 0.991336 0.523044
vt 0.991336 0.517685
vt 1.000000 0.240085
vt 0.996751 0.245444
vt 0.996751 0.240085
vt 0.489492 0.989282
vt 0.492199 0.991961
vt 0.489492 0.991961
vt 0.871775 0.364416
vt 0.868526 0.535906
vt 0.868526 0.364416
vt 0.823669 0.946409
vt 0.820420 0.967846
vt 0.820420 0.946409
vt 0.980507 0.128617
vt 0.977258 0.144695
vt 0.977258 0.128617
vt 0.119125 0.270096
vt 0.108295 0.000000
vt 0.119125 0.000000
vt 0.671429 0.599142
vt 0.671429 0.588424
vt 0.884770 0.000000
vt 0.881522 0.005359
vt 0.881522 0.000000
vt 0.492199 0.989282
vt 0.494907 0.991961
vt 0.492199 0.991961
vt 0.916176 0.000000
vt 0.919425 0.064309
vt 0.979965 0.562701
vt 0.977258 0.560021
vt 0.969241 0.669674
vt 0.963826 0.680392
vt 0.963826 0.669674
vt 0.161900 1.000000
vt 0.162983 0.989282
vt 0.162983 1.000000
vt 0.243121 1.000000
vt 0.242038 0.989282
vt 0.243121 0.989282
vt 0.810515 0.989282
vt 0.809432 0.991961
vt 0.809432 0.989282
vt 0.373618 0.946409
vt 0.370369 0.973205
vt 0.370369 0.946409
vt 0.167857 0.889603
vt 0.173272 0.825295
vt 0.173272 0.889603
vt 0.999458 0.251875
vt 0.996751 0.245444
vt 0.999458 0.245444
vt 0.422350 0.840300
vt 0.433180 0.781350
vt 0.433180 0.840300
vt 0.983214 0.115220
vt 0.980507 0.112540
vt 0.983214 0.112540
vt 0.853365 0.755627
vt 0.850116 0.868167
vt 0.850116 0.755627
vt 0.979965 0.801179
vt 0.977258 0.803858
vt 0.977258 0.801179
vt 0.284213 0.856377
vt 0.977258 0.594855
vt 0.979965 0.597535
vt 0.991336 0.813505
vt 0.994044 0.819936
vt 0.991336 0.819936
vt 0.983214 0.061629
vt 0.980507 0.064309
vt 0.980507 0.061629
vt 0.955162 0.192926
vt 0.960577 0.192926
vt 0.994585 0.190782
vt 0.991336 0.196141
vt 0.991336 0.190782
vt 0.994585 0.196141
vt 0.991336 0.201501
vt 0.991336 0.196141
vt 0.913256 0.294748
vt 0.910007 0.359057
vt 0.910007 0.294748
vt 0.991336 0.128617
vt 0.985922 0.133976
vt 0.985922 0.128617
vt 0.732442 0.806002
vt 0.735691 0.854233
vt 0.732442 0.854233
vt 0.354125 0.949625
vt 0.351417 0.946409
vt 0.354125 0.946409
vt 0.725576 0.270096
vt 0.714747 0.000000
vt 0.725576 0.000000
vt 0.721870 0.967846
vt 0.718622 0.946409
vt 0.721870 0.946409
vt 0.863111 0.739550
vt 0.866360 0.578778
vt 0.866360 0.739550
vt 0.330300 0.599142
vt 0.281567 0.652733
vt 0.281567 0.599142
vt 0.994585 0.854233
vt 0.991336 0.859592
vt 0.406106 0.956056
vt 0.403399 0.952840
vt 0.996751 0.251875
vt 0.999458 0.258306
vt 0.996751 0.258306
vt 0.246371 0.889603
vt 0.251786 0.825295
vt 0.251786 0.889603
vt 0.584793 0.568060
vt 0.573964 0.739550
vt 0.573964 0.568060
vt 0.434345 0.946409
vt 0.437053 0.949625
vt 0.434345 0.949625
vt 0.129954 0.476956
vt 0.064977 0.589496
vt 0.330300 0.751876
vt 0.327051 0.754555
vt 0.985922 0.139335
vt 0.991336 0.133976
vt 0.991336 0.139335
vt 0.991336 0.271168
vt 0.994585 0.265809
vt 0.994585 0.271168
vt 0.628111 0.540193
vt 0.628111 0.270096
vt 0.164066 0.989282
vt 0.833871 0.810289
vt 0.833871 0.540193
vt 1.000000 0.258306
vt 0.996751 0.263665
vt 0.494907 0.989282
vt 0.497614 0.991961
vt 0.494907 0.991961
vt 0.557719 0.918542
vt 0.557719 0.939978
vt 0.980507 0.830654
vt 0.983214 0.830654
vt 0.887403 0.989282
vt 0.886320 0.991961
vt 0.886320 0.989282
vt 0.500321 0.989282
vt 0.500321 0.991961
vt 0.376325 0.975348
vt 0.373618 0.972133
vt 0.376325 0.972133
vt 0.927006 0.793140
vt 0.923757 0.728832
vt 0.927006 0.728832
vt 0.915093 0.114684
vt 0.909678 0.085745
vt 0.915093 0.085745
vt 0.439760 0.956056
vt 0.439760 0.949625
vt 0.956873 0.967846
vt 0.960122 0.946409
vt 0.960122 0.967846
vt 0.629194 0.778671
vt 0.625945 0.781350
vt 0.625945 0.778671
vt 0.157028 0.946409
vt 0.157028 0.967846
vt 0.923003 0.294748
vt 0.919754 0.359057
vt 0.919754 0.294748
vt 0.955162 0.214362
vt 0.960577 0.192926
vt 0.960577 0.214362
vt 0.949748 0.844587
vt 0.944333 0.815648
vt 0.949748 0.815648
vt 0.406106 0.972133
vt 0.408814 0.972133
vt 0.667097 0.792068
vt 0.660599 0.794748
vt 0.660599 0.792068
vt 0.092051 0.946409
vt 0.092051 0.967846
vt 0.975092 0.439443
vt 0.971843 0.455520
vt 0.971843 0.439443
vt 0.811598 0.989282
vt 0.810515 0.991961
vt 0.810515 0.989282
vt 0.812681 0.989282
vt 0.811598 0.991961
vt 0.811598 0.989282
vt 0.086636 0.836013
vt 0.097465 0.718113
vt 0.871775 0.535906
vt 0.868526 0.707395
vt 0.868526 0.535906
vt 0.792105 0.989282
vt 0.791022 0.991961
vt 0.983756 0.450161
vt 0.980507 0.460879
vt 0.918342 0.364416
vt 0.915093 0.428724
vt 0.915093 0.364416
vt 0.243664 0.967846
vt 0.249078 0.946409
vt 0.249078 0.967846
vt 0.969241 0.691110
vt 0.963826 0.680392
vt 0.969241 0.680392
vt 0.999458 0.270096
vt 0.999458 0.263665
vt 0.999458 0.276527
vt 0.996751 0.270096
vt 0.999458 0.270096
vt 0.875651 0.946409
vt 0.878900 0.967846
vt 0.875651 0.967846
vt 0.938164 0.323687
vt 0.932749 0.294748
vt 0.938164 0.294748
vt 0.400149 0.989282
vt 0.397441 0.991961
vt 0.991336 0.276527
vt 0.991336 0.271168
vt 0.813763 0.989282
vt 0.812681 0.991961
vt 0.979965 0.819936
vt 0.977258 0.817256
vt 0.979965 0.817256
vt 0.265323 0.688639
vt 0.265323 0.643087
vt 0.865277 0.875670
vt 0.862028 0.923901
vt 0.862028 0.875670
vt 0.960577 0.450161
vt 0.963826 0.450161
vt 0.096383 0.929260
vt 0.093134 0.931940
vt 0.093134 0.929260
vt 1.000000 0.971059
vt 0.996751 0.976418
vt 0.996751 0.971059
vt 0.999458 0.282958
vt 0.996751 0.276527
vt 0.996751 0.282958
vt 0.999458 0.289388
vt 0.996751 0.289388
vt 0.200346 0.928552
vt 0.200346 0.899613
vt 0.885853 0.643087
vt 0.882604 0.530546
vt 0.147821 0.989282
vt 0.146738 1.000000
vt 0.146738 0.989282
vt 0.064434 0.989282
vt 0.061727 0.994641
vt 0.061727 0.989282
vt 0.977258 0.511790
vt 0.979965 0.514469
vt 0.977258 0.514469
vt 0.999458 0.295819
vt 0.996751 0.289388
vt 0.999458 0.289388
vt 0.557719 0.939978
vt 0.563134 0.918542
vt 0.563134 0.939978
vt 0.994585 0.201501
vt 0.991336 0.206860
vt 0.977258 0.710075
vt 0.979965 0.720793
vt 0.908595 0.643087
vt 0.911844 0.557342
vt 0.911844 0.643087
vt 0.543723 0.952840
vt 0.549138 0.956056
vt 0.543723 0.956056
vt 0.895600 0.836013
vt 0.969241 0.262386
vt 0.500321 0.989282
vt 0.503029 0.991961
vt 0.500321 0.991961
vt 0.860945 0.230439
vt 0.857696 0.364416
vt 0.938164 0.352626
vt 0.932749 0.323687
vt 0.385530 0.904073
vt 0.385530 0.887996
vt 0.940001 0.616291
vt 0.945416 0.645230
vt 0.940001 0.645230
vt 0.721870 0.967846
vt 0.725119 0.946409
vt 0.725119 0.967846
vt 0.617281 0.840300
vt 0.628111 0.872454
vt 0.617281 0.872454
vt 0.985922 0.139335
vt 0.988629 0.150054
vt 0.985922 0.150054
vt 0.985922 0.155413
vt 0.991336 0.150054
vt 0.991336 0.155413
vt 0.977258 0.822615
vt 0.979965 0.822615
vt 0.994585 0.929260
vt 0.991336 0.934619
vt 0.991336 0.929260
vt 0.977258 0.517149
vt 0.979965 0.517149
vt 0.362247 0.978564
vt 0.364954 0.978564
vt 0.359539 0.962487
vt 0.359539 0.959271
vt 0.329217 0.827438
vt 0.318387 0.824223
vt 0.329217 0.824223
vt 0.503029 0.989282
vt 0.505736 0.991961
vt 0.503029 0.991961
vt 0.301060 0.946409
vt 0.297811 0.978564
vt 0.035737 0.989282
vt 0.032488 0.994641
vt 0.032488 0.989282
vt 0.321095 0.952840
vt 0.318387 0.949625
vt 0.814846 0.989282
vt 0.813763 0.991961
vt 0.813763 0.989282
vt 0.870692 0.886388
vt 0.876107 0.915327
vt 0.605994 0.946409
vt 0.605994 0.967846
vt 0.904263 0.115220
vt 0.909678 0.064309
vt 0.909678 0.115220
vt 0.064977 0.928724
vt 0.059562 0.899785
vt 0.064977 0.899785
vt 0.994585 0.934619
vt 0.991336 0.939978
vt 0.991336 0.934619
vt 0.138075 0.989282
vt 0.994585 0.939978
vt 0.991336 0.945337
vt 0.991336 0.939978
vt 0.999458 0.302250
vt 0.996751 0.295819
vt 0.999458 0.295819
vt 0.086636 0.931940
vt 0.086636 0.929260
vt 0.541016 0.959807
vt 0.537767 0.970525
vt 0.537767 0.959807
vt 0.067142 0.989282
vt 0.064434 0.994641
vt 0.980507 0.131297
vt 0.983214 0.142015
vt 0.980507 0.142015
vt 0.422226 0.989282
vt 0.422654 0.946409
vt 0.422654 0.989282
vt 0.994585 0.276527
vt 0.991336 0.281886
vt 0.991336 0.276527
vt 0.921591 0.664523
vt 0.924840 0.600214
vt 0.924840 0.664523
vt 0.505736 0.989282
vt 0.508444 0.991961
vt 0.505736 0.991961
vt 0.032488 0.827974
vt 0.021659 0.831190
vt 0.021659 0.827974
vt 0.563134 0.939978
vt 0.568549 0.918542
vt 0.568549 0.939978
vt 0.815929 0.989282
vt 0.814846 0.991961
vt 0.814846 0.989282
vt 0.980507 0.144695
vt 0.983214 0.147374
vt 0.980507 0.147374
vt 0.912927 0.085745
vt 0.916176 0.000000
vt 0.916176 0.085745
vt 0.963826 0.423158
vt 0.969241 0.412439
vt 0.969241 0.423158
vt 0.994585 0.281886
vt 0.991336 0.287245
vt 0.991336 0.281886
vt 0.315680 0.959271
vt 0.367661 0.952840
vt 0.364954 0.949625
vt 0.367661 0.949625
vt 0.584793 0.857449
vt 0.573964 0.854234
vt 0.584793 0.854234
vt 0.980507 0.396570
vt 0.983756 0.396570
vt 0.326509 0.978564
vt 0.955162 0.235798
vt 0.960577 0.235798
vt 0.999458 0.308681
vt 0.996751 0.302250
vt 0.165149 0.989282
vt 0.164066 1.000000
vt 0.281567 0.543408
vt 0.270737 0.273312
vt 0.281567 0.273312
vt 0.498157 0.859057
vt 0.487327 0.855841
vt 0.498157 0.855841
vt 0.955162 0.257235
vt 0.960577 0.235798
vt 0.960577 0.257235
vt 0.389862 0.975348
vt 0.387155 0.972133
vt 0.994044 0.046088
vt 0.991336 0.042872
vt 0.994044 0.042872
vt 0.108295 0.718113
vt 0.108295 0.836013
vt 0.817012 0.989282
vt 0.815929 0.991961
vt 0.815929 0.989282
vt 0.963826 0.701829
vt 0.963826 0.691110
vt 0.985922 0.160772
vt 0.714747 0.863880
vt 0.703917 0.834941
vt 0.714747 0.834941
vt 0.389862 0.949625
vt 1.000000 0.308681
vt 0.996751 0.314040
vt 0.996751 0.308681
vt 1.000000 0.314040
vt 0.996751 0.319399
vt 0.996751 0.314040
vt 0.994585 0.287245
vt 0.991336 0.292604
vt 0.340046 0.754555
vt 0.336797 0.789389
vt 0.336797 0.754555
vt 0.801383 0.540193
vt 0.795968 0.270096
vt 0.801383 0.270096
vt 0.897149 0.989282
vt 0.896066 0.991961
vt 0.896066 0.989282
vt 0.514401 0.867631
vt 0.517650 0.854233
vt 0.517650 0.867631
vt 0.971843 0.150054
vt 0.977258 0.139335
vt 0.977258 0.150054
vt 0.508444 0.989282
vt 0.511151 0.991961
vt 0.988629 0.986066
vt 0.467375 0.952840
vt 0.464668 0.946409
vt 0.467375 0.946409
vt 0.016244 0.934083
vt 0.016244 0.905144
vt 0.513858 0.989282
vt 0.511151 0.991961
vt 0.511151 0.989282
vt 0.406106 0.949625
vt 0.408814 0.949625
vt 0.983214 0.163451
vt 0.980507 0.160772
vt 0.983214 0.160772
vt 0.975092 0.857449
vt 0.971843 0.873526
vt 0.971843 0.857449
vt 0.971843 0.889603
vt 0.975092 0.873526
vt 0.975092 0.889603
vt 0.329217 0.879957
vt 0.345461 0.896034
vt 0.329217 0.896034
vt 0.402856 0.989282
vt 0.400149 0.991961
vt 0.400149 0.989282
vt 0.070392 0.928724
vt 0.070392 0.899785
vt 0.818095 0.989282
vt 0.817012 0.991961
vt 0.817012 0.989282
vt 0.983214 0.158092
vt 0.980507 0.158092
vt 0.999458 0.325830
vt 0.996751 0.319399
vt 0.999458 0.319399
vt 0.516566 0.991961
vt 0.513858 0.991961
vt 0.793261 0.886924
vt 0.798675 0.915863
vt 0.793261 0.915863
vt 0.851198 0.471597
vt 0.844701 0.474276
vt 0.844701 0.471597
vt 0.240956 0.936763
vt 0.246371 0.915327
vt 0.246371 0.936763
vt 0.406106 0.959271
vt 0.983756 0.460879
vt 0.980507 0.471597
vt 0.985922 0.166131
vt 0.991336 0.160772
vt 0.991336 0.166131
vt 0.389862 0.946409
vt 0.437053 0.956056
vt 0.895600 0.911039
vt 0.892351 0.921758
vt 0.892351 0.911039
vt 0.988629 0.819936
vt 0.985922 0.830654
vt 0.985922 0.819936
vt 0.519273 0.989282
vt 0.516566 0.991961
vt 0.516566 0.989282
vt 0.945416 0.674169
vt 0.498157 0.883172
vt 0.514401 0.899249
vt 0.498157 0.899249
vt 0.760772 0.942122
vt 0.766187 0.920686
vt 0.766187 0.942122
vt 0.889102 0.621650
vt 0.885853 0.750268
vt 0.969241 0.712547
vt 0.963826 0.712547
vt 0.264067 0.852090
vt 0.263035 0.803858
vt 0.264067 0.803858
vt 0.994585 0.062165
vt 0.991336 0.067524
vt 0.991336 0.062165
vt 0.092051 0.967846
vt 0.097465 0.946409
vt 0.097465 0.967846
vt 0.054148 0.889067
vt 0.043318 0.860128
vt 0.054148 0.860128
vt 0.528480 0.760450
vt 0.525231 0.763129
vt 0.638940 0.817792
vt 0.649770 0.855305
vt 0.638940 0.855305
vt 0.354125 0.959271
vt 0.595622 0.838156
vt 0.606452 0.838156
vt 0.898232 0.989282
vt 0.897149 0.991961
vt 0.897149 0.989282
vt 0.468376 0.671490
vt 0.457546 0.800107
vt 0.457546 0.671490
vt 0.606452 0.577706
vt 0.609701 0.566988
vt 0.609701 0.577706
vt 0.376325 0.949625
vt 0.373618 0.946409
vt 0.376325 0.946409
vt 0.985922 0.171490
vt 0.991336 0.166131
vt 0.991336 0.171490
vt 0.070392 0.899785
vt 0.075806 0.928724
vt 0.070392 0.928724
vt 0.690922 0.851018
vt 0.694171 0.802786
vt 0.999458 0.332261
vt 0.996751 0.325830
vt 0.999458 0.325830
vt 0.983214 0.128617
vt 0.980507 0.125938
vt 0.983214 0.125938
vt 0.918342 0.471597
vt 0.915093 0.535906
vt 0.991336 0.171490
vt 0.985922 0.176849
vt 0.985922 0.171490
vt 0.006498 0.989282
vt 0.003249 0.994641
vt 0.003249 0.989282
vt 0.468376 0.946409
vt 0.473791 0.924973
vt 0.473791 0.946409
vt 0.456546 0.952840
vt 0.453838 0.946409
vt 0.456546 0.946409
vt 0.991336 0.176849
vt 0.985922 0.182208
vt 0.985922 0.176849
vt 0.519273 0.989282
vt 0.521981 0.991961
vt 0.519273 0.991961
vt 0.307558 0.946409
vt 0.310265 0.949625
vt 0.307558 0.949625
vt 0.086636 0.270096
vt 0.097466 0.273312
vt 0.086636 0.273312
vt 0.521981 0.989282
vt 0.524688 0.991961
vt 0.521981 0.991961
vt 0.527395 0.991961
vt 0.524688 0.989282
vt 0.527395 0.989282
vt 0.530103 0.989282
vt 0.527395 0.991961
vt 0.527395 0.989282
vt 0.468376 0.778671
vt 0.473791 0.778671
vt 0.530103 0.989282
vt 0.532810 0.991961
vt 0.530103 0.991961
vt 0.847950 0.385852
vt 0.851199 0.192926
vt 0.851199 0.385852
vt 0.977258 0.262594
vt 0.979965 0.265273
vt 0.977258 0.265273
vt 0.912927 0.289389
vt 0.916176 0.203644
vt 0.916176 0.289389
vt 0.343295 0.968917
vt 0.343295 0.965702
vt 0.359539 0.965702
vt 0.318387 0.975348
vt 0.318387 0.978564
vt 0.532810 0.989282
vt 0.535517 0.991961
vt 0.532810 0.991961
vt 0.535517 0.989282
vt 0.538225 0.991961
vt 0.317304 0.754555
vt 0.317304 0.751876
vt 0.878273 0.139335
vt 0.881521 0.026795
vt 0.881521 0.139335
vt 0.674220 0.946409
vt 0.307558 0.975348
vt 0.307558 0.978564
vt 0.645438 0.757235
vt 0.645438 0.754555
vt 0.538225 0.989282
vt 0.540932 0.991961
vt 0.538225 0.991961
vt 0.850116 0.728832
vt 0.844701 0.836013
vt 0.844701 0.728832
vt 0.583251 0.967846
vt 0.586500 0.946409
vt 0.586500 0.967846
vt 0.499864 0.956056
vt 0.497156 0.952840
vt 0.977258 0.484995
vt 0.979965 0.484995
vt 0.400691 0.952840
vt 0.397984 0.949625
vt 0.400691 0.949625
vt 0.979965 0.479636
vt 0.502489 0.760450
vt 0.499240 0.763130
vt 0.499240 0.760450
vt 0.999458 0.338692
vt 0.996751 0.332261
vt 0.999458 0.332261
vt 0.540932 0.989282
vt 0.543639 0.991961
vt 0.540932 0.991961
vt 0.000000 0.653805
vt 0.043318 0.589496
vt 0.043318 0.653805
vt 0.922674 0.294748
vt 0.922674 0.292069
vt 1.000000 0.938905
vt 0.996751 0.944264
vt 0.996751 0.938905
vt 0.925923 0.428724
vt 0.920508 0.457663
vt 0.920508 0.428724
vt 0.027074 0.934083
vt 0.021659 0.905144
vt 0.027074 0.905144
vt 0.977258 0.838692
vt 0.979965 0.849410
vt 0.977258 0.849410
vt 0.903647 0.989282
vt 0.902564 0.991961
vt 0.902564 0.989282
vt 0.405563 0.991961
vt 0.402856 0.991961
vt 0.994044 0.046088
vt 0.991336 0.054127
vt 0.991336 0.046088
vt 0.560509 0.946409
vt 0.557260 0.946409
vt 0.994585 0.292604
vt 0.991336 0.297964
vt 0.991336 0.292604
vt 0.573963 0.868167
vt 0.573963 0.839228
vt 0.917725 0.989282
vt 0.916642 0.991961
vt 0.916642 0.989282
vt 0.343295 0.962487
vt 0.340588 0.959271
vt 0.994585 0.581993
vt 0.991336 0.587353
vt 0.403399 0.978564
vt 0.403399 0.975348
vt 0.543639 0.989282
vt 0.546347 0.991961
vt 0.543639 0.991961
vt 0.819178 0.989282
vt 0.818095 0.991961
vt 0.605994 0.967846
vt 0.609242 0.946409
vt 0.609242 0.967846
vt 0.124539 0.929260
vt 0.119124 0.900321
vt 0.124539 0.900321
vt 0.999458 0.345123
vt 0.996751 0.338692
vt 0.999458 0.338692
vt 0.424143 0.946409
vt 0.423715 0.989282
vt 0.423715 0.946409
vt 0.655185 0.884244
vt 0.638940 0.900321
vt 0.638940 0.884244
vt 0.129954 0.929260
vt 0.129954 0.900321
vt 0.263157 0.588960
vt 0.269655 0.586281
vt 0.269655 0.588960
vt 0.709958 0.946409
vt 0.476498 0.733119
vt 0.473791 0.794748
vt 0.473791 0.733119
vt 0.994585 0.297964
vt 0.991336 0.303323
vt 0.951372 0.525187
vt 0.948665 0.578778
vt 0.948665 0.525187
vt 0.940001 0.674169
vt 0.940001 0.703108
vt 0.302143 0.887996
vt 0.296728 0.916934
vt 0.296728 0.887996
vt 0.945416 0.562701
vt 0.948665 0.517149
vt 0.948665 0.562701
vt 0.406106 0.968917
vt 0.406106 0.965702
vt 0.983756 0.621651
vt 0.980507 0.632369
vt 0.971843 0.257235
vt 0.977258 0.246517
vt 0.546347 0.989282
vt 0.549054 0.991961
vt 0.546347 0.991961
vt 0.682258 0.540193
vt 0.671429 0.733119
vt 0.671429 0.540193
vt 0.840736 0.921758
vt 0.840736 0.892819
vt 0.069849 0.989282
vt 0.067142 0.994641
vt 0.999458 0.351553
vt 0.996751 0.345123
vt 0.999458 0.345123
vt 0.994585 0.859592
vt 0.991336 0.864951
vt 0.638940 0.733119
vt 0.660599 0.754555
vt 0.638940 0.754555
vt 0.549054 0.989282
vt 0.551762 0.991961
vt 0.549054 0.991961
vt 0.307558 0.968917
vt 0.310265 0.972133
vt 0.307558 0.972133
vt 0.281567 0.270096
vt 0.216590 0.000000
vt 0.281567 0.000000
vt 0.825121 0.858521
vt 0.827261 0.810289
vt 0.827261 0.858521
vt 0.135369 0.929260
vt 0.135369 0.900321
vt 0.229043 1.000000
vt 0.230126 0.989282
vt 0.230126 1.000000
vt 0.977258 0.672562
vt 0.979965 0.675241
vt 0.977258 0.675241
vt 0.332466 0.952840
vt 0.335173 0.956056
vt 0.332466 0.956056
vt 0.392569 0.978564
vt 0.963826 0.712547
vt 0.969241 0.723265
vt 0.963826 0.723265
vt 0.994585 0.303323
vt 0.991336 0.308682
vt 0.768438 0.967846
vt 0.771686 0.946409
vt 0.771686 0.967846
vt 0.140783 0.929260
vt 0.135369 0.900321
vt 0.140783 0.900321
vt 0.994585 0.308682
vt 0.991336 0.314041
vt 0.991336 0.308682
vt 0.389862 0.949625
vt 0.392569 0.949625
vt 0.212799 0.989282
vt 0.211716 1.000000
vt 0.211716 0.989282
vt 0.554469 0.989282
vt 0.551762 0.991961
vt 0.551762 0.989282
vt 0.132660 0.989282
vt 0.131577 1.000000
vt 0.131577 0.989282
vt 0.106129 0.921222
vt 0.102880 0.931940
vt 0.563134 0.836013
vt 0.980507 0.160772
vt 0.554469 0.989282
vt 0.557176 0.991961
vt 0.554469 0.991961
vt 0.945416 0.608253
vt 0.248536 0.989282
vt 0.247453 1.000000
vt 0.904730 0.989282
vt 0.903647 0.991961
vt 0.903647 0.989282
vt 0.980507 0.830654
vt 0.985922 0.836013
vt 0.980507 0.836013
vt 0.790553 0.918542
vt 0.785139 0.889603
vt 0.790553 0.889603
vt 0.557176 0.989282
vt 0.559884 0.991961
vt 0.557176 0.991961
vt 0.881521 0.918542
vt 0.876107 0.889603
vt 0.881521 0.889603
vt 0.361705 0.896034
vt 0.345461 0.879957
vt 0.361705 0.879957
vt 0.559884 0.989282
vt 0.562591 0.991961
vt 0.016244 0.942658
vt 0.021659 0.921222
vt 0.021659 0.942658
vt 0.644355 0.929260
vt 0.638941 0.900321
vt 0.644355 0.900321
vt 0.979965 0.865487
vt 0.977258 0.854769
vt 0.979965 0.854769
vt 0.955162 0.278671
vt 0.960577 0.278671
vt 0.999458 0.357984
vt 0.996751 0.351553
vt 0.999458 0.351553
vt 0.919754 0.294748
vt 0.916505 0.359057
vt 0.916505 0.294748
vt 0.946499 0.028939
vt 0.941084 0.000000
vt 0.946499 0.000000
vt 0.513401 0.952840
vt 0.510693 0.946409
vt 0.513401 0.946409
vt 0.823669 0.967846
vt 0.826917 0.946409
vt 0.826917 0.967846
vt 0.364954 0.949625
vt 0.362247 0.946409
vt 0.364954 0.946409
vt 0.983756 0.471597
vt 0.980507 0.482315
vt 0.644355 0.900321
vt 0.649770 0.929260
vt 0.644355 0.929260
vt 0.562591 0.989282
vt 0.565298 0.991961
vt 0.562591 0.991961
vt 1.000000 0.357984
vt 0.996751 0.363343
vt 0.996751 0.357984
vt 0.955162 0.300107
vt 0.960577 0.278671
vt 0.960577 0.300107
vt 0.649770 0.817792
vt 0.660599 0.855305
vt 0.963826 0.450161
vt 0.960577 0.471597
vt 0.960577 0.450161
vt 0.690922 0.851018
vt 0.690922 0.853698
vt 0.922674 0.000000
vt 0.919425 0.000000
vt 0.476498 0.577706
vt 0.473249 0.625938
vt 0.351417 0.965702
vt 0.348710 0.962487
vt 0.979965 0.881565
vt 0.977258 0.884244
vt 0.977258 0.881565
vt 0.538226 0.760450
vt 0.534977 0.763129
vt 0.534977 0.760450
vt 0.400691 0.962487
vt 0.975092 0.889603
vt 0.971843 0.905680
vt 0.971843 0.889603
vt 0.294562 0.946409
vt 0.291313 0.978564
vt 0.291313 0.946409
vt 0.983214 0.836013
vt 0.980507 0.846731
vt 0.980507 0.836013
vt 0.994044 0.587353
vt 0.991336 0.593783
vt 0.991336 0.587353
vt 0.999458 0.369774
vt 0.996751 0.363343
vt 0.999458 0.363343
vt 0.935669 0.000000
vt 0.932420 0.050911
vt 0.932420 0.000000
vt 0.774935 0.946409
vt 0.774935 0.967846
vt 0.877190 0.621650
vt 0.871775 0.707395
vt 0.871775 0.621650
vt 0.276152 0.543408
vt 0.272903 0.747052
vt 0.272903 0.543408
vt 0.565298 0.989282
vt 0.568006 0.991961
vt 0.565298 0.991961
vt 0.980507 0.257235
vt 0.983214 0.257235
vt 0.994585 0.083601
vt 0.991336 0.088960
vt 0.991336 0.083601
vt 0.032488 0.905144
vt 0.027074 0.934083
vt 0.027074 0.905144
vt 0.999458 0.376205
vt 0.996751 0.369774
vt 0.999458 0.369774
vt 0.977258 0.886924
vt 0.979965 0.897642
vt 0.977258 0.897642
vt 0.733699 0.883172
vt 0.722869 0.854233
vt 0.733699 0.854233
vt 0.885853 0.648446
vt 0.882604 0.669882
vt 0.882604 0.648446
vt 0.778641 0.914255
vt 0.775392 0.916934
vt 0.775392 0.914255
vt 0.985922 0.192926
vt 0.988629 0.182208
vt 0.988629 0.192926
vt 0.910761 0.878885
vt 0.914010 0.793140
vt 0.914010 0.878885
vt 0.979965 0.913719
vt 0.977258 0.903001
vt 0.979965 0.903001
vt 0.655185 0.929260
vt 0.649770 0.900321
vt 0.655185 0.900321
vt 0.830166 0.946409
vt 0.826917 0.967846
vt 0.826917 0.946409
vt 0.340588 0.962487
vt 0.148904 0.989282
vt 0.147821 1.000000
vt 0.272903 0.543408
vt 0.259908 0.543408
vt 0.489034 0.956056
vt 0.299976 0.992497
vt 0.299976 0.989282
vt 0.960577 0.021436
vt 0.963826 0.000000
vt 0.963826 0.021436
vt 0.660600 0.929260
vt 0.660600 0.900321
vt 0.991336 0.192926
vt 0.985922 0.198285
vt 0.985922 0.192926
vt 0.570713 0.989282
vt 0.568006 0.991961
vt 0.568006 0.989282
vt 0.148904 1.000000
vt 0.149987 0.989282
vt 0.149987 1.000000
vt 0.449424 0.891211
vt 0.450044 0.842979
vt 0.450044 0.891211
vt 0.045483 0.994641
vt 0.048190 0.989282
vt 0.048190 0.994641
vt 0.139158 0.989282
vt 0.138075 1.000000
vt 0.963826 0.262386
vt 0.969241 0.273104
vt 0.963826 0.273104
vt 0.439760 0.946409
vt 0.445175 0.949625
vt 0.302143 0.887996
vt 0.307558 0.916934
vt 0.302143 0.916934
vt 0.118582 0.994641
vt 0.121289 0.989282
vt 0.121289 0.994641
vt 0.425101 0.946409
vt 0.424893 0.989282
vt 0.424893 0.946409
vt 0.977258 0.919078
vt 0.979965 0.929796
vt 0.977258 0.929796
vt 0.281024 0.992497
vt 0.278317 0.989282
vt 0.281024 0.989282
vt 0.971843 0.171490
vt 0.977258 0.182208
vt 0.971843 0.182208
vt 0.994585 0.593783
vt 0.991336 0.599142
vt 0.991336 0.593783
vt 0.687673 0.767953
vt 0.684424 0.770632
vt 0.684424 0.767953
vt 0.448424 0.946409
vt 0.445175 0.959807
vt 0.445175 0.946409
vt 0.570713 0.989282
vt 0.573421 0.991961
vt 0.570713 0.991961
vt 1.000000 0.976418
vt 0.996751 0.981777
vt 0.996751 0.376205
vt 0.999458 0.382636
vt 0.996751 0.382636
vt 0.584793 0.939978
vt 0.590208 0.918542
vt 0.590208 0.939978
vt 0.682258 0.853698
vt 0.671429 0.882636
vt 0.671429 0.853698
vt 0.874482 0.364416
vt 0.888019 0.342980
vt 0.888019 0.364416
vt 0.470000 0.540193
vt 0.466751 0.542872
vt 0.466751 0.540193
vt 0.166232 0.989282
vt 0.165149 1.000000
vt 0.165149 0.989282
vt 0.991336 0.036442
vt 0.498157 0.823687
vt 0.495450 0.797963
vt 0.498157 0.797963
vt 0.960577 0.042872
vt 0.963826 0.021436
vt 0.963826 0.042872
vt 0.425307 0.989282
vt 0.425630 0.946409
vt 0.671429 0.770632
vt 0.671429 0.767953
vt 0.991336 0.094319
vt 0.994585 0.088960
vt 0.994585 0.094319
vt 0.075806 0.883708
vt 0.064977 0.854769
vt 0.075806 0.854769
vt 0.960577 0.493033
vt 0.963826 0.471597
vt 0.963826 0.493033
vt 0.379032 0.952840
vt 0.376325 0.949625
vt 0.979965 0.401929
vt 0.977258 0.401929
vt 0.576128 0.989282
vt 0.573421 0.991961
vt 0.573421 0.989282
vt 0.563758 0.946409
vt 0.560509 0.959807
vt 0.560509 0.946409
vt 0.102880 0.946409
vt 0.102880 0.967846
vt 0.994585 0.314041
vt 0.991336 0.319400
vt 0.991336 0.314041
vt 0.994585 0.907824
vt 0.991336 0.913183
vt 0.991336 0.907824
vt 0.314056 0.751876
vt 0.310807 0.754555
vt 0.310807 0.751876
vt 0.905346 0.578778
vt 0.908595 0.578778
vt 0.712665 0.972133
vt 0.709958 0.946409
vt 0.712665 0.946409
vt 0.690922 0.767953
vt 0.687673 0.770632
vt 0.983756 0.396570
vt 0.980507 0.407288
vt 0.980507 0.396570
vt 0.578835 0.991961
vt 0.576128 0.991961
vt 0.994585 0.319400
vt 0.991336 0.324759
vt 0.991336 0.319400
vt 0.385530 0.830118
vt 0.396360 0.859057
vt 0.385530 0.859057
vt 0.617281 0.540193
vt 0.606452 0.270096
vt 0.985922 0.203644
vt 0.991336 0.198285
vt 0.991336 0.203644
vt 0.975092 0.905680
vt 0.971843 0.921758
vt 0.928089 0.535906
vt 0.924840 0.600214
vt 0.924840 0.535906
vt 0.931337 0.364416
vt 0.928089 0.423365
vt 0.928089 0.364416
vt 0.941084 0.028939
vt 0.946499 0.057878
vt 0.941084 0.057878
vt 0.512235 0.760450
vt 0.508986 0.763129
vt 0.508986 0.760450
vt 0.919425 0.075027
vt 0.916176 0.117899
vt 0.578835 0.989282
vt 0.581543 0.991961
vt 0.578835 0.991961
vt 0.820261 0.989282
vt 0.819178 0.991961
vt 0.819178 0.989282
vt 0.994585 0.945337
vt 0.991336 0.950696
vt 0.991336 0.945337
vt 0.999458 0.389067
vt 0.996751 0.382636
vt 0.999458 0.382636
vt 0.372535 0.810825
vt 0.383364 0.751876
vt 0.383364 0.810825
vt 0.960577 0.900321
vt 0.963826 0.900321
vt 0.072556 0.989282
vt 0.069849 0.994641
vt 0.069849 0.989282
vt 0.668180 0.623258
vt 0.664931 0.625938
vt 0.664931 0.623258
vt 0.581543 0.989282
vt 0.584250 0.991961
vt 0.581543 0.991961
vt 0.758065 0.493033
vt 0.768894 0.332261
vt 0.768894 0.493033
vt 0.941084 0.086817
vt 0.946499 0.086817
vt 0.985922 0.209003
vt 0.991336 0.209003
vt 0.714747 0.946409
vt 0.720162 0.924973
vt 0.720162 0.946409
vt 0.449424 0.842979
vt 0.454839 0.735798
vt 0.454839 0.842979
vt 0.821344 0.989282
vt 0.820261 0.991961
vt 0.820261 0.989282
vt 0.072556 0.994641
vt 0.075264 0.989282
vt 0.075264 0.994641
vt 0.422350 0.843515
vt 0.411521 0.840300
vt 0.422350 0.840300
vt 0.166232 1.000000
vt 0.167315 0.989282
vt 0.167315 1.000000
vt 0.157028 0.967846
vt 0.162442 0.946409
vt 0.162442 0.967846
vt 0.586958 0.991961
vt 0.584250 0.989282
vt 0.586958 0.989282
vt 0.682258 0.733119
vt 0.693088 0.540193
vt 0.693088 0.733119
vt 0.168398 0.989282
vt 0.168398 1.000000
vt 0.946499 0.115756
vt 0.941084 0.086817
vt 0.946499 0.086817
vt 0.994585 0.523044
vt 0.991336 0.528403
vt 0.703917 0.773848
vt 0.736406 0.806002
vt 0.703917 0.806002
vt 0.817627 0.540193
vt 0.820876 0.336549
vt 0.820876 0.540193
vt 0.454839 0.920150
vt 0.449424 0.891211
vt 0.454839 0.891211
vt 0.988629 0.209003
vt 0.985922 0.219721
vt 0.977258 0.267953
vt 0.971843 0.267953
vt 0.960577 0.986066
vt 0.963826 0.964630
vt 0.963826 0.986066
vt 0.996751 0.389067
vt 0.999458 0.395498
vt 0.996751 0.395498
vt 0.140241 0.989282
vt 0.139158 1.000000
vt 0.554470 0.651125
vt 0.551221 0.653805
vt 0.551221 0.651125
vt 0.897187 0.884244
vt 0.896219 0.836013
vt 0.580003 0.946409
vt 0.576754 0.967846
vt 0.576754 0.946409
vt 0.828875 0.810289
vt 0.376325 0.952840
vt 0.373618 0.949625
vt 0.994585 0.163987
vt 0.991336 0.169346
vt 0.991336 0.163987
vt 0.999458 0.401928
vt 0.996751 0.395498
vt 0.606452 0.000000
vt 0.541475 0.112540
vt 0.541475 0.000000
vt 0.843985 0.892819
vt 0.840736 0.938371
vt 0.840736 0.892819
vt 0.586958 0.989282
vt 0.589665 0.991961
vt 0.586958 0.991961
vt 0.983756 0.664523
vt 0.980507 0.675241
vt 0.980507 0.664523
vt 0.798676 0.831725
vt 0.809505 0.834941
vt 0.798676 0.834941
vt 0.286982 0.922829
vt 0.286982 0.944266
vt 0.666014 0.929260
vt 0.660599 0.900321
vt 0.666014 0.900321
vt 0.798676 0.810289
vt 0.820334 0.831725
vt 0.727656 0.806002
vt 0.725514 0.854233
vt 0.725514 0.806002
vt 0.963826 0.733983
vt 0.969241 0.723265
vt 0.969241 0.733983
vt 0.980507 0.083065
vt 0.983214 0.080386
vt 0.983214 0.083065
vt 0.822427 0.989282
vt 0.821344 0.991961
vt 0.821344 0.989282
vt 0.793261 0.937299
vt 0.798676 0.915863
vt 0.798676 0.937299
vt 0.671429 0.929260
vt 0.671429 0.900321
vt 0.427973 0.989282
vt 0.428401 0.946409
vt 0.428401 0.989282
vt 0.885853 0.669882
vt 0.882604 0.782422
vt 0.881988 0.989282
vt 0.880905 0.991961
vt 0.880905 0.989282
vt 0.892351 0.868167
vt 0.895600 0.750268
vt 0.895600 0.868167
vt 0.592372 0.989282
vt 0.589665 0.991961
vt 0.589665 0.989282
vt 0.531728 0.760450
vt 0.528480 0.763129
vt 0.994585 0.599142
vt 0.991336 0.604502
vt 0.169480 0.989282
vt 0.168398 0.989282
vt 0.366037 0.789389
vt 0.362788 0.789389
vt 0.779724 0.939978
vt 0.785139 0.918542
vt 0.785139 0.939978
vt 0.999458 0.408359
vt 0.996751 0.401928
vt 0.952455 0.857449
vt 0.949748 0.905680
vt 0.949748 0.857449
vt 0.252868 0.989282
vt 0.252868 1.000000
vt 1.000000 0.960341
vt 0.996751 0.965700
vt 0.996751 0.960341
vt 0.472790 0.956056
vt 0.472790 0.952840
vt 0.994585 0.485530
vt 0.991336 0.490890
vt 0.991336 0.485530
vt 0.938918 0.757770
vt 0.933503 0.728832
vt 0.938918 0.728832
vt 0.851199 0.407288
vt 0.844701 0.409968
vt 0.844701 0.407288
vt 0.892351 0.493033
vt 0.892351 0.621650
vt 0.595622 0.739550
vt 0.590208 0.846731
vt 0.590208 0.739550
vt 0.907135 0.359057
vt 0.908419 0.310825
vt 0.908419 0.359057
vt 0.999458 0.414790
vt 0.996751 0.408359
vt 0.999458 0.408359
vt 0.595080 0.989282
vt 0.592372 0.991961
vt 0.592372 0.989282
vt 0.321095 0.972133
vt 0.323802 0.968917
vt 0.865277 0.846731
vt 0.854448 0.875670
vt 0.854448 0.846731
vt 0.951372 0.616291
vt 0.954080 0.568060
vt 0.954080 0.616291
vt 0.332466 0.959271
vt 0.335173 0.962487
vt 0.332466 0.962487
vt 0.996751 0.414790
vt 0.999458 0.421221
vt 0.996751 0.421221
vt 0.988629 0.230439
vt 0.985922 0.219721
vt 0.988629 0.219721
vt 0.140783 0.881029
vt 0.941084 0.117899
vt 0.946499 0.117899
vt 0.077971 0.989282
vt 0.758065 0.868167
vt 0.747235 0.839228
vt 0.758065 0.839228
vt 0.455169 0.842979
vt 0.455169 0.891211
vt 0.480912 0.956056
vt 0.478205 0.952840
vt 0.480912 0.952840
vt 0.359539 0.968917
vt 0.728368 0.946409
vt 0.977258 0.948553
vt 0.979965 0.945873
vt 0.979965 0.948553
vt 0.541475 0.509110
vt 0.595622 0.568060
vt 0.541475 0.568060
vt 0.872858 0.085745
vt 0.878273 0.000000
vt 0.878273 0.085745
vt 0.401775 0.887996
vt 0.385530 0.904073
vt 0.385530 0.887996
vt 0.905347 0.578778
vt 0.902098 0.685959
vt 0.902098 0.578778
vt 0.823510 0.989282
vt 0.822427 0.991961
vt 0.822427 0.989282
vt 0.644980 0.946409
vt 0.641731 0.967846
vt 0.641731 0.946409
vt 0.897766 0.000000
vt 0.894517 0.117899
vt 0.894517 0.000000
vt 0.933503 0.757770
vt 0.938918 0.786709
vt 0.933503 0.786709
vt 0.077971 0.994641
vt 0.080678 0.989282
vt 0.080678 0.994641
vt 0.822980 0.858521
vt 0.825121 0.810289
vt 0.722869 0.941586
vt 0.720162 0.887995
vt 0.722869 0.887995
vt 0.722869 0.806002
vt 0.723901 0.854233
vt 0.722869 0.854233
vt 0.408814 0.968917
vt 0.400691 0.956056
vt 0.326509 0.975348
vt 0.323802 0.972133
vt 0.326509 0.972133
vt 0.960577 0.064309
vt 0.498157 0.887995
vt 0.498157 0.859057
vt 0.332466 0.975348
vt 0.335173 0.978564
vt 0.332466 0.978564
vt 0.307558 0.824223
vt 0.401775 0.887996
vt 0.407189 0.916934
vt 0.401775 0.916934
vt 0.644980 0.967846
vt 0.648229 0.946409
vt 0.648229 0.967846
vt 0.778184 0.946409
vt 0.774935 0.967846
vt 0.774935 0.946409
vt 0.979965 0.961950
vt 0.977258 0.951232
vt 0.979965 0.951232
vt 0.021659 0.270096
vt 0.892351 0.750268
vt 0.889102 0.878885
vt 0.889102 0.750268
vt 0.905813 0.989282
vt 0.904730 0.991961
vt 0.904730 0.989282
vt 0.938918 0.815648
vt 0.933503 0.786709
vt 0.938918 0.786709
vt 1.000000 0.421221
vt 0.996751 0.426580
vt 0.996751 0.421221
vt 1.000000 0.426580
vt 0.996751 0.431939
vt 0.991336 0.230439
vt 0.985922 0.235798
vt 0.985922 0.230439
vt 0.253950 0.989282
vt 0.253950 1.000000
vt 0.994585 0.490890
vt 0.991336 0.496249
vt 0.991336 0.490890
vt 0.381740 0.962487
vt 0.119124 0.718113
vt 0.119124 0.836013
vt 0.985922 0.884244
vt 0.988629 0.894962
vt 0.985922 0.894962
vt 0.979965 0.353698
vt 0.977258 0.353698
vt 0.851198 0.474276
vt 0.854447 0.471597
vt 0.854447 0.474276
vt 0.422226 0.946409
vt 0.660599 0.817792
vt 0.641648 0.792069
vt 0.660599 0.792069
vt 0.547973 0.651125
vt 0.547973 0.653805
vt 0.758065 0.841372
vt 0.758065 0.838692
vt 0.584793 0.739550
vt 0.584793 0.568060
vt 0.999458 0.438370
vt 0.996751 0.431939
vt 0.999458 0.431939
vt 0.991336 0.235798
vt 0.985922 0.241158
vt 0.985922 0.235798
vt 0.980507 0.771704
vt 0.983214 0.782422
vt 0.980507 0.782422
vt 0.999458 0.444801
vt 0.996751 0.438370
vt 0.999458 0.438370
vt 0.498157 0.887995
vt 0.492742 0.916934
vt 0.492742 0.887995
vt 0.674220 0.967846
vt 0.677469 0.946409
vt 0.677469 0.967846
vt 0.396360 0.855841
vt 0.407189 0.826902
vt 0.407189 0.855841
vt 0.597787 0.991961
vt 0.595080 0.991961
vt 0.208468 0.696677
vt 0.197638 0.825295
vt 0.197638 0.696677
vt 0.381740 0.952840
vt 0.983756 0.286709
vt 0.980507 0.300107
vt 0.999458 0.451232
vt 0.996751 0.444801
vt 0.969241 0.733983
vt 0.963826 0.744701
vt 0.963826 0.733983
vt 0.849785 0.929260
vt 0.844371 0.900321
vt 0.849785 0.900321
vt 0.878900 0.946409
vt 0.882148 0.967846
vt 0.878900 0.967846
vt 0.897766 0.117899
vt 0.894517 0.235798
vt 0.894517 0.117899
vt 0.343295 0.968917
vt 0.346002 0.968917
vt 0.346544 0.540193
vt 0.875024 0.915327
vt 0.875024 0.926045
vt 0.900724 0.836013
vt 0.397984 0.956056
vt 0.395277 0.952840
vt 0.885853 0.878885
vt 0.891268 0.907824
vt 0.885853 0.907824
vt 0.108295 0.946409
vt 0.108295 0.967846
vt 0.922674 0.117899
vt 0.922674 0.064309
vt 0.170563 0.989282
vt 0.169480 1.000000
vt 0.169480 0.989282
vt 0.171646 0.989282
vt 0.170563 1.000000
vt 0.083386 0.989282
vt 0.597787 0.989282
vt 0.600494 0.991961
vt 0.597787 0.991961
vt 0.497156 0.946409
vt 0.499864 0.946409
vt 0.991336 0.241158
vt 0.985922 0.246517
vt 0.985922 0.241158
vt 0.781433 0.946409
vt 0.778184 0.967846
vt 0.778184 0.946409
vt 0.171646 1.000000
vt 0.172729 0.989282
vt 0.172729 1.000000
vt 0.830166 0.967846
vt 0.833415 0.946409
vt 0.833415 0.967846
vt 0.129954 0.273312
vt 0.064977 0.273312
vt 0.050897 0.989282
vt 0.048190 0.994641
vt 0.048190 0.989282
vt 0.054148 0.942658
vt 0.059562 0.921222
vt 0.059562 0.942658
vt 0.670346 0.794748
vt 0.667097 0.848338
vt 0.667097 0.794748
vt 0.948994 0.348339
vt 0.951701 0.294748
vt 0.951701 0.348339
vt 0.362247 0.956056
vt 0.359539 0.952840
vt 0.362247 0.952840
vt 0.292396 0.922829
vt 0.292396 0.944266
vt 0.932420 0.056270
vt 0.929171 0.112540
vt 0.929171 0.056270
vt 0.920508 0.752947
vt 0.917259 0.769024
vt 0.917259 0.752947
vt 0.449424 0.904073
vt 0.433180 0.887996
vt 0.449424 0.887996
vt 0.397984 0.962487
vt 0.584793 0.889603
vt 0.590208 0.825295
vt 0.590208 0.889603
vt 0.994585 0.324759
vt 0.991336 0.330118
vt 0.991336 0.324759
vt 0.632443 0.781350
vt 0.632443 0.778671
vt 0.824593 0.989282
vt 0.823510 0.991961
vt 0.823510 0.989282
vt 0.955162 0.321543
vt 0.960577 0.300107
vt 0.960577 0.321543
vt 0.842902 0.810289
vt 0.829907 0.842444
vt 0.829907 0.810289
vt 0.631360 0.840300
vt 0.403399 0.956056
vt 0.951914 0.093248
vt 0.949206 0.146838
vt 0.949206 0.093248
vt 0.905346 0.685959
vt 0.908595 0.685959
vt 0.690465 0.967846
vt 0.693713 0.946409
vt 0.693713 0.967846
vt 0.600494 0.989282
vt 0.603202 0.991961
vt 0.888486 0.989282
vt 0.887403 0.991961
vt 0.887403 0.989282
vt 0.248536 1.000000
vt 0.249619 0.989282
vt 0.249619 1.000000
vt 0.785139 0.939978
vt 0.790553 0.918542
vt 0.790553 0.939978
vt 0.108295 0.967846
vt 0.113710 0.946409
vt 0.113710 0.967846
vt 0.991336 0.894962
vt 0.985922 0.900321
vt 0.985922 0.894962
vt 0.983214 0.128617
vt 0.980507 0.128617
vt 0.963826 0.755419
vt 0.969241 0.744701
vt 0.969241 0.755419
vt 0.988629 0.809217
vt 0.988629 0.798499
vt 0.820334 0.892819
vt 0.820334 0.863880
vt 0.949748 0.873526
vt 0.944333 0.844587
vt 0.949748 0.844587
vt 0.482996 0.763130
vt 0.323802 0.824223
vt 0.340046 0.789389
vt 0.340046 0.824223
vt 0.969241 0.755419
vt 0.963826 0.766137
vt 0.963826 0.755419
vt 0.173272 0.819936
vt 0.184101 0.760986
vt 0.184101 0.819936
vt 0.825676 0.989282
vt 0.824593 0.991961
vt 0.824593 0.989282
vt 0.969241 0.766137
vt 0.963826 0.776855
vt 0.963826 0.766137
vt 0.881521 0.918542
vt 0.876107 0.939978
vt 0.876107 0.918542
vt 0.592915 0.891747
vt 0.598330 0.891747
vt 0.329217 0.888531
vt 0.323802 0.917470
vt 0.323802 0.888531
vt 0.979965 0.978028
vt 0.977258 0.967310
vt 0.979965 0.967310
vt 0.532352 0.946409
vt 0.537767 0.949625
vt 0.793188 0.989282
vt 0.792105 0.991961
vt 0.554470 0.653805
vt 0.557719 0.651125
vt 0.557719 0.653805
vt 0.975092 0.359057
vt 0.971843 0.342980
vt 0.975092 0.342980
vt 0.307558 0.700965
vt 0.281567 0.698285
vt 0.307558 0.698285
vt 0.162442 0.903001
vt 0.167857 0.852090
vt 0.167857 0.903001
vt 0.985922 0.809217
vt 0.988629 0.819936
vt 0.985922 0.819936
vt 0.985922 0.251876
vt 0.991336 0.246517
vt 0.991336 0.251876
vt 0.918808 0.989282
vt 0.917725 0.991961
vt 0.917725 0.989282
vt 0.969241 0.283822
vt 0.963826 0.273104
vt 0.969241 0.273104
vt 0.938918 0.844587
vt 0.933503 0.815648
vt 0.938918 0.815648
vt 0.612491 0.946409
vt 0.609242 0.967846
vt 0.609242 0.946409
vt 0.224712 0.825295
vt 0.224712 0.828510
vt 0.826832 0.912111
vt 0.829540 0.858521
vt 0.829540 0.912111
vt 0.999458 0.457662
vt 0.996751 0.451232
vt 0.606452 0.540193
vt 0.609701 0.542872
vt 0.606452 0.542872
vt 0.521523 0.946409
vt 0.521523 0.949625
vt 0.906896 0.989282
vt 0.905813 0.991961
vt 0.905813 0.989282
vt 0.963826 0.498184
vt 0.969241 0.487466
vt 0.969241 0.498184
vt 0.086636 0.889603
vt 0.092051 0.918542
vt 0.086636 0.918542
vt 1.000000 0.457662
vt 0.996751 0.463021
vt 0.996751 0.457662
vt 0.855200 0.929260
vt 0.855200 0.900321
vt 0.661682 0.625938
vt 0.661682 0.623258
vt 0.860615 0.929260
vt 0.855200 0.900321
vt 0.860615 0.900321
vt 0.902098 0.793140
vt 0.905346 0.685959
vt 0.905346 0.793140
vt 0.288065 0.946409
vt 0.284816 0.978564
vt 0.284816 0.946409
vt 0.960577 0.085745
vt 0.963826 0.064309
vt 0.963826 0.085745
vt 0.985922 0.257235
vt 0.991336 0.257235
vt 0.632443 0.542872
vt 0.635692 0.540193
vt 0.473791 0.896034
vt 0.457546 0.879957
vt 0.473791 0.879957
vt 0.907979 0.989282
vt 0.906896 0.991961
vt 0.714747 0.831725
vt 0.768894 0.916934
vt 0.768894 0.914255
vt 0.823583 0.858521
vt 0.820334 0.917470
vt 0.820334 0.858521
vt 0.750484 0.868167
vt 0.747235 0.868167
vt 0.369286 0.789389
vt 0.366037 0.896570
vt 0.366037 0.789389
vt 0.977258 0.806538
vt 0.979965 0.806538
vt 0.671429 0.900321
vt 0.671429 0.884244
vt 0.979965 0.916399
vt 0.977258 0.916399
vt 0.216590 0.270096
vt 0.205760 0.273312
vt 0.205760 0.270096
vt 0.211175 0.852090
vt 0.197638 0.852090
vt 0.877190 0.710611
vt 0.866360 0.707395
vt 0.877190 0.707395
vt 0.086636 0.589496
vt 0.086636 0.653805
vt 0.213882 0.989282
vt 0.212799 1.000000
vt 0.212799 0.989282
vt 0.851199 0.535906
vt 0.097466 0.889603
vt 0.092051 0.918542
vt 0.092051 0.889603
vt 0.985922 0.766345
vt 0.988629 0.777063
vt 0.985922 0.777063
vt 0.975092 0.921758
vt 0.971843 0.937835
vt 0.971843 0.921758
vt 0.603202 0.989282
vt 0.605909 0.991961
vt 0.603202 0.991961
vt 0.335173 0.965702
vt 0.332466 0.965702
vt 0.395277 0.965702
vt 0.395277 0.962487
vt 0.839286 0.270096
vt 0.839286 0.000000
vt 0.938918 0.873526
vt 0.933503 0.844587
vt 0.938918 0.844587
vt 0.994585 0.330118
vt 0.991336 0.335477
vt 0.991336 0.330118
vt 0.605909 0.989282
vt 0.608616 0.991961
vt 0.605909 0.991961
vt 0.608616 0.991961
vt 0.611324 0.989282
vt 0.611324 0.991961
vt 0.955162 0.900321
vt 0.960577 0.878885
vt 0.960577 0.900321
vt 0.920508 0.769024
vt 0.917259 0.793140
vt 0.370369 0.975348
vt 0.367661 0.972133
vt 0.370369 0.972133
vt 0.400691 0.949625
vt 0.403399 0.949625
vt 0.994585 0.335477
vt 0.991336 0.340836
vt 0.991336 0.335477
vt 0.940001 0.393355
vt 0.934586 0.364416
vt 0.940001 0.364416
vt 0.614031 0.989282
vt 0.238789 0.989282
vt 0.237706 1.000000
vt 0.237706 0.989282
vt 0.985922 0.900321
vt 0.988629 0.911039
vt 0.985922 0.911039
vt 0.983756 0.313505
vt 0.980507 0.326902
vt 0.980507 0.313505
vt 0.826759 0.989282
vt 0.825676 0.991961
vt 0.825676 0.989282
vt 0.983214 0.793140
vt 0.291139 0.856377
vt 0.955162 0.342980
vt 0.960577 0.342980
vt 0.425101 0.989282
vt 0.425307 0.946409
vt 0.969241 0.787573
vt 0.963826 0.776855
vt 0.969241 0.776855
vt 0.940001 0.422294
vt 0.934586 0.393355
vt 0.940001 0.393355
vt 0.969241 0.787573
vt 0.963826 0.798292
vt 0.963826 0.787573
vt 0.638941 0.540193
vt 0.628111 0.270096
vt 0.638941 0.270096
vt 0.940001 0.451232
vt 0.934586 0.422294
vt 0.367660 0.989282
vt 0.370367 0.991961
vt 0.994585 0.604502
vt 0.991336 0.609861
vt 0.616199 0.778671
vt 0.612950 0.781350
vt 0.612950 0.778671
vt 0.934586 0.471597
vt 0.934586 0.500536
vt 0.407189 0.859057
vt 0.410438 0.698285
vt 0.410438 0.859057
vt 0.533894 0.848874
vt 0.533894 0.797963
vt 0.467375 0.956056
vt 0.464668 0.952840
vt 0.881521 0.144695
vt 0.878273 0.166131
vt 0.878273 0.144695
vt 0.779724 0.889603
vt 0.793261 0.868167
vt 0.793261 0.889603
vt 0.302683 0.992497
vt 0.302683 0.989282
vt 0.979965 0.932476
vt 0.977258 0.932476
vt 0.616739 0.991961
vt 0.614031 0.991961
vt 0.731617 0.967846
vt 0.728368 0.946409
vt 0.731617 0.946409
vt 0.940001 0.529475
vt 0.934586 0.500536
vt 0.940001 0.500536
vt 0.991336 0.257235
vt 0.985922 0.262594
vt 0.985922 0.257235
vt 0.129954 0.589496
vt 0.985922 0.267953
vt 0.991336 0.262594
vt 0.991336 0.267953
vt 0.950831 0.393355
vt 0.945416 0.364416
vt 0.950831 0.364416
vt 0.348710 0.949625
vt 0.346002 0.946409
vt 0.348710 0.946409
vt 0.343294 0.992497
vt 0.340586 0.989282
vt 0.343294 0.989282
vt 0.999458 0.469452
vt 0.999458 0.463021
vt 0.173812 0.989282
vt 0.172729 0.989282
vt 0.899315 0.989282
vt 0.898232 0.991961
vt 0.387155 0.959271
vt 0.975092 0.664523
vt 0.971843 0.680600
vt 0.971843 0.664523
vt 0.606452 0.112540
vt 0.541475 0.225080
vt 0.902098 0.919078
vt 0.905347 0.857449
vt 0.905347 0.919078
vt 0.960577 0.514469
vt 0.994585 0.206860
vt 0.991336 0.212219
vt 0.991336 0.206860
vt 0.932421 0.292069
vt 0.929172 0.294748
vt 0.996751 0.469452
vt 0.999459 0.475883
vt 0.996751 0.475883
vt 0.977258 0.627010
vt 0.979965 0.627010
vt 0.980507 0.077706
vt 0.983214 0.077706
vt 0.955162 0.921757
vt 0.960577 0.921757
vt 0.616739 0.989282
vt 0.619446 0.991961
vt 0.616739 0.991961
vt 0.977258 0.935155
vt 0.979965 0.935155
vt 0.909388 0.359057
vt 0.323802 0.956056
vt 0.323802 0.959271
vt 0.969241 0.798292
vt 0.963826 0.809010
vt 0.857696 0.375134
vt 0.854448 0.557342
vt 0.854448 0.375134
vt 0.916176 0.907824
vt 0.910761 0.878885
vt 0.916176 0.878885
vt 0.878273 0.026795
vt 0.881521 0.000000
vt 0.619446 0.989282
vt 0.622153 0.991961
vt 0.619446 0.991961
vt 0.876107 0.825295
vt 0.881521 0.825295
vt 0.781433 0.967846
vt 0.784682 0.946409
vt 0.784682 0.967846
vt 0.747235 0.364416
vt 0.854448 0.000000
vt 0.851199 0.000000
vt 0.370367 0.989282
vt 0.373075 0.991961
vt 0.980507 0.259914
vt 0.086636 0.889603
vt 0.100173 0.868167
vt 0.100173 0.889603
vt 0.979965 0.884244
vt 0.779724 0.856377
vt 0.768894 0.818864
vt 0.779724 0.818864
vt 0.359539 0.956056
vt 0.346002 0.965702
vt 0.891268 0.257235
vt 0.888019 0.364416
vt 0.888019 0.257235
vt 0.979965 0.691318
vt 0.977258 0.691318
vt 0.703917 0.540193
vt 0.693088 0.733119
vt 0.921591 0.535906
vt 0.918342 0.600214
vt 0.918342 0.535906
vt 0.400691 0.946409
vt 0.403399 0.946409
vt 0.922674 0.064309
vt 0.919425 0.117899
vt 0.119125 0.273312
vt 0.335173 0.975348
vt 0.337880 0.978564
vt 0.335173 0.978564
vt 0.927006 0.793140
vt 0.923757 0.857449
vt 0.923757 0.793140
vt 0.318387 0.888531
vt 0.307558 0.859592
vt 0.318387 0.859592
vt 0.827842 0.989282
vt 0.826759 0.991961
vt 0.994585 0.950696
vt 0.991336 0.956055
vt 0.991336 0.950696
vt 0.865277 0.825295
vt 0.870692 0.739550
vt 0.870692 0.825295
vt 0.955162 0.364416
vt 0.960577 0.342980
vt 0.960577 0.364416
vt 0.889102 0.750268
vt 0.892351 0.750268
vt 0.321095 0.956056
vt 0.323802 0.952840
vt 0.975092 0.937835
vt 0.971843 0.953912
vt 0.971843 0.937835
vt 0.755358 0.891747
vt 0.768894 0.870311
vt 0.768894 0.891747
vt 0.336797 0.751876
vt 0.333549 0.754555
vt 0.333549 0.751876
vt 0.975092 0.551983
vt 0.971843 0.568060
vt 0.476498 0.650589
vt 0.519816 0.696141
vt 0.476498 0.696141
vt 0.021659 0.921222
vt 0.016244 0.892283
vt 0.021659 0.892283
vt 0.900398 0.989282
vt 0.899315 0.991961
vt 0.899315 0.989282
vt 0.996751 0.000000
vt 0.991336 0.005359
vt 0.991336 0.000000
vt 0.934586 0.529475
vt 0.940001 0.529475
vt 0.354125 0.978564
vt 0.351417 0.975348
vt 0.354125 0.975348
vt 0.649770 0.884244
vt 0.638941 0.855305
vt 0.649770 0.855305
vt 0.364954 0.959271
vt 0.362247 0.956056
vt 0.364954 0.956056
vt 0.400691 0.972133
vt 0.403399 0.972133
vt 0.296554 0.872454
vt 0.293305 0.923365
vt 0.293305 0.872454
vt 0.969241 0.819728
vt 0.963826 0.809010
vt 0.969241 0.809010
vt 0.151070 0.989282
vt 0.362247 0.959271
vt 0.359539 0.956056
vt 1.000000 0.475883
vt 0.996751 0.481242
vt 0.996751 0.475883
vt 0.428930 0.946409
vt 0.428930 0.949625
vt 0.346002 0.956056
vt 0.350876 0.924973
vt 0.345461 0.896034
vt 0.350876 0.896034
vt 0.891268 0.936763
vt 0.885853 0.907824
vt 0.891268 0.907824
vt 0.915093 0.557342
vt 0.911844 0.643087
vt 0.911844 0.557342
vt 0.881521 0.278671
vt 0.884770 0.166131
vt 0.884770 0.278671
vt 0.952997 0.905680
vt 0.949748 0.943194
vt 0.949748 0.905680
vt 0.876107 0.857449
vt 0.839286 0.540193
vt 0.833871 0.270096
vt 0.839286 0.270096
vt 0.624861 0.989282
vt 0.622153 0.991961
vt 0.622153 0.989282
vt 0.983756 0.557342
vt 0.980507 0.568060
vt 0.821366 0.810289
vt 0.821366 0.858521
vt 0.854447 0.409968
vt 0.851199 0.471597
vt 0.851199 0.409968
vt 0.560968 0.653805
vt 0.564217 0.651125
vt 0.564217 0.653805
vt 0.054147 0.967846
vt 0.059562 0.946409
vt 0.059562 0.967846
vt 0.979965 0.624330
vt 0.977258 0.624330
vt 0.627568 0.991961
vt 0.624861 0.991961
vt 0.991336 0.267953
vt 0.985922 0.273312
vt 0.985922 0.267953
vt 0.119124 0.946409
vt 0.119124 0.967846
vt 0.859862 0.739550
vt 0.854448 0.846731
vt 0.854448 0.739550
vt 0.680718 0.946409
vt 0.680718 0.967846
vt 0.690922 0.802787
vt 0.332466 0.949625
vt 0.335173 0.952840
vt 0.660058 0.679528
vt 0.656809 0.733119
vt 0.991336 0.273312
vt 0.985922 0.278671
vt 0.950831 0.422294
vt 0.945416 0.393355
vt 0.059562 0.967846
vt 0.064977 0.946409
vt 0.064977 0.967846
vt 0.991336 0.278671
vt 0.985922 0.284030
vt 0.908139 0.967846
vt 0.911388 0.946409
vt 0.911388 0.967846
vt 0.630275 0.991961
vt 0.627568 0.989282
vt 0.630275 0.989282
vt 0.909061 0.989282
vt 0.907978 0.991961
vt 0.907978 0.989282
vt 0.901481 0.989282
vt 0.900398 0.991961
vt 0.043318 0.699357
vt 0.000000 0.653805
vt 0.043318 0.653805
vt 0.919891 0.989282
vt 0.918808 0.991961
vt 0.021659 0.827974
vt 0.940001 0.587353
vt 0.934586 0.558414
vt 0.940001 0.558414
vt 0.928089 0.423365
vt 0.931337 0.471597
vt 0.928089 0.471597
vt 0.214965 0.989282
vt 0.213882 1.000000
vt 0.213882 0.989282
vt 0.911388 0.967846
vt 0.914637 0.946409
vt 0.914637 0.967846
vt 0.381740 0.968917
vt 0.379032 0.965702
vt 0.996751 0.481242
vt 0.999459 0.487673
vt 0.996751 0.487673
vt 0.630275 0.989282
vt 0.632983 0.991961
vt 0.630275 0.991961
vt 0.828925 0.989282
vt 0.827842 0.991961
vt 0.827842 0.989282
vt 0.977258 0.431404
vt 0.244747 0.787781
vt 0.241498 0.790461
vt 0.423393 0.989282
vt 0.969241 0.830446
vt 0.963826 0.819728
vt 0.969241 0.819728
vt 0.928089 0.600214
vt 0.924840 0.664523
vt 0.910144 0.989282
vt 0.909062 0.991961
vt 0.909062 0.989282
vt 0.124539 0.946409
vt 0.124539 0.967846
vt 0.932420 0.225080
vt 0.929172 0.278671
vt 0.929172 0.225080
vt 0.635690 0.989282
vt 0.632983 0.991961
vt 0.632983 0.989282
vt 0.910761 0.900321
vt 0.907512 0.937835
vt 0.907512 0.900321
vt 0.963826 0.021436
vt 0.967075 0.000000
vt 0.967075 0.021436
vt 0.963826 0.508902
vt 0.969241 0.508902
vt 0.960577 0.107181
vt 0.963826 0.107181
vt 0.924840 0.664523
vt 0.921591 0.728832
vt 0.921591 0.664523
vt 0.980507 0.115220
vt 0.310265 0.952840
vt 0.312972 0.956056
vt 0.310265 0.956056
vt 0.283732 0.992497
vt 0.281024 0.989282
vt 0.283732 0.989282
vt 0.955162 0.943194
vt 0.960577 0.921758
vt 0.960577 0.943194
vt 0.923757 0.793140
vt 0.920508 0.857449
vt 0.920508 0.793140
vt 0.877190 0.739550
vt 0.866360 0.710611
vt 0.955162 0.385852
vt 0.960577 0.364416
vt 0.960577 0.385852
vt 0.635690 0.989282
vt 0.638398 0.991961
vt 0.635690 0.991961
vt 0.988629 0.294748
vt 0.985922 0.294748
vt 0.224711 1.000000
vt 0.225794 0.989282
vt 0.225794 1.000000
vt 0.960577 0.128617
vt 0.963826 0.107181
vt 0.963826 0.128617
vt 0.700669 0.851018
vt 0.700669 0.853698
vt 0.830007 0.989282
vt 0.828924 0.991961
vt 0.828924 0.989282
vt 0.963826 0.830446
vt 0.969241 0.841164
vt 0.963826 0.841164
vt 0.254493 0.946409
vt 0.254493 0.967846
vt 0.356832 0.956056
vt 0.350876 0.851018
vt 0.340046 0.879957
vt 0.340046 0.851018
vt 0.977258 0.790461
vt 0.836664 0.946409
vt 0.598330 0.920686
vt 0.603745 0.891747
vt 0.603745 0.920686
vt 0.638398 0.989282
vt 0.641105 0.991961
vt 0.847950 0.000000
vt 0.844701 0.203644
vt 0.844701 0.000000
vt 0.337880 0.968917
vt 0.281567 0.543408
vt 0.037903 0.934083
vt 0.037903 0.905144
vt 0.955162 0.407288
vt 0.960577 0.407288
vt 0.963826 0.851882
vt 0.969241 0.841164
vt 0.969241 0.851882
vt 0.003249 0.989282
vt 0.000000 0.994641
vt 0.000000 0.989282
vt 0.205761 0.000000
vt 0.216590 0.000000
vt 0.979965 0.235798
vt 0.977258 0.217042
vt 0.979965 0.217042
vt 0.831090 0.989282
vt 0.830007 0.991961
vt 0.303226 0.930332
vt 0.306475 0.919614
vt 0.306475 0.930332
vt 0.216047 0.989282
vt 0.214965 1.000000
vt 0.214965 0.989282
vt 0.116959 0.868167
vt 0.113710 0.921758
vt 0.113710 0.868167
vt 0.108295 0.270096
vt 0.097465 0.000000
vt 0.108295 0.000000
vt 0.991336 0.294748
vt 0.985922 0.300107
vt 0.985922 0.294748
vt 0.963826 0.128617
vt 0.960577 0.150054
vt 0.960577 0.128617
vt 0.660599 0.884244
vt 0.649770 0.855305
vt 0.660599 0.855305
vt 0.979965 0.852090
vt 0.977258 0.852090
vt 0.281567 0.922829
vt 0.281567 0.893891
vt 0.492742 0.887995
vt 0.476498 0.904073
vt 0.476498 0.887995
vt 0.963826 0.862600
vt 0.969241 0.851882
vt 0.969241 0.862600
vt 0.612491 0.967846
vt 0.615740 0.946409
vt 0.615740 0.967846
vt 0.983756 0.568060
vt 0.980507 0.578778
vt 0.980507 0.568060
vt 0.979965 0.275991
vt 0.977258 0.278671
vt 0.977258 0.275991
vt 0.323802 0.904609
vt 0.307558 0.888531
vt 0.323802 0.888531
vt 0.747235 0.836013
vt 0.758065 0.836013
vt 0.940001 0.616291
vt 0.934586 0.587353
vt 0.940001 0.587353
vt 0.457546 0.671490
vt 0.433180 0.735798
vt 0.174895 0.989282
vt 0.173812 1.000000
vt 0.173812 0.989282
vt 0.832173 0.989282
vt 0.831090 0.991961
vt 0.969241 0.873318
vt 0.963826 0.873318
vt 0.969241 0.884036
vt 0.963826 0.884036
vt 0.960577 0.535906
vt 0.963826 0.514469
vt 0.963826 0.535906
vt 0.940001 0.645230
vt 0.934586 0.616291
vt 0.373618 0.968917
vt 0.376325 0.968917
vt 0.983214 0.190246
vt 0.980507 0.179528
vt 0.983214 0.179528
vt 0.219297 0.696677
vt 0.208468 0.825295
vt 0.916176 0.936763
vt 0.910761 0.907824
vt 0.916176 0.907824
vt 0.346001 0.989282
vt 0.348709 0.992497
vt 0.346001 0.992497
vt 1.000000 0.944264
vt 0.996751 0.949623
vt 0.996751 0.944264
vt 0.999458 0.494104
vt 0.996751 0.487673
vt 0.999458 0.487673
vt 0.448424 0.959807
vt 0.445175 0.970525
vt 0.895600 0.493033
vt 0.892351 0.621650
vt 0.892351 0.493033
vt 0.787931 0.946409
vt 0.980507 0.905680
vt 0.983214 0.916399
vt 0.980507 0.916399
vt 0.955162 0.422294
vt 0.951914 0.459807
vt 0.951914 0.422294
vt 0.779724 0.885316
vt 0.768894 0.856377
vt 0.946499 0.918542
vt 0.941084 0.889603
vt 0.946499 0.889603
vt 0.329217 0.978564
vt 0.994586 0.067524
vt 0.991336 0.072883
vt 0.991336 0.067524
vt 0.703917 0.733119
vt 0.714747 0.733119
vt 0.129954 0.718113
vt 0.129954 0.836013
vt 0.983756 0.632369
vt 0.980507 0.643087
vt 0.931338 0.471597
vt 0.928089 0.530546
vt 0.928089 0.471597
vt 0.979965 0.672562
vt 0.985922 0.310825
vt 0.988629 0.300107
vt 0.988629 0.310825
vt 0.326509 0.956056
vt 0.329217 0.959271
vt 0.428724 0.989282
vt 0.428930 0.946409
vt 0.428930 0.989282
vt 0.940001 0.674169
vt 0.934586 0.645230
vt 0.940001 0.645230
vt 0.468376 0.924973
vt 0.462961 0.896034
vt 0.468376 0.896034
vt 0.359539 0.698285
vt 0.333549 0.751875
vt 0.333549 0.698285
vt 0.102880 0.889603
vt 0.097466 0.918542
vt 0.979965 0.755627
vt 0.977258 0.755627
vt 0.940001 0.703108
vt 0.934586 0.674169
vt 0.940001 0.674169
vt 0.790553 0.540193
vt 0.785139 0.270096
vt 0.790553 0.270096
vt 0.991336 0.310825
vt 0.985922 0.316184
vt 0.985922 0.310825
vt 0.346002 0.959271
vt 0.343295 0.956056
vt 0.991336 0.316184
vt 0.985922 0.321543
vt 0.385530 0.826902
vt 0.396360 0.698285
vt 0.396360 0.826902
vt 0.806798 0.270096
vt 0.801383 0.000000
vt 0.806798 0.000000
vt 0.991336 0.321543
vt 0.985922 0.326902
vt 0.985922 0.321543
vt 0.641105 0.989282
vt 0.643812 0.991961
vt 0.994044 0.807074
vt 0.991336 0.807074
vt 0.533894 0.880493
vt 0.539309 0.909432
vt 0.533894 0.909432
vt 0.994585 0.072883
vt 0.991336 0.078242
vt 0.991336 0.072883
vt 0.963826 0.433876
vt 0.246371 0.752947
vt 0.270737 0.688639
vt 0.270737 0.752947
vt 0.971843 0.969989
vt 0.975092 0.953912
vt 0.975092 0.969989
vt 0.175978 0.989282
vt 0.174895 1.000000
vt 0.174895 0.989282
vt 0.920508 0.728832
vt 0.917259 0.728832
vt 0.955162 0.428724
vt 0.960577 0.428724
vt 0.359539 0.962486
vt 0.362247 0.962486
vt 0.113710 0.868167
vt 0.113710 0.889603
vt 0.999458 0.500535
vt 0.996751 0.494104
vt 0.660600 0.270096
vt 0.649770 0.000000
vt 0.660600 0.000000
vt 0.646520 0.991961
vt 0.643812 0.989282
vt 0.646520 0.989282
vt 0.362247 0.972133
vt 0.364954 0.972133
vt 0.646520 0.989282
vt 0.649227 0.991961
vt 0.646520 0.991961
vt 0.323802 0.949625
vt 0.323802 0.952840
vt 0.994585 0.340836
vt 0.991336 0.346195
vt 0.991336 0.340836
vt 0.411521 0.952840
vt 0.411521 0.949625
vt 0.965950 0.129025
vt 0.971843 0.133227
vt 0.965460 0.135846
vt 0.991336 0.332261
vt 0.991336 0.326902
vt 0.539309 0.938371
vt 0.205760 0.967846
vt 0.211175 0.946409
vt 0.211175 0.967846
vt 0.083386 0.994641
vt 0.086093 0.989282
vt 0.086093 0.994641
vt 0.985922 0.337621
vt 0.991336 0.332261
vt 0.991336 0.337621
vt 0.787931 0.967846
vt 0.791180 0.946409
vt 0.791180 0.967846
vt 0.963826 0.894755
vt 0.969241 0.884036
vt 0.969241 0.894755
vt 0.971843 0.664523
vt 0.975092 0.648446
vt 0.975092 0.664523
vt 0.941084 0.028939
vt 0.935669 0.000000
vt 0.941084 0.000000
vt 0.853365 0.734191
vt 0.850116 0.734191
vt 0.755358 0.891747
vt 0.760772 0.891747
vt 0.401775 0.938371
vt 0.407189 0.916935
vt 0.407189 0.938371
vt 0.281567 0.856377
vt 0.554553 0.946409
vt 0.557260 0.946409
vt 0.649770 0.270096
vt 0.638940 0.000000
vt 0.649770 0.000000
vt 0.994585 0.609861
vt 0.991336 0.615220
vt 0.991336 0.609861
vt 0.573964 0.651125
vt 0.573963 0.653805
vt 0.979965 0.980707
vt 0.977258 0.978028
vt 0.979965 0.321543
vt 0.977258 0.310825
vt 0.979965 0.310825
vt 0.381740 0.959271
vt 0.381740 0.956056
vt 0.392569 0.946409
vt 0.853365 0.728832
vt 0.850116 0.728832
vt 0.411521 0.888531
vt 0.427765 0.904609
vt 0.411521 0.904609
vt 0.492742 0.938371
vt 0.498157 0.916934
vt 0.498157 0.938371
vt 0.885853 0.878885
vt 0.889102 0.750268
vt 0.889102 0.878885
vt 0.651936 0.757235
vt 0.960577 0.557342
vt 0.963826 0.535906
vt 0.963826 0.557342
vt 0.911227 0.989282
vt 0.910144 0.991961
vt 0.910144 0.989282
vt 0.955162 0.450161
vt 0.960577 0.428724
vt 0.960577 0.450161
vt 0.361705 0.879957
vt 0.350876 0.879957
vt 0.651934 0.989282
vt 0.649227 0.989282
vt 0.392569 0.968917
vt 0.395277 0.968917
vt 0.617282 0.000000
vt 0.628111 0.000000
vt 0.994585 0.615220
vt 0.991336 0.620579
vt 0.991336 0.615220
vt 0.216590 0.946409
vt 0.216590 0.967846
vt 0.994585 0.620579
vt 0.991336 0.625938
vt 0.991336 0.620579
vt 0.991336 0.099678
vt 0.994585 0.099678
vt 0.979965 0.643087
vt 0.977258 0.645766
vt 0.977258 0.643087
vt 0.175978 0.989282
vt 0.177061 1.000000
vt 0.175978 1.000000
vt 0.839913 0.946409
vt 0.836664 0.967846
vt 0.836664 0.946409
vt 0.286982 0.893891
vt 0.281567 0.922829
vt 0.281567 0.893891
vt 0.977258 0.235798
vt 0.971843 0.246517
vt 0.971843 0.235798
vt 0.994585 0.346195
vt 0.991336 0.351554
vt 0.991336 0.346195
vt 0.994585 0.625938
vt 0.991336 0.631297
vt 0.991336 0.625938
vt 0.478205 0.956056
vt 0.472790 0.952840
vt 0.459253 0.956056
vt 0.456546 0.952840
vt 0.994585 0.631297
vt 0.991336 0.636656
vt 0.991336 0.631297
vt 0.963826 0.283822
vt 0.969241 0.294540
vt 0.963826 0.294540
vt 0.431014 0.872454
vt 0.427765 0.923365
vt 0.427765 0.872454
vt 0.367661 0.956056
vt 0.364954 0.952840
vt 0.882604 0.643087
vt 0.264780 0.989282
vt 0.267487 0.992497
vt 0.054148 0.827974
vt 0.059562 0.892283
vt 0.054148 0.892283
vt 0.983756 0.525187
vt 0.980507 0.525187
vt 0.911844 0.458199
vt 0.915093 0.460879
vt 0.963826 0.905473
vt 0.969241 0.894755
vt 0.969241 0.905473
vt 0.929172 0.131297
vt 0.925923 0.182208
vt 0.925923 0.131297
vt 0.980507 0.000000
vt 0.983214 0.002680
vt 0.980507 0.002680
vt 0.994585 0.528403
vt 0.991336 0.533762
vt 0.991336 0.528403
vt 0.988629 0.348339
vt 0.988629 0.337621
vt 0.457546 0.802787
vt 0.460795 0.800107
vt 0.460795 0.802787
vt 0.860945 0.182208
vt 0.857696 0.182208
vt 0.994585 0.533762
vt 0.991336 0.539121
vt 0.991336 0.533762
vt 0.736406 0.944265
vt 0.741821 0.922829
vt 0.741821 0.944265
vt 0.979965 0.324223
vt 0.977258 0.321543
vt 0.923757 0.857449
vt 0.920508 0.919078
vt 0.920508 0.857449
vt 0.776474 0.989282
vt 0.779181 0.991961
vt 0.776474 0.991961
vt 0.941084 0.057878
vt 0.935669 0.028939
vt 0.941084 0.028939
vt 0.758065 0.841372
vt 0.768894 0.870311
vt 0.758065 0.870311
vt 0.930255 0.939978
vt 0.935669 0.918542
vt 0.935669 0.939978
vt 0.767811 0.838692
vt 0.764563 0.841372
vt 0.343295 0.972133
vt 0.994585 0.496249
vt 0.991336 0.501608
vt 0.991336 0.496249
vt 0.983756 0.643087
vt 0.980507 0.653805
vt 0.321095 0.949625
vt 0.323802 0.949625
vt 0.406106 0.978564
vt 0.406106 0.975348
vt 0.370369 0.978564
vt 0.833256 0.989282
vt 0.832173 0.991961
vt 0.464668 0.956056
vt 0.580003 0.967846
vt 0.583251 0.946409
vt 0.854447 0.192926
vt 0.851199 0.385852
vt 0.851199 0.192926
vt 0.408814 0.946409
vt 0.411521 0.946409
vt 0.963826 0.905473
vt 0.969241 0.916191
vt 0.963826 0.916191
vt 0.994585 0.501608
vt 0.991336 0.506967
vt 0.741821 0.944265
vt 0.747235 0.922829
vt 0.747235 0.944265
vt 0.444009 0.859057
vt 0.433180 0.821543
vt 0.444009 0.821543
vt 0.988629 0.359057
vt 0.985922 0.348339
vt 0.219297 0.903001
vt 0.224712 0.852090
vt 0.224712 0.903001
vt 0.530646 0.538049
vt 0.321095 0.962487
vt 0.839913 0.967846
vt 0.843162 0.946409
vt 0.843162 0.967846
vt 0.996751 0.500535
vt 0.999459 0.506966
vt 0.996751 0.506966
vt 0.211175 0.825295
vt 0.224712 0.852090
vt 0.834339 0.989282
vt 0.833256 0.991961
vt 0.833256 0.989282
vt 0.329217 0.962487
vt 0.162442 0.938907
vt 0.157028 0.909968
vt 0.162442 0.909968
vt 0.871775 0.928724
vt 0.875024 0.928724
vt 0.941084 0.086817
vt 0.935669 0.057878
vt 0.941084 0.057878
vt 0.835422 0.989282
vt 0.834339 0.991961
vt 0.834339 0.989282
vt 0.129954 0.653805
vt 0.999458 0.513397
vt 0.996751 0.506966
vt 0.999458 0.506966
vt 0.255033 0.989282
vt 0.000000 0.967846
vt 0.005415 0.946409
vt 0.005415 0.967846
vt 0.888019 0.000000
vt 0.928089 0.589496
vt 0.931337 0.530547
vt 0.931337 0.589496
vt 0.941084 0.115756
vt 0.935669 0.086817
vt 0.941084 0.086817
vt 0.882604 0.503751
vt 0.885853 0.503751
vt 0.983756 0.685959
vt 0.980507 0.696677
vt 0.980507 0.685959
vt 0.955162 0.471597
vt 0.960577 0.471597
vt 0.977258 0.868167
vt 0.979965 0.870847
vt 0.977258 0.870847
vt 0.010830 0.270096
vt 0.021659 0.273312
vt 0.977258 0.308146
vt 0.979965 0.308146
vt 0.216047 1.000000
vt 0.217130 0.989282
vt 0.217130 1.000000
vt 0.891268 0.000000
vt 0.888019 0.128617
vt 0.888019 0.000000
vt 0.836505 0.989282
vt 0.835422 0.991961
vt 0.835422 0.989282
vt 0.367661 0.968917
vt 0.370369 0.968917
vt 0.979965 0.543944
vt 0.977258 0.546624
vt 0.977258 0.543944
vt 0.203053 0.897106
vt 0.219297 0.881029
vt 0.219297 0.897106
vt 0.935669 0.117899
vt 0.935669 0.146838
vt 0.495991 0.763130
vt 0.495991 0.760450
vt 0.177061 1.000000
vt 0.178144 0.989282
vt 0.178144 1.000000
vt 0.563758 0.959807
vt 0.560509 0.970525
vt 0.891268 0.128617
vt 0.894517 0.000000
vt 0.894517 0.128617
vt 0.335714 0.540193
vt 0.281567 0.599142
vt 0.281567 0.540193
vt 0.960577 0.578778
vt 0.963826 0.578778
vt 0.839286 0.810289
vt 0.839286 0.540193
vt 0.952996 0.000000
vt 0.949748 0.000000
vt 1.000000 0.513397
vt 0.996751 0.518756
vt 0.996751 0.513397
vt 0.651934 0.989282
vt 0.654642 0.991961
vt 0.651934 0.991961
vt 0.086093 0.991961
vt 0.088801 0.994641
vt 0.086093 0.994641
vt 0.980507 0.235798
vt 0.977258 0.249196
vt 0.977258 0.235798
vt 0.329217 0.888531
vt 0.318387 0.859592
vt 0.329217 0.859592
vt 0.348710 0.959271
vt 0.649770 0.540193
vt 0.638940 0.270096
vt 0.649770 0.270096
vt 0.408814 0.959271
vt 0.994585 0.351554
vt 0.991336 0.356913
vt 0.991336 0.351554
vt 0.983756 0.728832
vt 0.980507 0.739550
vt 0.980507 0.728832
vt 0.178687 0.931404
vt 0.173272 0.902465
vt 0.178687 0.902465
vt 0.779181 0.989282
vt 0.781888 0.991961
vt 0.779181 0.991961
vt 0.963826 0.857449
vt 0.960577 0.836013
vt 0.963826 0.836013
vt 0.988629 0.369775
vt 0.985922 0.359057
vt 0.977258 0.418006
vt 0.979965 0.415327
vt 0.979965 0.418006
vt 0.340588 0.949625
vt 0.343295 0.952840
vt 0.612950 0.540193
vt 0.612950 0.542872
vt 0.991336 0.819935
vt 0.994044 0.826366
vt 0.991336 0.826366
vt 0.960577 0.171490
vt 0.963826 0.150054
vt 0.963826 0.171490
vt 0.513401 0.956056
vt 0.510693 0.952840
vt 0.983756 0.653805
vt 0.410438 0.859057
vt 0.407189 0.918006
vt 0.407189 0.859057
vt 0.837588 0.989282
vt 0.836505 0.991961
vt 0.955162 0.093248
vt 0.951914 0.130761
vt 0.951914 0.093248
vt 0.533894 0.896570
vt 0.517650 0.880493
vt 0.654642 0.989282
vt 0.657349 0.991961
vt 0.806798 0.540193
vt 0.801383 0.270096
vt 0.806798 0.270096
vt 0.838671 0.989282
vt 0.837588 0.991961
vt 0.837588 0.989282
vt 0.872858 0.171490
vt 0.878273 0.085745
vt 0.878273 0.171490
vt 0.179227 0.989282
vt 0.178144 1.000000
vt 0.178144 0.989282
vt 0.400691 0.968917
vt 0.948665 0.608253
vt 0.945416 0.653805
vt 0.167857 0.946409
vt 0.167857 0.967846
vt 0.948665 0.632369
vt 0.951372 0.685959
vt 0.948665 0.685959
vt 0.980507 0.050911
vt 0.996751 0.518755
vt 0.999459 0.525186
vt 0.996751 0.525186
vt 0.977258 0.739550
vt 0.979965 0.742229
vt 0.994585 0.185423
vt 0.991336 0.185423
vt 0.657349 0.989282
vt 0.660057 0.991961
vt 0.657349 0.991961
vt 0.677927 0.802787
vt 0.671429 0.805466
vt 0.671429 0.802787
vt 0.979965 0.964630
vt 0.184101 0.857449
vt 0.173272 0.857449
vt 0.844371 0.884244
vt 0.844371 0.900321
vt 0.720162 0.733119
vt 0.703918 0.767953
vt 0.703918 0.733119
vt 0.308098 0.992497
vt 0.310805 0.989282
vt 0.310805 0.992497
vt 0.682258 0.540193
vt 0.682258 0.270096
vt 0.933503 0.836013
vt 0.930255 0.889603
vt 0.693088 0.270096
vt 0.693088 0.000000
vt 0.508986 0.760450
vt 0.505738 0.760450
vt 0.994585 0.913183
vt 0.991336 0.913183
vt 0.963826 0.578778
vt 0.960577 0.600214
vt 0.960577 0.578778
vt 0.362247 0.949625
vt 0.038985 0.989282
vt 0.035737 0.994641
vt 0.035737 0.989282
vt 0.891268 0.257235
vt 0.894517 0.128617
vt 0.894517 0.257235
vt 0.517650 0.851554
vt 0.528480 0.880493
vt 0.517650 0.880493
vt 0.907135 0.310825
vt 0.905851 0.359057
vt 0.905851 0.310825
vt 0.378490 0.989282
vt 0.375782 0.991961
vt 0.375782 0.989282
vt 0.839754 0.989282
vt 0.838671 0.991961
vt 0.838671 0.989282
vt 0.985922 0.375134
vt 0.991336 0.369775
vt 0.991336 0.375134
vt 0.985922 0.380493
vt 0.991336 0.380493
vt 1.000000 0.525186
vt 0.996751 0.530545
vt 0.996751 0.525186
vt 0.372535 0.842979
vt 0.385530 0.810825
vt 0.385530 0.842979
vt 0.969241 0.916191
vt 0.963826 0.926909
vt 0.963826 0.916191
vt 0.975092 0.359057
vt 0.971843 0.375134
vt 0.971843 0.359057
vt 0.108295 0.889603
vt 0.102880 0.918542
vt 0.102880 0.889603
vt 0.451013 0.842979
vt 0.554553 0.956056
vt 0.549138 0.952840
vt 0.091508 0.989282
vt 0.088801 0.989282
vt 0.625945 0.542872
vt 0.629194 0.540193
vt 0.629194 0.542872
vt 0.622696 0.781350
vt 0.622696 0.778671
vt 0.184101 0.931404
vt 0.178687 0.902465
vt 0.184101 0.902465
vt 0.476498 0.826902
vt 0.983756 0.718113
vt 0.980507 0.718113
vt 0.173272 0.889603
vt 0.167857 0.918542
vt 0.167857 0.889603
vt 0.994585 0.356913
vt 0.991336 0.362272
vt 0.991336 0.356913
vt 0.979965 0.578778
vt 0.977258 0.578778
vt 0.422976 0.946409
vt 0.422976 0.989282
vt 0.237706 0.989282
vt 0.236624 1.000000
vt 0.988629 0.380493
vt 0.985922 0.391211
vt 0.985922 0.380493
vt 0.502489 0.763130
vt 0.189516 0.931404
vt 0.184101 0.902465
vt 0.969241 0.165923
vt 0.963826 0.176641
vt 0.963826 0.165923
vt 0.999458 0.536976
vt 0.999458 0.530545
vt 0.994585 0.153269
vt 0.991336 0.158628
vt 0.991336 0.153269
vt 0.766187 0.920686
vt 0.760772 0.920686
vt 0.994585 0.636656
vt 0.991336 0.642015
vt 0.681176 0.770632
vt 0.681176 0.767953
vt 0.999458 0.543407
vt 0.996751 0.536976
vt 0.999458 0.536976
vt 0.725576 0.540193
vt 0.714747 0.270096
vt 0.725576 0.270096
vt 0.173272 0.857449
vt 0.184101 0.886388
vt 0.662764 0.991961
vt 0.660057 0.989282
vt 0.662764 0.989282
vt 0.651936 0.625938
vt 0.651936 0.623258
vt 0.194931 0.886388
vt 0.184102 0.857449
vt 0.194931 0.857449
vt 0.955162 0.493033
vt 0.960577 0.493033
vt 0.270737 0.854233
vt 0.276152 0.747052
vt 0.276152 0.854233
vt 0.362247 0.949625
vt 0.359539 0.946409
vt 0.362247 0.946409
vt 0.908595 0.779743
vt 0.914010 0.779743
vt 0.765189 0.972133
vt 0.765189 0.946409
vt 0.714747 0.831725
vt 0.720162 0.896034
vt 0.714747 0.896034
vt 0.662764 0.989282
vt 0.665471 0.991961
vt 0.662764 0.991961
vt 0.901015 0.000000
vt 0.897766 0.117899
vt 0.267487 0.989282
vt 0.270195 0.992497
vt 0.267487 0.992497
vt 0.877190 0.707395
vt 0.395277 0.959271
vt 0.912310 0.989282
vt 0.911227 0.991961
vt 0.911227 0.989282
vt 0.230127 0.931404
vt 0.224712 0.902465
vt 0.230127 0.902465
vt 0.367661 0.965702
vt 0.364954 0.962487
vt 0.367661 0.962487
vt 0.934586 0.677921
vt 0.931338 0.728832
vt 0.931338 0.677921
vt 0.994585 0.642015
vt 0.991336 0.647374
vt 0.397984 0.959271
vt 0.916176 0.182208
vt 0.919425 0.117899
vt 0.315680 0.975348
vt 0.318387 0.972133
vt 0.991336 0.391211
vt 0.985922 0.396570
vt 0.985922 0.391211
vt 0.891268 0.364416
vt 0.894517 0.257235
vt 0.894517 0.364416
vt 0.246371 0.688639
vt 0.222005 0.752947
vt 0.222005 0.688639
vt 0.994585 0.362272
vt 0.991336 0.367631
vt 0.152153 1.000000
vt 0.153236 0.989282
vt 0.153236 1.000000
vt 0.999458 0.549838
vt 0.996751 0.543407
vt 0.999458 0.543407
vt 0.366037 0.786709
vt 0.362788 0.786709
vt 0.960577 0.621651
vt 0.963826 0.600214
vt 0.963826 0.621651
vt 0.847950 0.203644
vt 0.847950 0.407288
vt 0.411521 0.959271
vt 0.411521 0.956056
vt 0.977258 0.192926
vt 0.531728 0.763129
vt 0.235542 0.931404
vt 0.230127 0.902465
vt 0.235542 0.902465
vt 0.343295 0.786709
vt 0.340046 0.789389
vt 0.340046 0.786709
vt 0.113710 0.653805
vt 0.140783 0.718114
vt 0.113710 0.718114
vt 0.969241 0.508902
vt 0.963826 0.519621
vt 0.963826 0.508902
vt 0.914637 0.946409
vt 0.917886 0.967846
vt 0.914637 0.967846
vt 0.889569 0.989282
vt 0.888486 0.991961
vt 0.888486 0.989282
vt 0.988629 0.407288
vt 0.985922 0.407288
vt 0.980507 0.096463
vt 0.983214 0.096463
vt 0.977258 0.203644
vt 0.971843 0.192926
vt 0.994585 0.506967
vt 0.991336 0.512326
vt 0.991336 0.506967
vt 0.527938 0.704180
vt 0.525231 0.704180
vt 0.457546 0.735798
vt 0.454839 0.797427
vt 0.454839 0.735798
vt 0.908595 0.364416
vt 0.911844 0.471597
vt 0.908595 0.471597
vt 0.983756 0.300107
vt 0.980507 0.300107
vt 0.714747 0.892819
vt 0.703917 0.863880
vt 0.714747 0.863880
vt 0.235542 0.886388
vt 0.235542 0.857449
vt 0.988629 0.407288
vt 0.985922 0.418006
vt 0.985922 0.407288
vt 0.747235 0.546624
vt 0.758065 0.364416
vt 0.758065 0.546624
vt 0.829907 0.892819
vt 0.843444 0.871383
vt 0.843444 0.892819
vt 0.863111 0.364416
vt 0.857696 0.471597
vt 0.337880 0.959271
vt 0.979965 0.803858
vt 0.845960 0.836013
vt 0.847243 0.884244
vt 0.845960 0.884244
vt 0.994585 0.367631
vt 0.991336 0.372990
vt 0.991336 0.367631
vt 0.655185 0.625938
vt 0.606452 0.679528
vt 0.606452 0.625938
vt 0.975092 0.326902
vt 0.971843 0.326902
vt 0.348710 0.959271
vt 0.985922 0.423365
vt 0.991336 0.418006
vt 0.991336 0.423365
vt 0.239872 0.989282
vt 0.238789 1.000000
vt 0.238789 0.989282
vt 0.985922 0.423365
vt 0.988629 0.434083
vt 0.985922 0.434083
vt 0.094215 0.989282
vt 0.091508 0.994641
vt 0.321095 0.946409
vt 0.323802 0.946409
vt 0.370369 0.956056
vt 0.370369 0.952840
vt 0.918342 0.535906
vt 0.915093 0.600214
vt 0.840837 0.989282
vt 0.839754 0.991961
vt 0.839754 0.989282
vt 0.392026 0.989282
vt 0.389319 0.991961
vt 0.389319 0.989282
vt 0.895600 0.621650
vt 0.892351 0.621650
vt 0.977258 0.160772
vt 0.979965 0.179528
vt 0.977258 0.179528
vt 0.356832 0.978564
vt 0.354125 0.975348
vt 0.356832 0.975348
vt 0.492742 0.760450
vt 0.489493 0.763130
vt 0.389862 0.965702
vt 0.994585 0.782422
vt 0.991336 0.787781
vt 0.991336 0.782422
vt 0.915093 0.664523
vt 0.918342 0.600214
vt 0.918342 0.664523
vt 0.975092 0.584137
vt 0.975092 0.568060
vt 0.969241 0.444594
vt 0.963826 0.444594
vt 0.781888 0.989282
vt 0.784596 0.991961
vt 0.781888 0.991961
vt 0.922674 0.064309
vt 0.925923 0.000000
vt 0.925923 0.064309
vt 0.841920 0.989282
vt 0.840837 0.991961
vt 0.665471 0.989282
vt 0.668179 0.991961
vt 0.246371 0.886388
vt 0.246371 0.857449
vt 0.894983 0.989282
vt 0.893901 0.991961
vt 0.893901 0.989282
vt 0.154320 0.852090
vt 0.318387 0.949625
vt 0.315680 0.946409
vt 0.318387 0.946409
vt 0.890652 0.989282
vt 0.889569 0.991961
vt 0.370369 0.965702
vt 0.370369 0.962487
vt 0.930255 0.905680
vt 0.927006 0.943194
vt 0.927006 0.905680
vt 0.996751 0.549838
vt 0.999459 0.556269
vt 0.996751 0.556269
vt 0.140783 0.718113
vt 0.584793 0.886388
vt 0.573963 0.857449
vt 0.584793 0.857449
vt 0.323802 0.946409
vt 0.917886 0.946409
vt 0.921135 0.967846
vt 0.917886 0.967846
vt 0.795968 0.270096
vt 0.795968 0.000000
vt 0.878273 0.171490
vt 0.872858 0.257235
vt 0.872858 0.171490
vt 0.043318 0.905144
vt 0.037903 0.934083
vt 0.335173 0.968917
vt 0.332466 0.968917
vt 0.955162 0.514469
vt 0.960577 0.514469
vt 0.843003 0.989282
vt 0.841920 0.991961
vt 0.841920 0.989282
vt 0.427016 0.989282
vt 0.427222 0.946409
vt 0.427222 0.989282
vt 0.946499 0.091104
vt 0.949748 0.045552
vt 0.949748 0.091104
vt 0.693713 0.967846
vt 0.696962 0.946409
vt 0.696962 0.967846
vt 0.988629 0.921758
vt 0.891735 0.989282
vt 0.890652 0.991961
vt 0.890652 0.989282
vt 0.378490 0.989282
vt 0.381197 0.991961
vt 0.378490 0.991961
vt 0.948665 0.197749
vt 0.943250 0.168810
vt 0.948665 0.168810
vt 0.383904 0.989282
vt 0.381197 0.991961
vt 0.381197 0.989282
vt 0.528480 0.851554
vt 0.539309 0.880493
vt 0.681176 0.802787
vt 0.677927 0.805466
vt 0.407189 0.698285
vt 0.407189 0.826902
vt 1.000000 0.556269
vt 0.996751 0.561628
vt 0.996751 0.556269
vt 0.977258 0.787781
vt 0.979965 0.790461
vt 0.985922 0.439443
vt 0.991336 0.434083
vt 0.991336 0.439443
vt 1.000000 0.561628
vt 0.996751 0.566987
vt 0.996751 0.561628
vt 0.983214 0.270632
vt 0.980507 0.270632
vt 0.999458 0.573418
vt 0.996751 0.566987
vt 0.999458 0.566987
vt 0.359539 0.972133
vt 0.048733 0.934083
vt 0.043318 0.905144
vt 0.048733 0.905144
vt 0.518733 0.763129
vt 0.518733 0.760450
vt 0.994585 0.372990
vt 0.991336 0.378349
vt 0.096923 0.989282
vt 0.094215 0.994641
vt 0.094215 0.989282
vt 0.054148 0.921222
vt 0.059562 0.892283
vt 0.059562 0.921222
vt 0.312972 0.962487
vt 0.312972 0.965702
vt 0.994585 0.110397
vt 0.991336 0.115756
vt 0.991336 0.110397
vt 0.971843 0.471597
vt 0.975092 0.455520
vt 0.975092 0.471597
vt 0.296728 0.821543
vt 0.307558 0.859057
vt 0.296728 0.859057
vt 0.988629 0.450161
vt 0.988629 0.439443
vt 0.606452 0.743837
vt 0.630818 0.679528
vt 0.630818 0.743837
vt 0.507904 0.851554
vt 0.504655 0.854233
vt 0.994585 0.864951
vt 0.991336 0.870310
vt 0.991336 0.864951
vt 0.924384 0.946409
vt 0.921135 0.967846
vt 0.921135 0.946409
vt 0.379032 0.968917
vt 0.376325 0.965702
vt 0.924384 0.967846
vt 0.927633 0.946409
vt 0.927633 0.967846
vt 0.996751 0.573418
vt 0.999459 0.579849
vt 0.996751 0.579849
vt 0.240956 0.931404
vt 0.235542 0.902465
vt 0.240956 0.902465
vt 0.527397 0.797963
vt 0.524148 0.797963
vt 0.948665 0.226688
vt 0.943250 0.197749
vt 0.703917 0.733119
vt 0.700669 0.733119
vt 0.963826 0.621651
vt 0.960577 0.643087
vt 0.960577 0.621651
vt 0.955162 0.535906
vt 0.960577 0.514469
vt 0.960577 0.535906
vt 0.999458 0.586280
vt 0.996751 0.579849
vt 0.999458 0.579849
vt 1.000000 0.586280
vt 0.996751 0.591639
vt 0.996751 0.586280
vt 0.514401 0.883172
vt 0.514401 0.854233
vt 0.335173 0.946409
vt 0.337880 0.949625
vt 0.335173 0.949625
vt 0.000000 0.000000
vt 0.010829 0.000000
vt 0.473791 0.778671
vt 0.468376 0.864416
vt 0.468376 0.778671
vt 0.668179 0.989282
vt 0.670886 0.991961
vt 0.265323 0.672026
vt 0.270737 0.643087
vt 0.270737 0.672026
vt 0.194931 0.760986
vt 0.184101 0.819936
vt 0.184102 0.760986
vt 0.510693 0.956056
vt 0.505278 0.952840
vt 0.348709 0.989282
vt 0.351416 0.992497
vt 0.395277 0.972133
vt 0.397984 0.972133
vt 0.525231 0.696141
vt 0.500864 0.760450
vt 0.500864 0.696141
vt 0.108295 0.273312
vt 0.517650 0.800643
vt 0.514401 0.854234
vt 0.514401 0.800643
vt 0.994585 0.766345
vt 0.991336 0.771704
vt 0.991336 0.766345
vt 0.281567 0.967846
vt 0.010830 0.946409
vt 0.010830 0.967846
vt 0.983214 0.176849
vt 0.980507 0.174169
vt 0.983214 0.174169
vt 0.292396 0.893891
vt 0.286982 0.922829
vt 0.670886 0.989282
vt 0.673593 0.991961
vt 0.920508 0.457663
vt 0.915093 0.428724
vt 0.457546 0.851018
vt 0.460795 0.851018
vt 0.951372 0.664523
vt 0.478205 0.946409
vt 0.480912 0.946409
vt 0.251786 0.889603
vt 0.246371 0.918542
vt 0.246371 0.889603
vt 0.113710 0.943194
vt 0.119124 0.921758
vt 0.119124 0.943194
vt 0.985922 0.460879
vt 0.988629 0.460879
vt 0.844086 0.989282
vt 0.843003 0.991961
vt 0.994585 0.956055
vt 0.991336 0.961414
vt 0.991336 0.956055
vt 0.983756 0.340300
vt 0.980507 0.353698
vt 0.980507 0.340300
vt 0.676301 0.989282
vt 0.673594 0.991961
vt 0.673594 0.989282
vt 0.526937 0.946409
vt 0.975092 0.969989
vt 0.971843 0.986066
vt 0.971843 0.969989
vt 0.307558 0.757235
vt 0.281567 0.754555
vt 0.307558 0.754555
vt 0.845168 0.989282
vt 0.844086 0.991961
vt 0.844086 0.989282
vt 0.922674 0.246517
vt 0.928089 0.275455
vt 0.922674 0.275455
vt 0.709332 0.892819
vt 0.703917 0.921757
vt 0.703917 0.892819
vt 0.343295 0.946409
vt 0.560968 0.651125
vt 0.676301 0.989282
vt 0.679008 0.991961
vt 0.676301 0.991961
vt 0.329217 0.968917
vt 0.983214 0.144695
vt 0.943250 0.226688
vt 0.948665 0.255627
vt 0.943250 0.255627
vt 0.980507 0.029475
vt 0.983214 0.032154
vt 0.980507 0.032154
vt 0.681716 0.991961
vt 0.679008 0.989282
vt 0.681716 0.989282
vt 0.424570 0.946409
vt 0.424143 0.989282
vt 0.043318 0.827974
vt 0.032489 0.827974
vt 0.552305 0.718113
vt 0.541475 0.836013
vt 0.541475 0.718113
vt 0.846251 0.989282
vt 0.845169 0.991961
vt 0.845169 0.989282
vt 0.877190 0.736334
vt 0.882604 0.707395
vt 0.882604 0.736334
vt 0.387155 0.978564
vt 0.387155 0.975348
vt 0.618989 0.946409
vt 0.618989 0.967846
vt 0.910007 0.310825
vt 0.910007 0.359057
vt 0.988629 0.471597
vt 0.985922 0.460879
vt 0.988629 0.460879
vt 0.955162 0.557342
vt 0.960577 0.557342
vt 0.422350 0.872454
vt 0.411521 0.843515
vt 0.731617 0.967846
vt 0.734866 0.946409
vt 0.734866 0.967846
vt 0.994585 0.647374
vt 0.991336 0.652733
vt 0.991336 0.647374
vt 0.684423 0.989282
vt 0.857696 0.557342
vt 0.854448 0.557342
vt 0.843162 0.967846
vt 0.846411 0.946409
vt 0.846411 0.967846
vt 0.851198 0.535906
vt 0.854447 0.535906
vt 0.999458 0.598069
vt 0.996751 0.591639
vt 0.999458 0.591639
vt 0.370369 0.959271
vt 0.492742 0.763130
vt 0.863111 0.471597
vt 0.857696 0.578778
vt 0.857696 0.471597
vt 0.963826 0.937627
vt 0.969241 0.926909
vt 0.969241 0.937627
vt 0.348710 0.956056
vt 0.348710 0.952840
vt 0.383904 0.989282
vt 0.386612 0.991961
vt 0.383904 0.991961
vt 0.747235 0.718113
vt 0.758065 0.546624
vt 0.758065 0.718113
vt 0.697420 0.770632
vt 0.096383 0.918542
vt 0.093134 0.918542
vt 0.988629 0.932476
vt 0.985922 0.921758
vt 0.991336 0.471597
vt 0.985922 0.476956
vt 0.985922 0.471597
vt 0.977258 0.337621
vt 0.979965 0.340300
vt 0.977258 0.340300
vt 0.671429 0.623258
vt 0.668180 0.625938
vt 0.330300 0.652733
vt 0.379032 0.599142
vt 0.379032 0.652733
vt 0.999458 0.604500
vt 0.996751 0.598069
vt 0.999458 0.598069
vt 0.693088 0.540193
vt 0.847334 0.989282
vt 0.846251 0.991961
vt 0.180310 0.989282
vt 0.179227 1.000000
vt 0.179227 0.989282
vt 0.327049 0.989282
vt 0.324342 0.992497
vt 0.324342 0.989282
vt 0.343295 0.962487
vt 0.463503 0.542872
vt 0.463503 0.540193
vt 0.928089 0.664523
vt 0.924840 0.728832
vt 0.924840 0.664523
vt 0.573963 0.931404
vt 0.568549 0.902465
vt 0.573963 0.902465
vt 0.948665 0.632369
vt 0.951372 0.578778
vt 0.951372 0.632369
vt 0.552305 0.836013
vt 0.563134 0.718113
vt 0.563134 0.836013
vt 0.929501 0.294748
vt 0.926252 0.353698
vt 0.926252 0.294748
vt 0.000000 0.827974
vt 0.010830 0.856913
vt 0.000000 0.856913
vt 0.397984 0.978564
vt 0.395277 0.975348
vt 0.329217 0.856377
vt 0.979965 0.787781
vt 0.977258 0.785102
vt 1.000000 0.981777
vt 0.996751 0.987136
vt 0.661682 0.754555
vt 0.658434 0.757235
vt 0.999458 0.610931
vt 0.996751 0.604500
vt 0.994585 0.378349
vt 0.991336 0.383708
vt 0.971843 0.616291
vt 0.975092 0.600214
vt 0.975092 0.616291
vt 0.934586 0.364416
vt 0.931337 0.418006
vt 0.931337 0.364416
vt 0.181393 0.989282
vt 0.180310 1.000000
vt 0.180310 0.989282
vt 0.817627 0.000000
vt 0.823042 0.270096
vt 0.817627 0.270096
vt 0.791180 0.967846
vt 0.794429 0.946409
vt 0.794429 0.967846
vt 0.668180 0.599142
vt 0.381740 0.978564
vt 0.096923 0.994641
vt 0.099630 0.989282
vt 0.099630 0.994641
vt 0.622238 0.946409
vt 0.618989 0.946409
vt 0.343295 0.959271
vt 0.963826 0.643087
vt 0.960577 0.664523
vt 0.960577 0.643087
vt 0.684423 0.989282
vt 0.687130 0.991961
vt 0.684423 0.991961
vt 0.955162 0.578778
vt 0.960577 0.578778
vt 0.335173 0.959271
vt 0.994585 0.652733
vt 0.991336 0.658092
vt 0.217130 1.000000
vt 0.218213 0.989282
vt 0.218213 1.000000
vt 0.988629 0.830654
vt 0.985922 0.841372
vt 0.812212 0.270096
vt 0.806798 0.000000
vt 0.812212 0.000000
vt 0.129411 0.989282
vt 0.130494 1.000000
vt 0.129411 1.000000
vt 0.544724 0.616291
vt 0.541475 0.627010
vt 0.541475 0.616291
vt 0.994585 0.383708
vt 0.991336 0.389067
vt 0.991336 0.383708
vt 0.384447 0.972133
vt 0.985922 0.482315
vt 0.991336 0.476956
vt 0.991336 0.482315
vt 0.991336 0.121115
vt 0.994585 0.115756
vt 0.994585 0.121115
vt 0.980507 0.048232
vt 0.983214 0.050911
vt 0.703917 0.943194
vt 0.709332 0.921758
vt 0.709332 0.943194
vt 0.457005 0.542872
vt 0.460254 0.540193
vt 0.460254 0.542872
vt 0.384447 0.959271
vt 0.129954 0.946409
vt 0.129954 0.967846
vt 0.911844 0.450161
vt 0.915093 0.450161
vt 0.908595 0.728832
vt 0.911844 0.728832
vt 0.844701 0.270096
vt 0.839286 0.000000
vt 0.844701 0.000000
vt 0.955162 0.600214
vt 0.960577 0.578778
vt 0.960577 0.600214
vt 0.337880 0.965702
vt 0.022742 0.989282
vt 0.019493 0.994641
vt 0.019493 0.989282
vt 0.541475 0.889603
vt 0.546890 0.918542
vt 0.541475 0.918542
vt 0.985922 0.932476
vt 0.988629 0.943194
vt 0.985922 0.943194
vt 0.980507 0.294748
vt 0.977258 0.308146
vt 0.977258 0.294748
vt 0.579378 0.931404
vt 0.579378 0.902465
vt 0.999458 0.617362
vt 0.996751 0.610931
vt 0.999458 0.610931
vt 0.980507 0.273312
vt 0.335714 0.540193
vt 0.389862 0.599142
vt 0.335714 0.599142
vt 0.991336 0.010718
vt 0.996751 0.005359
vt 0.996751 0.010718
vt 0.312972 0.952840
vt 0.979965 0.771704
vt 0.977258 0.771704
vt 0.996751 0.617362
vt 0.999459 0.623793
vt 0.996751 0.623793
vt 0.994585 0.961414
vt 0.991336 0.966774
vt 0.687130 0.989282
vt 0.689838 0.991961
vt 0.371993 0.789389
vt 0.369286 0.845659
vt 0.979965 0.294748
vt 0.977258 0.292069
vt 0.979965 0.292069
vt 0.259908 0.946409
vt 0.259908 0.967846
vt 0.983756 0.482315
vt 0.980507 0.493033
vt 0.348710 0.972133
vt 0.351417 0.972133
vt 0.876107 0.739550
vt 0.758065 0.653805
vt 0.913393 0.989282
vt 0.912310 0.991961
vt 0.912310 0.989282
vt 0.969241 0.937627
vt 0.963826 0.948345
vt 0.963826 0.937627
vt 0.303226 0.919614
vt 0.296728 0.916935
vt 0.303226 0.916935
vt 0.259908 0.588960
vt 0.969241 0.948345
vt 0.963826 0.959063
vt 0.994585 0.658092
vt 0.991336 0.663451
vt 0.963826 0.900321
vt 0.960577 0.921758
vt 0.960577 0.900321
vt 0.898849 0.482315
vt 0.902098 0.364416
vt 0.980507 0.000000
vt 0.977258 0.016077
vt 0.977258 0.000000
vt 0.988629 0.493033
vt 0.985922 0.482315
vt 0.988629 0.482315
vt 0.999458 0.630224
vt 0.996751 0.623793
vt 0.999458 0.623793
vt 0.348710 0.952840
vt 0.351417 0.949625
vt 0.952997 0.728832
vt 0.949748 0.728832
vt 0.348710 0.968917
vt 0.876107 0.886388
vt 0.865277 0.857449
vt 0.876107 0.857449
vt 0.857696 0.182208
vt 0.860945 0.000000
vt 0.860945 0.182208
vt 0.999458 0.636655
vt 0.996751 0.630224
vt 0.758065 0.171490
vt 0.768894 0.000000
vt 0.768894 0.171490
vt 0.323802 0.789389
vt 0.872858 0.342980
vt 0.878273 0.257235
vt 0.878273 0.342980
vt 0.010830 0.967846
vt 0.016244 0.946409
vt 0.016244 0.967846
vt 0.999458 0.643085
vt 0.996751 0.636655
vt 0.999458 0.649516
vt 0.996751 0.643085
vt 0.999458 0.643085
vt 0.181393 1.000000
vt 0.182476 0.989282
vt 0.182476 1.000000
vt 0.994585 0.121115
vt 0.963826 0.664523
vt 0.960577 0.685959
vt 0.960577 0.664523
vt 0.848417 0.989282
vt 0.847334 0.991961
vt 0.847334 0.989282
vt 0.871775 0.450161
vt 0.877190 0.364416
vt 0.877190 0.450161
vt 0.999458 0.655947
vt 0.996751 0.649516
vt 0.999458 0.649516
vt 0.370369 0.949625
vt 0.367661 0.946409
vt 0.370369 0.946409
vt 0.359539 0.949625
vt 0.902098 0.718113
vt 0.898849 0.836013
vt 0.898849 0.718113
vt 0.714747 0.921758
vt 0.709332 0.892819
vt 0.969241 0.380285
vt 0.963826 0.391003
vt 0.963826 0.380285
vt 0.980507 0.206324
vt 0.983214 0.209003
vt 0.980507 0.209003
vt 0.173272 0.946409
vt 0.173272 0.967846
vt 0.304309 0.946409
vt 0.301060 0.978564
vt 0.301060 0.946409
vt 0.914476 0.989282
vt 0.913393 0.991961
vt 0.913393 0.989282
vt 0.222005 0.758306
vt 0.219297 0.819936
vt 0.219297 0.758306
vt 0.330300 0.754555
vt 0.473791 0.924973
vt 0.468376 0.896034
vt 0.473791 0.896034
vt 0.881521 0.166131
vt 0.999458 0.662378
vt 0.996751 0.655947
vt 0.555012 0.889603
vt 0.568549 0.868167
vt 0.568549 0.889603
vt 0.411521 0.972133
vt 0.411521 0.968917
vt 0.849500 0.989282
vt 0.848417 0.991961
vt 0.848417 0.989282
vt 0.994585 0.771704
vt 0.991336 0.777063
vt 0.991336 0.771704
vt 0.108295 0.937835
vt 0.111544 0.889603
vt 0.111544 0.937835
vt 0.009747 0.994641
vt 0.012995 0.989282
vt 0.012995 0.994641
vt 0.140783 0.653805
vt 0.931337 0.648446
vt 0.928089 0.648446
vt 0.573963 0.836013
vt 0.850116 0.836013
vt 0.849496 0.884244
vt 0.849496 0.836013
vt 0.054148 0.934083
vt 0.048733 0.905144
vt 0.054148 0.905144
vt 0.975092 0.728832
vt 0.971843 0.728832
vt 0.720162 0.765273
vt 0.733157 0.733119
vt 0.733157 0.765273
vt 0.948665 0.222401
vt 0.951372 0.275991
vt 0.948665 0.275991
vt 0.952997 0.814576
vt 0.983756 0.578778
vt 0.980507 0.578778
vt 0.823042 0.810289
vt 0.994585 0.663451
vt 0.991336 0.668810
vt 0.857696 0.685959
vt 0.863111 0.578778
vt 0.863111 0.685959
vt 0.170023 0.653805
vt 0.172731 0.707395
vt 0.170023 0.707395
vt 0.244204 1.000000
vt 0.244204 0.989282
vt 0.994585 0.777063
vt 0.991336 0.782422
vt 0.991336 0.777063
vt 0.182476 1.000000
vt 0.183559 0.989282
vt 0.183559 1.000000
vt 0.850583 0.989282
vt 0.849500 0.991961
vt 0.849500 0.989282
vt 0.590208 0.790461
vt 0.573964 0.825294
vt 0.573964 0.790461
vt 0.979965 0.388532
vt 1.000000 0.662378
vt 0.996751 0.667737
vt 0.996751 0.662378
vt 0.985922 0.493033
vt 0.988629 0.503751
vt 0.985922 0.503751
vt 0.921591 0.600214
vt 0.570256 0.967846
vt 0.573505 0.946409
vt 0.573505 0.967846
vt 0.985922 0.852090
vt 0.988629 0.841372
vt 0.988629 0.852090
vt 0.996751 0.667737
vt 0.999459 0.674168
vt 0.996751 0.674168
vt 0.307558 0.887995
vt 0.296728 0.859057
vt 0.307558 0.859057
vt 0.178687 0.946409
vt 0.178687 0.967846
vt 0.977258 0.900321
vt 0.963826 0.187359
vt 0.969241 0.176641
vt 0.969241 0.187359
vt 0.584793 0.931404
vt 0.579378 0.902465
vt 0.584793 0.902465
vt 0.671429 0.877277
vt 0.660599 0.848338
vt 0.671429 0.848338
vt 0.963826 0.171490
vt 0.969241 0.305258
vt 0.999458 0.680599
vt 0.996751 0.674168
vt 0.999458 0.674168
vt 0.498157 0.826902
vt 0.975092 0.471597
vt 0.971843 0.487674
vt 0.971843 0.471597
vt 0.315680 0.949625
vt 0.513401 0.952840
vt 0.518815 0.956056
vt 0.513401 0.956056
vt 0.489034 0.946409
vt 0.491742 0.946409
vt 1.000000 0.680599
vt 0.996751 0.685958
vt 0.996751 0.680599
vt 0.606452 0.720257
vt 0.595622 0.450161
vt 0.606452 0.450161
vt 0.979965 0.900321
vt 0.552304 0.868167
vt 0.541475 0.839228
vt 0.915093 0.728832
vt 0.915093 0.664523
vt 0.901015 0.913183
vt 0.895600 0.884244
vt 0.901015 0.884244
vt 0.329217 0.972133
vt 0.941084 0.918542
vt 0.941084 0.889603
vt 0.276152 0.934083
vt 0.270737 0.905144
vt 0.276152 0.905144
vt 0.689838 0.989282
vt 0.692545 0.991961
vt 0.969241 0.315977
vt 0.963826 0.305258
vt 0.969241 0.305258
vt 0.967075 0.042872
vt 0.963826 0.064309
vt 0.963826 0.042872
vt 0.140241 1.000000
vt 0.141324 0.989282
vt 0.141324 1.000000
vt 0.948665 0.284566
vt 0.943250 0.255627
vt 0.948665 0.255627
vt 0.329217 0.956056
vt 0.264067 0.881029
vt 0.253237 0.852090
vt 0.264067 0.852090
vt 0.183559 1.000000
vt 0.184642 0.989282
vt 0.184642 1.000000
vt 0.427765 0.944802
vt 0.433180 0.923365
vt 0.433180 0.944802
vt 0.955162 0.621650
vt 0.960577 0.600214
vt 0.960577 0.621650
vt 0.846411 0.967846
vt 0.849660 0.946409
vt 0.849660 0.967846
vt 0.963826 0.107181
vt 0.967075 0.085745
vt 0.967075 0.107181
vt 0.994044 0.054127
vt 0.991336 0.062165
vt 0.991336 0.054127
vt 0.955162 0.643087
vt 0.960577 0.621650
vt 0.963826 0.326695
vt 0.969241 0.315977
vt 0.969241 0.326695
vt 0.960577 0.214362
vt 0.963826 0.192926
vt 0.963826 0.214362
vt 0.185725 0.989282
vt 0.184642 1.000000
vt 0.184642 0.989282
vt 0.999459 0.692389
vt 0.996751 0.685958
vt 0.999459 0.685958
vt 0.025991 0.989282
vt 0.022742 0.994641
vt 0.022742 0.989282
vt 0.286439 0.992497
vt 0.283732 0.989282
vt 0.286439 0.989282
vt 0.616199 0.542872
vt 0.619447 0.540193
vt 0.619447 0.542872
vt 0.979965 0.281350
vt 0.979965 0.278671
vt 0.851666 0.989282
vt 0.850583 0.991961
vt 0.850583 0.989282
vt 0.359539 0.959271
vt 0.318387 0.972133
vt 0.321095 0.975348
vt 0.235542 0.825295
vt 0.994585 0.458735
vt 0.991336 0.464094
vt 0.991336 0.458735
vt 0.573964 0.718113
vt 0.573964 0.836013
vt 0.692545 0.989282
vt 0.695252 0.991961
vt 0.346001 0.992497
vt 0.343294 0.989282
vt 0.346001 0.989282
vt 0.963826 0.401721
vt 0.969241 0.391003
vt 0.969241 0.401721
vt 0.219296 0.989282
vt 0.218213 1.000000
vt 0.218213 0.989282
vt 0.980507 0.222401
vt 0.983214 0.225080
vt 0.980507 0.225080
vt 0.991336 0.503751
vt 0.985922 0.509110
vt 0.985922 0.503751
vt 0.021659 0.946409
vt 0.021659 0.967846
vt 0.994585 0.668810
vt 0.991336 0.674169
vt 0.991336 0.668810
vt 0.697960 0.989282
vt 0.695252 0.991961
vt 0.695252 0.989282
vt 0.433180 0.872454
vt 0.433180 0.843515
vt 0.994585 0.389067
vt 0.991336 0.394426
vt 0.994585 0.158628
vt 0.991336 0.163987
vt 0.991336 0.158628
vt 0.362247 0.968917
vt 0.433180 0.786709
vt 0.449424 0.735798
vt 0.449424 0.786709
vt 0.406106 0.946409
vt 0.999458 0.698820
vt 0.996751 0.692389
vt 0.999458 0.692389
vt 0.994585 0.394426
vt 0.991336 0.399786
vt 0.376325 0.956056
vt 0.373618 0.952840
vt 0.999459 0.705250
vt 0.996751 0.698819
vt 0.999459 0.698819
vt 0.994585 0.826366
vt 0.991336 0.831725
vt 0.991336 0.826366
vt 0.852749 0.989282
vt 0.851666 0.991961
vt 0.921591 0.458199
vt 0.921591 0.460879
vt 0.312972 0.952840
vt 0.312972 0.956056
vt 0.991336 0.679528
vt 0.994585 0.674169
vt 0.994585 0.679528
vt 0.983214 0.013398
vt 0.980507 0.013398
vt 0.307558 0.965702
vt 0.310265 0.968917
vt 0.389862 0.978564
vt 0.980507 0.195606
vt 0.983214 0.206324
vt 0.244747 0.790461
vt 0.983756 0.493033
vt 0.980507 0.503751
vt 0.963826 0.969781
vt 0.969241 0.959063
vt 0.969241 0.969781
vt 0.994585 0.966774
vt 0.991336 0.972133
vt 0.991336 0.966774
vt 0.186808 0.989282
vt 0.185725 1.000000
vt 0.185725 0.989282
vt 0.996751 0.705250
vt 0.999459 0.711681
vt 0.996751 0.711681
vt 0.021659 0.967846
vt 0.027074 0.946409
vt 0.027074 0.967846
vt 0.892818 0.989282
vt 0.891735 0.991961
vt 0.219296 1.000000
vt 0.220379 0.989282
vt 0.220379 1.000000
vt 0.994585 0.137192
vt 0.991336 0.142551
vt 0.969241 0.969781
vt 0.963826 0.980499
vt 0.963826 0.969781
vt 0.255033 1.000000
vt 0.256116 0.989282
vt 0.256116 1.000000
vt 0.985922 0.509110
vt 0.988629 0.519828
vt 0.985922 0.519828
vt 0.329757 0.992497
vt 0.329757 0.989282
vt 0.917259 0.817256
vt 0.920508 0.793140
vt 0.920508 0.817256
vt 0.916176 0.117899
vt 0.912927 0.203644
vt 0.912927 0.117899
vt 0.315680 0.952840
vt 0.312972 0.949625
vt 0.985922 0.525187
vt 0.991336 0.519828
vt 0.991336 0.525187
vt 0.884770 0.005359
vt 0.881522 0.026795
vt 0.009747 0.989282
vt 0.006498 0.994641
vt 0.006498 0.989282
vt 0.970599 0.137576
vt 0.969517 0.144178
vt 0.963826 0.139875
vt 0.985922 0.530547
vt 0.991336 0.525187
vt 0.991336 0.530547
vt 0.983214 0.211683
vt 0.980507 0.211683
vt 0.975092 0.616291
vt 0.971843 0.632369
vt 0.994585 0.399786
vt 0.991336 0.405145
vt 0.991336 0.399786
vt 0.239872 1.000000
vt 0.240955 0.989282
vt 0.240955 1.000000
vt 0.167857 0.931940
vt 0.162442 0.903001
vt 0.167857 0.903001
vt 0.368203 0.938907
vt 0.362788 0.909968
vt 0.368203 0.909968
vt 0.994585 0.142551
vt 0.991336 0.147910
vt 0.963826 0.214362
vt 0.960577 0.235798
vt 0.960577 0.214362
vt 0.977258 0.281350
vt 0.307558 0.818864
vt 0.307558 0.821543
vt 0.999458 0.718112
vt 0.996751 0.711681
vt 0.999458 0.711681
vt 0.456546 0.956056
vt 0.340588 0.978564
vt 0.337880 0.975348
vt 0.979965 0.704716
vt 0.151613 0.852090
vt 0.140783 0.852090
vt 0.844991 0.884244
vt 0.948994 0.323687
vt 0.943579 0.294748
vt 0.948994 0.294748
vt 0.224712 0.931940
vt 0.219297 0.903001
vt 0.224712 0.903001
vt 0.546890 0.889603
vt 0.552305 0.918542
vt 0.779724 0.000000
vt 0.768894 0.160772
vt 0.768894 0.000000
vt 0.963826 0.257235
vt 0.960577 0.235798
vt 0.963826 0.235798
vt 0.253237 0.881029
vt 0.253237 0.897106
vt 0.922674 0.294748
vt 0.919425 0.246517
vt 0.922674 0.246517
vt 0.123996 0.989282
vt 0.123996 0.994641
vt 0.671429 0.898714
vt 0.687673 0.882637
vt 0.687673 0.898714
vt 0.902098 0.600214
vt 0.898849 0.718113
vt 0.898849 0.600214
vt 0.102337 0.989282
vt 0.102337 0.994641
vt 0.184101 0.946409
vt 0.184101 0.967846
vt 0.187891 0.989282
vt 0.186808 1.000000
vt 0.186808 0.989282
vt 0.126704 0.989282
vt 0.126704 0.994641
vt 0.848526 0.836013
vt 0.847243 0.836013
vt 0.971843 0.000000
vt 0.977258 0.010718
vt 0.971843 0.010718
vt 0.960577 0.707395
vt 0.963826 0.685959
vt 0.963826 0.707395
vt 0.924840 0.535906
vt 0.921591 0.535906
vt 0.189516 0.946409
vt 0.189516 0.967846
vt 0.609701 0.778671
vt 0.606452 0.781350
vt 0.606452 0.778671
vt 0.930255 0.728832
vt 0.927006 0.787781
vt 0.927006 0.728832
vt 0.727656 0.854233
vt 0.714747 0.921758
vt 0.714747 0.943194
vt 0.881522 0.139335
vt 0.884770 0.026795
vt 0.884770 0.139335
vt 0.312972 0.968917
vt 0.315680 0.968917
vt 0.062811 0.827974
vt 0.059562 0.881565
vt 0.059562 0.827974
vt 0.096383 0.921222
vt 0.963826 0.530339
vt 0.969241 0.519621
vt 0.969241 0.530339
vt 0.359539 0.789389
vt 0.359539 0.786709
vt 0.955162 0.664523
vt 0.960577 0.664523
vt 0.348710 0.968917
vt 0.257199 0.989282
vt 0.256116 0.989282
vt 0.720162 0.924973
vt 0.714747 0.896034
vt 0.720162 0.896034
vt 0.374701 0.933012
vt 0.369286 0.904073
vt 0.374701 0.904073
vt 0.312972 0.946409
vt 0.315680 0.946409
vt 0.332464 0.992497
vt 0.329757 0.989282
vt 0.332464 0.989282
vt 0.785139 0.918542
vt 0.142407 0.989282
vt 0.142407 1.000000
vt 0.187891 1.000000
vt 0.188974 0.989282
vt 0.188974 1.000000
vt 0.878273 0.139335
vt 0.994585 0.405145
vt 0.991336 0.410504
vt 0.991336 0.405145
vt 0.853832 0.989282
vt 0.852749 0.991961
vt 0.852749 0.989282
vt 0.854915 0.989282
vt 0.853832 0.991961
vt 0.697960 0.989282
vt 0.700667 0.991961
vt 0.697960 0.991961
vt 0.189516 0.967846
vt 0.194931 0.946409
vt 0.194931 0.967846
vt 0.354125 0.956056
vt 0.975092 0.487674
vt 0.971843 0.503751
vt 0.971843 0.487674
vt 0.700667 0.989282
vt 0.703375 0.991961
vt 0.648229 0.967846
vt 0.651478 0.946409
vt 0.651478 0.967846
vt 0.373618 0.965702
vt 0.994585 0.212219
vt 0.991336 0.217578
vt 0.991336 0.212219
vt 0.619447 0.781350
vt 0.619447 0.778671
vt 0.948665 0.471597
vt 0.951372 0.525187
vt 0.948665 0.525187
vt 0.862655 0.946409
vt 0.859406 0.967846
vt 0.859406 0.946409
vt 0.963826 0.412439
vt 0.969241 0.401721
vt 0.980507 0.018757
vt 0.983214 0.029475
vt 0.935669 0.117899
vt 0.932420 0.117899
vt 0.411521 0.965702
vt 0.411521 0.962487
vt 0.994585 0.972133
vt 0.991336 0.977492
vt 0.991336 0.972133
vt 0.654727 0.946409
vt 0.654727 0.967846
vt 0.428724 0.946409
vt 0.985922 0.530546
vt 0.988629 0.541265
vt 0.985922 0.541265
vt 0.622238 0.967846
vt 0.625487 0.946409
vt 0.625487 0.967846
vt 0.991336 0.541265
vt 0.985922 0.546624
vt 0.985922 0.541265
vt 0.948994 0.352626
vt 0.943579 0.323687
vt 0.318387 0.968917
vt 0.321095 0.965702
vt 0.321095 0.968917
vt 0.557719 0.889603
vt 0.552304 0.918542
vt 0.552304 0.889603
vt 0.105045 0.989282
vt 0.105045 0.994641
vt 0.991336 0.546624
vt 0.985922 0.551983
vt 0.994585 0.679528
vt 0.991336 0.684887
vt 0.991336 0.679528
vt 0.994585 0.870310
vt 0.991336 0.875670
vt 0.991336 0.870310
vt 0.541475 0.889603
vt 0.555012 0.868167
vt 0.418019 0.946409
vt 0.414770 0.973205
vt 0.143490 0.989282
vt 0.143490 1.000000
vt 0.606452 0.625938
vt 0.609701 0.625938
vt 0.977258 0.404609
vt 0.979965 0.404609
vt 0.228502 0.790461
vt 0.994585 0.410504
vt 0.991336 0.415863
vt 0.991336 0.410504
vt 0.706082 0.991961
vt 0.703375 0.989282
vt 0.706082 0.989282
vt 0.907512 0.793140
vt 0.902098 0.857449
vt 0.902098 0.793140
vt 0.362247 0.952840
vt 0.994585 0.415863
vt 0.991336 0.421222
vt 0.312972 0.959271
vt 0.231209 0.989282
vt 0.154319 0.989282
vt 0.999458 0.724543
vt 0.996751 0.718112
vt 0.999458 0.718112
vt 0.200346 0.946409
vt 0.200346 0.967846
vt 0.855998 0.989282
vt 0.854915 0.991961
vt 0.854915 0.989282
vt 0.794271 0.989282
vt 0.793188 0.991961
vt 0.793188 0.989282
vt 0.985922 0.557342
vt 0.991336 0.551983
vt 0.991336 0.557342
vt 0.573963 0.790461
vt 0.573963 0.739550
vt 0.708789 0.989282
vt 0.929172 0.182208
vt 0.925923 0.246517
vt 0.000000 0.827974
vt 0.010830 0.699357
vt 0.010830 0.827974
vt 0.859862 0.846731
vt 0.865277 0.739550
vt 0.736406 0.270096
vt 0.725576 0.000000
vt 0.736406 0.000000
vt 0.994585 0.421222
vt 0.991336 0.426581
vt 0.991336 0.421222
vt 0.758065 0.718113
vt 0.747235 0.836013
vt 0.747235 0.718113
vt 0.342754 0.824223
vt 0.356291 0.851018
vt 0.342754 0.851018
vt 0.395277 0.959271
vt 0.263035 0.852090
vt 0.988629 0.568060
vt 0.985922 0.557342
vt 0.988629 0.557342
vt 0.848526 0.884244
vt 0.924840 0.364416
vt 0.921591 0.428724
vt 0.921591 0.364416
vt 0.909678 0.000000
vt 0.904263 0.064309
vt 0.904263 0.000000
vt 0.086636 0.939442
vt 0.081221 0.910504
vt 0.086636 0.910504
vt 1.000000 0.965700
vt 0.996751 0.971059
vt 0.904264 0.000000
vt 0.901015 0.117899
vt 0.901015 0.000000
vt 0.994585 0.453376
vt 0.991336 0.458735
vt 0.991336 0.453376
vt 0.798676 0.921758
vt 0.804090 0.892819
vt 0.804090 0.921758
vt 0.231209 1.000000
vt 0.232292 0.989282
vt 0.232292 1.000000
vt 0.994585 0.875670
vt 0.991336 0.881029
vt 0.991336 0.875670
vt 0.437053 0.946409
vt 0.725576 0.540193
vt 0.714747 0.540193
vt 0.606452 0.566988
vt 0.991336 0.147910
vt 0.994585 0.147910
vt 1.000000 0.724543
vt 0.996751 0.729902
vt 0.996751 0.724543
vt 0.866360 0.000000
vt 0.860945 0.107181
vt 0.860945 0.000000
vt 0.983214 0.927117
vt 0.980507 0.927117
vt 0.380116 0.933012
vt 0.374701 0.904073
vt 0.380116 0.904073
vt 0.994585 0.217578
vt 0.991336 0.222937
vt 0.991336 0.217578
vt 0.944333 0.757770
vt 0.944333 0.728832
vt 0.343295 0.949625
vt 0.340588 0.946409
vt 0.983214 0.016077
vt 0.980507 0.016077
vt 0.927633 0.967846
vt 0.930882 0.946409
vt 0.930882 0.967846
vt 0.010830 0.860128
vt 0.000000 0.860128
vt 0.980507 0.340300
vt 0.977258 0.353698
vt 0.977258 0.340300
vt 0.021659 0.699357
vt 0.711497 0.991961
vt 0.708789 0.991961
vt 0.037903 0.889067
vt 0.021659 0.905144
vt 0.021659 0.889067
vt 0.994585 0.426581
vt 0.991336 0.431940
vt 0.991336 0.426581
vt 0.849660 0.967846
vt 0.852908 0.946409
vt 0.852908 0.967846
vt 0.930254 0.787781
vt 0.927006 0.846731
vt 0.927006 0.787781
vt 0.971843 0.021436
vt 0.996751 0.729902
vt 0.999459 0.736333
vt 0.996751 0.736333
vt 0.857081 0.989282
vt 0.855998 0.991961
vt 0.988629 0.953912
vt 0.844701 0.540193
vt 1.000000 0.736333
vt 0.996751 0.741692
vt 0.996751 0.736333
vt 0.929172 0.117899
vt 0.925923 0.117899
vt 0.963826 0.337413
vt 0.385530 0.933012
vt 0.380116 0.904073
vt 0.385530 0.904073
vt 0.963826 0.348131
vt 0.969241 0.337413
vt 0.969241 0.348131
vt 0.476498 0.794748
vt 0.473791 0.851018
vt 1.000000 0.741692
vt 0.996751 0.747051
vt 0.996751 0.741692
vt 0.396360 0.826902
vt 0.385530 0.826902
vt 0.359539 0.975348
vt 0.934586 0.525187
vt 0.931337 0.576098
vt 0.931337 0.525187
vt 0.980507 0.241158
vt 0.983214 0.241158
vt 0.498157 0.823687
vt 0.736406 0.540193
vt 0.736406 0.270096
vt 0.346544 0.000000
vt 0.711497 0.989282
vt 0.714204 0.991961
vt 0.711497 0.991961
vt 1.000000 0.949623
vt 0.996751 0.954982
vt 0.996751 0.949623
vt 0.785139 0.270096
vt 0.779724 0.000000
vt 0.785139 0.000000
vt 0.797678 0.946409
vt 0.797678 0.967846
vt 0.738115 0.946409
vt 0.589749 0.946409
vt 0.586500 0.967846
vt 0.586500 0.946409
vt 0.343295 0.975348
vt 0.343295 0.972133
vt 0.858164 0.989282
vt 0.857081 0.991961
vt 0.857081 0.989282
vt 0.955162 0.685959
vt 0.960577 0.685959
vt 0.994585 0.431940
vt 0.991336 0.437299
vt 0.991336 0.431940
vt 0.991336 0.105038
vt 0.994585 0.512326
vt 0.991336 0.517685
vt 0.991336 0.512326
vt 0.318387 0.859593
vt 0.307558 0.856377
vt 0.853365 0.385852
vt 0.853365 0.407288
vt 0.860945 0.214362
vt 0.866360 0.107181
vt 0.866360 0.214362
vt 0.714204 0.989282
vt 0.716911 0.991961
vt 0.714204 0.991961
vt 0.977258 0.021436
vt 0.971843 0.032154
vt 0.207384 1.000000
vt 0.208467 0.989282
vt 0.208467 1.000000
vt 0.851199 0.728832
vt 0.854448 0.535906
vt 0.854448 0.728832
vt 0.991336 0.568060
vt 0.985922 0.573419
vt 0.985922 0.568060
vt 0.872402 0.946409
vt 0.869153 0.967845
vt 0.869153 0.946409
vt 1.000000 0.747051
vt 0.996751 0.752410
vt 0.996751 0.747051
vt 0.866360 0.214362
vt 0.860945 0.321543
vt 0.860945 0.214362
vt 0.983214 0.937835
vt 0.329217 0.946409
vt 0.334632 0.924973
vt 0.334632 0.946409
vt 0.396360 0.859057
vt 0.407189 0.859057
vt 0.188974 1.000000
vt 0.190057 0.989282
vt 0.190057 1.000000
vt 0.979965 0.707395
vt 0.977258 0.704716
vt 0.716911 0.989282
vt 0.719619 0.991961
vt 0.977258 0.836013
vt 0.979965 0.833333
vt 0.979965 0.836013
vt 0.963826 0.921758
vt 0.960577 0.943194
vt 0.960577 0.921758
vt 0.963826 0.085745
vt 0.967075 0.064309
vt 0.963826 0.257235
vt 0.960577 0.278671
vt 0.960577 0.257235
vt 0.881521 0.166131
vt 0.884770 0.139335
vt 0.999458 0.758841
vt 0.996751 0.752410
vt 0.999458 0.752410
vt 0.107752 0.989282
vt 0.107752 0.994641
vt 0.340046 0.924973
vt 0.340046 0.946409
vt 0.190057 1.000000
vt 0.191140 0.989282
vt 0.191140 1.000000
vt 0.658434 0.625938
vt 0.741821 0.922829
vt 0.736406 0.893890
vt 0.741821 0.893890
vt 0.715373 0.972133
vt 0.715373 0.946409
vt 0.809505 0.892819
vt 0.809505 0.921758
vt 0.955162 0.707395
vt 0.960577 0.685959
vt 0.960577 0.707395
vt 0.983214 0.045552
vt 0.980507 0.034834
vt 0.983214 0.034834
vt 0.191140 1.000000
vt 0.192222 0.989282
vt 0.192222 1.000000
vt 0.980507 0.016077
vt 0.977258 0.032154
vt 0.977258 0.016077
vt 0.254493 0.787781
vt 0.251244 0.790461
vt 0.934130 0.946409
vt 0.934130 0.967846
vt 0.925923 0.117899
vt 0.922674 0.182208
vt 0.922674 0.117899
vt 0.935669 0.939978
vt 0.390945 0.933012
vt 0.390945 0.904073
vt 0.337880 0.962487
vt 1.000000 0.758841
vt 0.996751 0.764200
vt 0.996751 0.758841
vt 0.859247 0.989282
vt 0.858164 0.991961
vt 0.858164 0.989282
vt 0.728284 0.925337
vt 0.722869 0.896398
vt 0.728284 0.896398
vt 0.994044 0.813505
vt 0.517650 0.797963
vt 0.514401 0.797963
vt 0.129411 0.989282
vt 0.129411 0.994641
vt 1.000000 0.764200
vt 0.996751 0.769559
vt 0.996751 0.764200
vt 0.725576 0.733119
vt 0.736406 0.540193
vt 0.736406 0.733119
vt 0.321095 0.965702
vt 0.321095 0.968917
vt 0.983214 0.857449
vt 0.983214 0.846731
vt 0.359538 0.992497
vt 0.356831 0.992497
vt 0.983756 0.326902
vt 0.980507 0.326902
vt 0.719619 0.989282
vt 0.722326 0.991961
vt 0.345461 0.924973
vt 0.345461 0.946409
vt 0.557719 0.889603
vt 0.563134 0.918542
vt 0.557719 0.918542
vt 0.955162 0.836013
vt 0.960577 0.814576
vt 0.960577 0.836013
vt 0.396360 0.933012
vt 0.390945 0.904073
vt 0.396360 0.904073
vt 0.193305 0.989282
vt 0.192222 1.000000
vt 0.192222 0.989282
vt 0.617281 0.781350
vt 0.979965 0.511790
vt 0.994585 0.174705
vt 0.991336 0.180064
vt 0.991336 0.174705
vt 0.722326 0.989282
vt 0.725034 0.991961
vt 0.124539 0.900321
vt 0.119124 0.900321
vt 0.476498 0.650589
vt 0.525231 0.596999
vt 0.525231 0.650589
vt 0.632443 0.540193
vt 0.917259 0.833333
vt 0.920508 0.833333
vt 0.888019 0.257235
vt 0.891268 0.257235
vt 0.988629 0.584137
vt 0.988629 0.573419
vt 0.785139 0.540193
vt 0.779724 0.270096
vt 0.785139 0.270096
vt 0.999458 0.775990
vt 0.999458 0.769559
vt 0.616199 0.540193
vt 0.991336 0.584137
vt 0.985922 0.589496
vt 0.985922 0.584137
vt 0.606452 0.904609
vt 0.622696 0.904609
vt 0.507904 0.800643
vt 0.507904 0.797963
vt 0.276152 0.854233
vt 0.270737 0.905144
vt 0.032488 0.699357
vt 0.657976 0.946409
vt 0.657976 0.967846
vt 0.356832 0.946409
vt 0.359539 0.946409
vt 0.376325 0.972133
vt 0.975092 0.391211
vt 0.975092 0.375134
vt 0.747235 0.270096
vt 0.736406 0.000000
vt 0.747235 0.000000
vt 0.315680 0.962487
vt 0.979965 0.546624
vt 0.381740 0.946409
vt 0.994585 0.684887
vt 0.991336 0.690246
vt 0.991336 0.684887
vt 0.259908 0.967846
vt 0.265323 0.946409
vt 0.265323 0.967846
vt 0.193305 1.000000
vt 0.194388 0.989282
vt 0.194388 1.000000
vt 0.918342 0.428724
vt 0.921591 0.364416
vt 0.921591 0.428724
vt 0.401775 0.904073
vt 0.396360 0.933012
vt 0.396360 0.904073
vt 0.335172 0.992497
vt 0.332464 0.989282
vt 0.335172 0.989282
vt 0.281567 0.273312
vt 0.216590 0.270096
vt 0.950831 0.412647
vt 0.953538 0.364416
vt 0.953538 0.412647
vt 0.800926 0.946409
vt 0.797678 0.967846
vt 0.797678 0.946409
vt 0.144573 0.989282
vt 0.143490 1.000000
vt 0.143490 0.989282
vt 0.814920 0.892819
vt 0.809505 0.892819
vt 0.733699 0.925337
vt 0.733699 0.896398
vt 0.882148 0.967846
vt 0.885397 0.946409
vt 0.885397 0.967846
vt 0.250702 0.989282
vt 0.129954 0.900321
vt 0.124539 0.836013
vt 0.971843 0.042872
vt 0.220379 1.000000
vt 0.221462 0.989282
vt 0.221462 1.000000
vt 0.438595 0.933012
vt 0.433180 0.904073
vt 0.438595 0.904073
vt 0.222005 0.825295
vt 0.238249 0.790461
vt 0.238249 0.825295
vt 0.226877 0.989282
vt 0.226877 1.000000
vt 0.999458 0.782421
vt 0.996751 0.775990
vt 0.999458 0.775990
vt 0.983214 0.238478
vt 0.980507 0.241158
vt 0.980507 0.238478
vt 0.384447 0.956056
vt 0.444009 0.933012
vt 0.444009 0.904073
vt 0.476498 0.540193
vt 0.941084 0.939978
vt 0.946499 0.939978
vt 0.991336 0.589496
vt 0.985922 0.594855
vt 0.671429 0.754555
vt 0.668180 0.757235
vt 0.315680 0.972133
vt 0.318387 0.968917
vt 0.977258 0.369775
vt 0.504655 0.797963
vt 0.366037 0.789389
vt 0.996751 0.782421
vt 0.999458 0.788851
vt 0.996751 0.788851
vt 0.270737 0.946409
vt 0.996751 0.788851
vt 0.999458 0.795282
vt 0.996751 0.795282
vt 0.904883 0.359057
vt 0.904264 0.310825
vt 0.904883 0.310825
vt 0.882604 0.889603
vt 0.885853 0.782422
vt 0.885853 0.889603
vt 0.408814 0.978564
vt 0.741364 0.946409
vt 0.738115 0.967846
vt 0.738115 0.946409
vt 0.914010 0.878885
vt 0.917259 0.793140
vt 0.917259 0.878885
vt 0.860330 0.989282
vt 0.859247 0.991961
vt 0.859247 0.989282
vt 0.967075 0.021436
vt 0.963826 0.042872
vt 0.963826 0.021436
vt 0.194388 1.000000
vt 0.195471 0.989282
vt 0.195471 1.000000
vt 0.356832 0.949625
vt 0.963826 0.278671
vt 0.960577 0.278671
vt 0.195471 1.000000
vt 0.196554 0.989282
vt 0.196554 1.000000
vt 1.000000 0.795282
vt 0.996751 0.800641
vt 0.996751 0.795282
vt 0.977258 0.053591
vt 0.977258 0.042872
vt 0.991336 0.594855
vt 0.985922 0.600214
vt 0.985922 0.594855
vt 0.323802 0.962487
vt 0.235541 1.000000
vt 0.235541 0.989282
vt 0.963826 0.198077
vt 0.969241 0.198077
vt 0.305391 0.992497
vt 0.305391 0.989282
vt 0.340588 0.968917
vt 0.392569 0.959271
vt 0.951372 0.217042
vt 0.954080 0.168810
vt 0.954080 0.217042
vt 0.980507 0.032154
vt 0.977258 0.048232
vt 0.979965 0.656484
vt 0.197637 0.989282
vt 0.196554 1.000000
vt 0.196554 0.989282
vt 0.944333 0.786709
vt 0.938918 0.757770
vt 0.944333 0.757770
vt 0.980507 0.857449
vt 0.983214 0.868167
vt 0.980507 0.868167
vt 0.642189 0.757235
vt 0.919425 0.294748
vt 0.916176 0.246517
vt 0.919425 0.246517
vt 0.971843 0.064309
vt 0.971843 0.053591
vt 0.449424 0.933012
vt 0.876107 0.825295
vt 0.881521 0.739550
vt 0.881521 0.825295
vt 0.951372 0.568060
vt 0.812212 0.540193
vt 0.806798 0.270096
vt 0.812212 0.270096
vt 0.983214 0.112540
vt 0.980507 0.109861
vt 0.826832 0.858521
vt 0.823583 0.917470
vt 0.823583 0.858521
vt 0.977258 0.418006
vt 0.979965 0.418006
vt 0.994585 0.078242
vt 0.991336 0.083601
vt 0.991336 0.078242
vt 0.725034 0.989282
vt 0.727741 0.991961
vt 0.097465 0.839228
vt 0.086636 0.836013
vt 0.097465 0.836013
vt 0.467293 0.800107
vt 0.467293 0.802787
vt 0.198720 0.989282
vt 0.197637 1.000000
vt 0.197637 0.989282
vt 0.904264 0.182208
vt 0.909678 0.117899
vt 0.909678 0.182208
vt 0.727741 0.989282
vt 0.730448 0.991961
vt 0.963826 0.300107
vt 0.315680 0.968917
vt 0.372535 0.786709
vt 0.369286 0.789389
vt 0.994585 0.977492
vt 0.991336 0.982851
vt 0.988629 0.787781
vt 0.985922 0.787781
vt 0.396360 0.887995
vt 0.385530 0.859057
vt 0.396360 0.859057
vt 0.999458 0.807072
vt 0.996751 0.800641
vt 0.999458 0.800641
vt 0.922674 0.246517
vt 0.145655 0.989282
vt 0.144573 1.000000
vt 0.804175 0.946409
vt 0.800926 0.967846
vt 0.800926 0.946409
vt 0.994585 0.690246
vt 0.991336 0.695606
vt 0.861413 0.989282
vt 0.860330 0.991961
vt 0.860330 0.989282
vt 0.988629 0.610932
vt 0.985922 0.600214
vt 0.988629 0.600214
vt 0.994585 0.695606
vt 0.991336 0.700965
vt 0.983756 0.503751
vt 0.568549 0.889603
vt 0.563134 0.918542
vt 0.563134 0.889603
vt 0.628111 0.784030
vt 0.631360 0.781350
vt 0.891895 0.967846
vt 0.888646 0.946409
vt 0.362247 0.962487
vt 0.362247 0.959271
vt 0.521523 0.956056
vt 0.518815 0.952840
vt 0.521523 0.952840
vt 0.628736 0.946409
vt 0.625487 0.967846
vt 0.625487 0.946409
vt 0.527397 0.848874
vt 0.524148 0.851554
vt 0.032488 0.827974
vt 0.988629 0.621650
vt 0.985922 0.610932
vt 0.979965 0.592176
vt 0.977258 0.581458
vt 0.356291 0.924973
vt 0.350876 0.896034
vt 0.356291 0.896034
vt 0.862495 0.989282
vt 0.861413 0.991961
vt 0.861413 0.989282
vt 0.133743 0.989282
vt 0.132660 1.000000
vt 0.999458 0.813503
vt 0.996751 0.807072
vt 0.999458 0.807072
vt 0.392569 0.949625
vt 0.395277 0.949625
vt 0.985922 0.627010
vt 0.991336 0.621650
vt 0.991336 0.627010
vt 0.313513 0.989282
vt 0.313513 0.992497
vt 0.823042 0.000000
vt 0.747235 0.270096
vt 0.736406 0.463022
vt 0.736406 0.270096
vt 0.606452 0.225080
vt 0.541475 0.337621
vt 0.541475 0.225080
vt 0.162442 0.852090
vt 0.151613 0.881029
vt 0.306475 0.916935
vt 0.648687 0.625938
vt 0.648687 0.623258
vt 0.312972 0.975348
vt 0.312972 0.972133
vt 0.985922 0.627010
vt 0.991336 0.632369
vt 0.985922 0.632369
vt 0.481913 0.933011
vt 0.476498 0.904073
vt 0.481913 0.904073
vt 0.730448 0.989282
vt 0.733156 0.991961
vt 0.977258 0.675241
vt 0.979965 0.677921
vt 0.809505 0.831725
vt 0.820334 0.863880
vt 0.809505 0.863880
vt 0.683967 0.946409
vt 0.680718 0.967846
vt 0.680718 0.946409
vt 0.741364 0.967846
vt 0.744613 0.946409
vt 0.744613 0.967846
vt 0.991336 0.632369
vt 0.985922 0.637728
vt 0.985922 0.632369
vt 0.753733 0.868167
vt 0.750484 0.868167
vt 0.963826 0.208795
vt 0.700211 0.946409
vt 0.395277 0.968917
vt 0.996751 0.813503
vt 0.999458 0.819934
vt 0.996751 0.819934
vt 1.000000 0.819934
vt 0.996751 0.825293
vt 0.996751 0.819934
vt 0.487327 0.933011
vt 0.481913 0.904073
vt 0.487327 0.904073
vt 0.994585 0.437299
vt 0.991336 0.442658
vt 0.991336 0.437299
vt 1.000000 0.825293
vt 0.996751 0.830652
vt 0.996751 0.825293
vt 0.735863 0.989282
vt 0.735863 0.991961
vt 0.969241 0.541057
vt 0.963826 0.530339
vt 0.969241 0.530339
vt 0.804175 0.967846
vt 0.807424 0.946409
vt 0.807424 0.967846
vt 0.844701 0.810289
vt 0.839286 0.540193
vt 0.844701 0.540193
vt 0.110460 0.989282
vt 0.107752 0.994641
vt 0.107752 0.989282
vt 0.960577 0.707395
vt 0.963826 0.728832
vt 0.960577 0.728832
vt 0.323802 0.938907
vt 0.329217 0.917470
vt 0.329217 0.938907
vt 0.354125 0.946409
vt 0.037903 0.905145
vt 0.054147 0.889067
vt 0.054147 0.905145
vt 0.541475 0.760450
vt 0.086093 0.989282
vt 0.088801 0.991961
vt 0.492742 0.933011
vt 0.492742 0.904073
vt 0.722869 0.831725
vt 0.703917 0.806002
vt 0.863111 0.471597
vt 0.868526 0.364416
vt 0.868526 0.471597
vt 0.883071 0.989282
vt 0.881988 0.991961
vt 0.985922 0.637728
vt 0.988629 0.648446
vt 0.985922 0.648446
vt 0.937835 0.168810
vt 0.312972 0.972133
vt 0.863578 0.989282
vt 0.862495 0.991961
vt 0.862495 0.989282
vt 0.945416 0.699357
vt 0.948665 0.653805
vt 0.948665 0.699357
vt 1.000000 0.830652
vt 0.996751 0.836011
vt 0.996751 0.830652
vt 0.977258 0.324223
vt 0.979965 0.326902
vt 0.977258 0.326902
vt 0.864661 0.989282
vt 0.863578 0.991961
vt 0.863578 0.989282
vt 0.955162 0.857449
vt 0.960577 0.836013
vt 0.960577 0.857449
vt 0.222005 0.643087
vt 0.173272 0.696677
vt 0.173272 0.643087
vt 0.856157 0.946409
vt 0.852908 0.967846
vt 0.852908 0.946409
vt 0.738570 0.991961
vt 0.865744 0.989282
vt 0.864661 0.991961
vt 0.864661 0.989282
vt 0.895600 0.364416
vt 0.892351 0.493033
vt 0.892351 0.364416
vt 0.321095 0.972133
vt 0.820334 0.938907
vt 0.825749 0.917470
vt 0.825749 0.938907
vt 0.450507 0.542872
vt 0.450507 0.540193
vt 0.994585 0.700965
vt 0.991336 0.706324
vt 0.307558 0.952840
vt 0.483619 0.946409
vt 0.367661 0.959271
vt 0.741278 0.989282
vt 0.738570 0.989282
vt 0.130494 0.989282
vt 0.154319 1.000000
vt 0.943250 0.226688
vt 0.994585 0.982851
vt 0.991336 0.988210
vt 0.991336 0.982851
vt 0.324885 0.698285
vt 0.329217 0.975348
vt 0.660599 0.540193
vt 0.743985 0.991961
vt 0.743985 0.989282
vt 0.457546 0.851018
vt 0.468376 0.879957
vt 0.457546 0.879957
vt 0.926252 0.294748
vt 0.923003 0.359057
vt 0.923003 0.294748
vt 0.980507 0.016077
vt 0.935669 0.050911
vt 0.932420 0.101822
vt 0.348710 0.965702
vt 0.354125 0.962487
vt 0.308098 0.992497
vt 0.308098 0.989282
vt 0.362245 0.992497
vt 0.359538 0.989282
vt 0.985922 0.648446
vt 0.988629 0.659164
vt 0.985922 0.659164
vt 0.884154 0.989282
vt 0.883071 0.991961
vt 0.883071 0.989282
vt 0.376325 0.978564
vt 0.373618 0.975348
vt 0.473249 0.540193
vt 0.470000 0.542872
vt 0.289146 0.992497
vt 0.289146 0.989282
vt 0.915093 0.643087
vt 0.911844 0.643087
vt 0.746693 0.991961
vt 0.747861 0.946409
vt 0.747861 0.967846
vt 0.977258 0.064309
vt 0.971843 0.075027
vt 0.351417 0.978564
vt 0.348710 0.975348
vt 0.690922 0.770632
vt 0.980507 0.048232
vt 0.977258 0.064309
vt 0.882604 0.364416
vt 0.877190 0.450161
vt 0.934586 0.418006
vt 0.931337 0.471597
vt 0.931337 0.418006
vt 0.929501 0.348339
vt 0.929501 0.294748
vt 0.070392 0.946409
vt 0.070392 0.967846
vt 0.198720 1.000000
vt 0.199803 0.989282
vt 0.199803 1.000000
vt 0.896219 0.884244
vt 0.943250 0.284566
vt 0.749400 0.991961
vt 0.746693 0.989282
vt 0.749400 0.989282
vt 0.977258 0.707395
vt 0.359539 0.978564
vt 0.227960 0.989282
vt 0.032489 0.946409
vt 0.032489 0.967846
vt 0.628736 0.946409
vt 0.631985 0.967846
vt 0.628736 0.967846
vt 0.312972 0.965702
vt 0.310265 0.965702
vt 0.010829 0.889067
vt 0.000000 0.860128
vt 0.010829 0.860128
vt 0.921591 0.535906
vt 0.921591 0.471597
vt 0.994585 0.442658
vt 0.991336 0.448017
vt 0.200886 0.989282
vt 0.199803 0.989282
vt 0.969241 0.358849
vt 0.963826 0.358849
vt 0.343295 0.789389
vt 0.447258 0.542872
vt 0.447258 0.540193
vt 0.980507 0.064309
vt 0.977258 0.080386
vt 0.405563 0.989282
vt 0.408271 0.991961
vt 0.042234 0.989282
vt 0.038985 0.994641
vt 0.038985 0.989282
vt 0.983214 0.192926
vt 0.980507 0.190246
vt 0.866827 0.989282
vt 0.865744 0.991961
vt 0.865744 0.989282
vt 0.376325 0.952840
vt 0.476498 0.823687
vt 0.476498 0.797963
vt 0.523065 0.925509
vt 0.517650 0.896570
vt 0.523065 0.896570
vt 0.337880 0.952840
vt 0.335173 0.952840
vt 0.110460 0.994641
vt 0.113167 0.989282
vt 0.113167 0.994641
vt 0.616199 0.781350
vt 0.307558 0.751876
vt 0.205760 0.946409
vt 0.915559 0.989282
vt 0.914476 0.991961
vt 0.914476 0.989282
vt 1.000000 0.000000
vt 0.996751 0.005359
vt 0.996751 0.000000
vt 0.768894 0.914255
vt 0.774309 0.885316
vt 0.774309 0.914255
vt 0.994585 0.706324
vt 0.991336 0.711683
vt 0.991336 0.706324
vt 0.291854 0.992497
vt 0.289146 0.989282
vt 0.291854 0.989282
vt 1.000000 0.005359
vt 0.996751 0.010718
vt 0.996751 0.005359
vt 0.916642 0.989282
vt 0.915559 0.991961
vt 0.915559 0.989282
vt 0.988629 0.669882
vt 0.541016 0.946409
vt 0.543723 0.946409
vt 0.871775 0.535906
vt 0.871775 0.450161
vt 0.867910 0.989282
vt 0.866827 0.991961
vt 0.866827 0.989282
vt 0.281567 0.700965
vt 0.362247 0.975348
vt 0.359539 0.972133
vt 0.983214 0.222401
vt 0.908595 0.685959
vt 0.905347 0.793140
vt 0.905347 0.685959
vt 0.985922 0.669882
vt 0.988629 0.680600
vt 0.985922 0.680600
vt 1.000000 0.836011
vt 0.996751 0.841370
vt 0.996751 0.836011
vt 0.955162 0.728832
vt 0.960577 0.707395
vt 0.960577 0.728832
vt 0.971843 0.085745
vt 0.977258 0.075027
vt 0.977258 0.085745
vt 0.931338 0.525187
vt 0.931338 0.471597
vt 0.487327 0.859057
vt 0.476498 0.855841
vt 0.980507 0.066988
vt 0.983214 0.064309
vt 0.983214 0.066988
vt 0.980507 0.163451
vt 0.221462 1.000000
vt 0.222545 0.989282
vt 0.222545 1.000000
vt 0.527938 0.730975
vt 0.541475 0.757770
vt 0.527938 0.757770
vt 0.527397 0.851554
vt 0.527397 0.848874
vt 0.386612 0.989282
vt 0.389319 0.991961
vt 0.752650 0.921757
vt 0.747235 0.943194
vt 0.747235 0.921757
vt 0.817627 0.270096
vt 0.817627 0.000000
vt 0.868993 0.989282
vt 0.867910 0.991961
vt 0.867910 0.989282
vt 0.963826 0.321543
vt 0.960577 0.342980
vt 0.920508 0.857449
vt 0.917259 0.857449
vt 0.628111 0.000000
vt 0.638941 0.000000
vt 0.687216 0.946409
vt 0.683967 0.967846
vt 0.135369 0.946409
vt 0.135369 0.967846
vt 0.752107 0.991961
vt 0.994044 0.711683
vt 0.991336 0.718114
vt 0.991336 0.711683
vt 0.991336 0.026795
vt 0.994585 0.018757
vt 0.994585 0.026795
vt 0.657976 0.967846
vt 0.661225 0.946409
vt 0.661225 0.967846
vt 0.854448 0.192926
vt 0.857696 0.000000
vt 0.857696 0.192926
vt 0.307558 0.751876
vt 0.307558 0.698285
vt 0.999458 0.847801
vt 0.996751 0.847801
vt 0.870076 0.989282
vt 0.868993 0.991961
vt 0.868993 0.989282
vt 0.977258 0.096463
vt 0.980507 0.080386
vt 0.980507 0.096463
vt 0.086636 0.868167
vt 0.086636 0.839228
vt 0.395277 0.946409
vt 0.798676 0.943194
vt 0.804090 0.943194
vt 0.979965 0.868167
vt 0.977258 0.865487
vt 0.245287 0.989282
vt 0.244204 1.000000
vt 0.244204 0.989282
vt 0.661682 0.757235
vt 0.638940 0.904609
vt 0.638940 0.888531
vt 0.421267 0.989282
vt 0.421476 0.946409
vt 0.988629 0.964630
vt 0.985922 0.953912
vt 0.971843 0.584137
vt 0.752107 0.989282
vt 0.754815 0.991961
vt 0.949748 0.757770
vt 0.944333 0.728832
vt 0.949748 0.728832
vt 0.971843 0.096463
vt 0.977258 0.085745
vt 0.977258 0.096463
vt 0.983214 0.048232
vt 0.980507 0.045552
vt 0.994585 0.448017
vt 0.991336 0.448017
vt 0.312973 0.933547
vt 0.307558 0.904608
vt 0.312973 0.904608
vt 0.977258 0.771704
vt 0.979965 0.771704
vt 0.677927 0.853698
vt 0.681176 0.805466
vt 0.681176 0.853698
vt 0.310265 0.946409
vt 0.312972 0.949625
vt 0.999458 0.854232
vt 0.996751 0.847801
vt 0.999458 0.847801
vt 0.994585 0.897106
vt 0.991336 0.902465
vt 0.991336 0.897106
vt 0.115874 0.989282
vt 0.975092 0.503751
vt 0.971843 0.519828
vt 0.332466 0.946409
vt 0.329217 0.973205
vt 0.329217 0.946409
vt 0.194931 0.857449
vt 0.184102 0.819936
vt 0.194931 0.819936
vt 0.798676 0.836013
vt 0.779724 0.810289
vt 0.798676 0.810289
vt 0.937379 0.946409
vt 0.934131 0.967846
vt 0.934131 0.946409
vt 0.693088 0.000000
vt 0.037903 0.946409
vt 0.037903 0.967846
vt 1.000000 0.854232
vt 0.996751 0.859591
vt 0.996751 0.854232
vt 1.000000 0.859591
vt 0.996751 0.864950
vt 0.996751 0.859591
vt 0.977258 0.198285
vt 0.991336 0.680600
vt 0.985922 0.685959
vt 0.985922 0.680600
vt 0.410978 0.989282
vt 0.408271 0.991961
vt 0.408271 0.989282
vt 0.892351 0.364416
vt 0.889102 0.493033
vt 0.889102 0.364416
vt 0.994585 0.881029
vt 0.991336 0.886388
vt 0.991336 0.881029
vt 0.307558 0.962487
vt 0.075806 0.946409
vt 0.980507 0.227760
vt 0.828457 0.540193
vt 0.828457 0.270096
vt 0.980507 0.884244
vt 0.985922 0.878885
vt 0.985922 0.884244
vt 0.988629 0.685959
vt 0.985922 0.696677
vt 0.395277 0.962487
vt 0.444009 0.599142
vt 0.389862 0.540193
vt 0.444009 0.540193
vt 0.967075 0.107181
vt 0.963826 0.128617
vt 0.963826 0.107181
vt 0.312972 0.959271
vt 0.167857 0.939978
vt 0.173272 0.918542
vt 0.173272 0.939978
vt 0.980507 0.428724
vt 0.983756 0.439443
vt 0.194931 0.273312
vt 0.980507 0.176849
vt 0.081221 0.817256
vt 0.077972 0.903001
vt 0.077972 0.817256
vt 0.606452 0.337620
vt 0.541475 0.450161
vt 0.541475 0.337620
vt 0.240955 1.000000
vt 0.242038 1.000000
vt 0.570256 0.946409
vt 0.567007 0.967846
vt 0.567007 0.946409
vt 0.350876 0.924973
vt 0.350876 0.946409
vt 0.751110 0.946409
vt 0.318387 0.933547
vt 0.318387 0.904608
vt 0.871159 0.989282
vt 0.870076 0.991961
vt 0.870076 0.989282
vt 0.795968 0.540193
vt 0.790553 0.270096
vt 0.955162 0.750268
vt 0.960577 0.728832
vt 0.960577 0.750268
vt 0.812212 0.270096
vt 0.817627 0.270096
vt 0.937379 0.967846
vt 0.940628 0.946409
vt 0.940628 0.967846
vt 0.790553 0.868167
vt 0.779724 0.839228
vt 0.790553 0.839228
vt 0.955162 0.771704
vt 0.960577 0.750268
vt 0.960577 0.771704
vt 0.222545 1.000000
vt 0.223628 0.989282
vt 0.223628 1.000000
vt 0.201969 0.989282
vt 0.200886 1.000000
vt 0.200886 0.989282
vt 0.994585 0.222937
vt 0.991336 0.228296
vt 0.323802 0.933547
vt 0.318387 0.904609
vt 0.856157 0.967846
vt 0.859406 0.946409
vt 0.859406 0.967846
vt 0.258282 0.989282
vt 0.257199 1.000000
vt 0.888646 0.946409
vt 0.888646 0.967846
vt 0.894517 0.353698
vt 0.897766 0.235798
vt 0.940628 0.967846
vt 0.943877 0.967846
vt 0.201969 1.000000
vt 0.203052 0.989282
vt 0.203052 1.000000
vt 0.994585 0.718113
vt 0.991336 0.723473
vt 0.991336 0.718113
vt 0.722869 0.831725
vt 0.720162 0.887995
vt 0.720162 0.831725
vt 0.216590 0.967846
vt 0.222005 0.946409
vt 0.222005 0.967846
vt 0.991336 0.696677
vt 0.985922 0.702036
vt 0.860945 0.342980
vt 0.866360 0.321543
vt 0.866360 0.342980
vt 0.361705 0.924973
vt 0.356291 0.896034
vt 0.576754 0.946409
vt 0.573505 0.967846
vt 0.573505 0.946409
vt 0.416936 0.933547
vt 0.416936 0.904609
vt 0.326509 0.946409
vt 0.329217 0.949625
vt 0.930255 0.728832
vt 0.882604 0.450161
vt 0.877190 0.535906
vt 0.877190 0.450161
vt 0.994585 0.723473
vt 0.991336 0.728832
vt 0.115874 0.994641
vt 0.118582 0.989282
vt 0.118582 0.994641
vt 0.337880 0.956056
vt 0.229043 0.989282
vt 0.227960 1.000000
vt 0.259908 0.273312
vt 0.779724 0.836013
vt 0.790553 0.836013
vt 0.043318 0.860128
vt 0.043318 0.831190
vt 0.629194 0.781350
vt 0.994585 0.539121
vt 0.991336 0.544480
vt 0.872242 0.989282
vt 0.871159 0.991961
vt 0.871159 0.989282
vt 0.994585 0.728832
vt 0.991336 0.734191
vt 0.991336 0.728832
vt 0.994585 0.544480
vt 0.991336 0.549839
vt 0.999458 0.871381
vt 0.996751 0.864950
vt 0.999458 0.864950
vt 0.340046 0.751876
vt 0.994585 0.169346
vt 0.994585 0.734191
vt 0.991336 0.739550
vt 0.991336 0.734191
vt 0.994585 0.464094
vt 0.427016 0.946409
vt 0.427016 0.989282
vt 0.366037 0.859057
vt 0.362788 0.909968
vt 0.884154 0.991961
vt 0.754815 0.989282
vt 0.757522 0.991961
vt 0.983756 0.675241
vt 0.376325 0.968917
vt 0.975092 0.391211
vt 0.971843 0.391211
vt 0.934586 0.576098
vt 0.931337 0.627010
vt 0.638940 0.792069
vt 0.641648 0.817792
vt 0.638940 0.817792
vt 0.631985 0.946409
vt 0.635234 0.967846
vt 0.631985 0.967846
vt 0.893901 0.989282
vt 0.892818 0.991961
vt 0.892818 0.989282
vt 0.677927 0.770632
vt 0.294561 0.992497
vt 0.291854 0.989282
vt 0.975092 0.519828
vt 0.971843 0.535906
vt 0.971843 0.519828
vt 0.971843 0.096463
vt 0.977258 0.107181
vt 0.971843 0.107181
vt 0.140783 0.946409
vt 0.140783 0.967846
vt 0.140783 0.836013
vt 0.622696 0.540193
vt 0.625945 0.540193
vt 0.785139 0.810289
vt 0.779724 0.540193
vt 0.971843 0.117899
vt 0.351416 0.989282
vt 0.354123 0.992497
vt 0.351416 0.992497
vt 0.955162 0.793140
vt 0.960577 0.793140
vt 0.994585 0.549839
vt 0.991336 0.555198
vt 0.343295 0.978564
vt 0.340588 0.975348
vt 0.281567 0.877813
vt 0.286982 0.856377
vt 0.286982 0.877813
vt 0.515484 0.760450
vt 0.512235 0.763129
vt 0.424570 0.989282
vt 0.054148 0.699357
vt 0.054148 0.827974
vt 0.757522 0.989282
vt 0.760229 0.991961
vt 0.757522 0.991961
vt 0.537143 0.848874
vt 0.533894 0.851554
vt 0.687216 0.967846
vt 0.690465 0.946409
vt 0.690465 0.967846
vt 0.444009 0.542872
vt 0.606452 0.720257
vt 0.595622 0.720257
vt 0.407189 0.887996
vt 0.396360 0.859057
vt 0.407189 0.859057
vt 0.985922 0.702036
vt 0.988629 0.712754
vt 0.985922 0.712754
vt 0.227419 0.946409
vt 0.307558 0.946409
vt 0.304309 0.978564
vt 0.304309 0.946409
vt 0.422350 0.933547
vt 0.416936 0.904609
vt 0.422350 0.904609
vt 0.790553 0.810289
vt 0.785139 0.540193
vt 0.422350 0.781350
vt 0.411521 0.840300
vt 0.411521 0.781350
vt 0.422350 0.904609
vt 0.427765 0.933548
vt 0.422350 0.933548
vt 0.996751 0.871381
vt 0.999458 0.877812
vt 0.996751 0.877812
vt 0.203052 1.000000
vt 0.204135 0.989282
vt 0.204135 1.000000
vt 0.994585 0.838156
vt 0.991336 0.843515
vt 0.991336 0.838156
vt 0.985922 0.718113
vt 0.991336 0.712754
vt 0.994585 0.739550
vt 0.991336 0.744909
vt 0.991336 0.739550
vt 0.977258 0.964630
vt 0.994585 0.105038
vt 0.994585 0.744909
vt 0.991336 0.750268
vt 0.991336 0.744909
vt 0.999458 0.884243
vt 0.996751 0.877812
vt 0.999458 0.877812
vt 0.944333 0.815648
vt 0.016244 0.889067
vt 0.000000 0.905144
vt 0.000000 0.889067
vt 0.999458 0.890673
vt 0.996751 0.884242
vt 0.999458 0.884242
vt 0.999458 0.897104
vt 0.996751 0.890673
vt 0.999458 0.890673
vt 0.609701 0.781350
vt 0.037903 0.967846
vt 0.043318 0.946409
vt 0.043318 0.967846
vt 0.433180 0.840300
vt 0.332466 0.946409
vt 0.335173 0.949625
vt 0.348710 0.946409
vt 0.977258 0.112540
vt 0.979965 0.447481
vt 0.985922 0.723473
vt 0.222005 0.790461
vt 0.222005 0.787781
vt 0.350876 0.946409
vt 0.356291 0.924973
vt 0.356291 0.946409
vt 0.873325 0.989282
vt 0.872242 0.991961
vt 0.872242 0.989282
vt 0.999458 0.903535
vt 0.996751 0.897104
vt 0.999458 0.897104
vt 0.810673 0.946409
vt 0.476498 0.763130
vt 0.476498 0.760450
vt 0.611867 0.933547
vt 0.606452 0.904609
vt 0.611867 0.904609
vt 0.611867 0.904609
vt 0.617281 0.933547
vt 0.611867 0.933547
vt 0.760229 0.989282
vt 0.762937 0.991961
vt 0.356291 0.789389
vt 0.356291 0.786709
vt 0.032488 0.860128
vt 0.032488 0.831190
vt 0.376325 0.962487
vt 0.754359 0.946409
vt 0.751110 0.967846
vt 0.751110 0.946409
vt 0.960577 0.750268
vt 0.314056 0.754555
vt 0.980507 0.249196
vt 0.977258 0.262594
vt 0.541016 0.952840
vt 0.224711 0.989282
vt 0.223628 1.000000
vt 0.223628 0.989282
vt 0.246370 0.989282
vt 0.245287 1.000000
vt 0.872858 0.000000
vt 0.869609 0.160772
vt 0.869609 0.000000
vt 0.664474 0.946409
vt 0.664474 0.967846
vt 0.233375 0.989282
vt 0.232292 1.000000
vt 0.232292 0.989282
vt 0.622696 0.933547
vt 0.617281 0.904609
vt 0.932420 0.171490
vt 0.929172 0.225080
vt 0.874408 0.989282
vt 0.873325 0.991961
vt 0.873325 0.989282
vt 0.927005 0.857449
vt 0.923757 0.916398
vt 0.923757 0.857449
vt 0.814920 0.892819
vt 0.820334 0.921758
vt 0.814920 0.921758
vt 0.963826 0.750268
vt 0.960577 0.771704
vt 0.204135 1.000000
vt 0.205218 0.989282
vt 0.205218 1.000000
vt 0.638482 0.946409
vt 0.635234 0.967846
vt 0.635234 0.946409
vt 0.963826 0.771704
vt 0.960577 0.793140
vt 0.960577 0.771704
vt 0.969241 0.455312
vt 0.589749 0.967846
vt 0.592998 0.946409
vt 0.592998 0.967846
vt 0.628111 0.933547
vt 0.622696 0.904609
vt 0.628111 0.904609
vt 0.633526 0.933548
vt 0.628111 0.904609
vt 0.633526 0.904609
vt 0.875491 0.989282
vt 0.874408 0.991961
vt 0.874408 0.989282
vt 0.638940 0.933547
vt 0.633526 0.904609
vt 0.778641 0.916934
vt 0.775392 0.927653
vt 0.361705 0.924973
vt 0.361705 0.946409
vt 0.871775 0.621650
vt 0.877190 0.535906
vt 0.994585 0.750268
vt 0.991336 0.755627
vt 0.991336 0.750268
vt 0.980507 0.868167
vt 0.983214 0.878885
vt 0.980507 0.878885
vt 0.312972 0.968917
vt 0.943579 0.323687
vt 0.938164 0.294748
vt 0.943579 0.294748
vt 0.979965 0.337621
vt 0.869609 0.171490
vt 0.869609 0.342980
vt 0.259365 0.989282
vt 0.258282 1.000000
vt 0.258282 0.989282
vt 0.869153 0.946409
vt 0.865904 0.967846
vt 0.865904 0.946409
vt 0.762937 0.989282
vt 0.765644 0.991961
vt 0.762937 0.991961
vt 0.205218 1.000000
vt 0.206301 0.989282
vt 0.206301 1.000000
vt 0.983756 0.407288
vt 0.980507 0.418006
vt 0.863111 0.578778
vt 0.868526 0.578778
vt 0.329217 0.859593
vt 0.943579 0.352626
vt 0.938164 0.323687
vt 0.876574 0.989282
vt 0.875491 0.991961
vt 0.875491 0.989282
vt 0.411521 0.000000
vt 0.854447 0.407288
vt 0.931338 0.648446
vt 0.928089 0.707395
vt 0.928089 0.648446
vt 0.921591 0.471597
vt 0.918342 0.535906
vt 0.918342 0.471597
vt 0.991336 0.723473
vt 0.985922 0.728832
vt 0.985922 0.723473
vt 0.207384 0.989282
vt 0.207384 1.000000
vt 0.901015 0.117899
vt 0.897766 0.235798
vt 0.897766 0.117899
vt 0.877657 0.989282
vt 0.876574 0.991961
vt 0.876574 0.989282
vt 0.985922 0.734191
vt 0.994585 0.474812
vt 0.991336 0.474812
vt 0.994585 0.755627
vt 0.991336 0.760986
vt 0.991336 0.755627
vt 0.628111 0.781350
vt 0.628111 0.840300
vt 0.994585 0.886388
vt 0.991336 0.891747
vt 0.991336 0.886388
vt 0.810673 0.967846
vt 0.813922 0.946409
vt 0.813922 0.967846
vt 0.872858 0.160772
vt 0.869609 0.321543
vt 0.869609 0.160772
vt 0.904264 0.117899
vt 0.901015 0.225080
vt 0.901015 0.117899
vt 0.878739 0.989282
vt 0.877657 0.991961
vt 0.877657 0.989282
vt 0.999458 0.909966
vt 0.996751 0.903535
vt 0.999458 0.903535
vt 0.944333 0.844587
vt 0.208467 1.000000
vt 0.209550 0.989282
vt 0.209550 1.000000
vt 1.000000 0.909966
vt 0.996751 0.915325
vt 0.996751 0.909966
vt 0.005415 0.934083
vt 0.000000 0.905144
vt 0.765644 0.989282
vt 0.768352 0.991961
vt 0.994585 0.891747
vt 0.991336 0.891747
vt 0.771059 0.989282
vt 0.768352 0.991961
vt 0.768352 0.989282
vt 0.671429 0.757235
vt 0.668180 0.792068
vt 0.514401 0.918542
vt 1.000000 0.010718
vt 0.996751 0.016077
vt 0.996751 0.010718
vt 0.541016 0.946409
vt 0.537767 0.946409
vt 0.670346 0.792068
vt 0.703917 0.898714
vt 0.687673 0.882636
vt 0.971843 0.128617
vt 0.977258 0.117899
vt 0.977258 0.128617
vt 0.259280 0.803858
vt 0.895600 0.868167
vt 0.892351 0.868167
vt 0.541475 0.651125
vt 0.544724 0.627010
vt 0.960577 0.814577
vt 0.963826 0.793140
vt 0.963826 0.814577
vt 0.983756 0.600214
vt 0.954080 0.217042
vt 0.951372 0.265273
vt 0.951372 0.217042
vt 0.773766 0.991961
vt 0.771059 0.991961
vt 0.994044 0.838156
vt 0.991336 0.831725
vt 0.994044 0.831725
vt 0.723901 0.806002
vt 0.945416 0.470525
vt 0.948665 0.470525
vt 0.904264 0.246517
vt 0.963826 0.943194
vt 0.960577 0.964630
vt 0.145655 1.000000
vt 0.638941 0.888531
vt 0.971843 0.235798
vt 0.977258 0.225080
vt 0.977258 0.235798
vt 0.817171 0.946409
vt 0.969241 0.208795
vt 0.969241 0.219514
vt 0.622696 0.542872
vt 0.994585 0.228296
vt 0.991336 0.233655
vt 0.979965 0.594855
vt 0.977258 0.592176
vt 0.979965 0.463558
vt 0.977258 0.452840
vt 0.045483 0.989282
vt 0.042234 0.994641
vt 0.042234 0.989282
vt 0.985922 0.734191
vt 0.988629 0.744909
vt 1.000000 0.915325
vt 0.996751 0.920684
vt 0.996751 0.915325
vt 0.210633 1.000000
vt 0.209550 0.989282
vt 0.210633 0.989282
vt 0.208468 0.881029
vt 0.197638 0.852090
vt 0.444009 0.887996
vt 0.433180 0.859057
vt 0.444009 0.859057
vt 0.963826 0.814576
vt 0.641731 0.967846
vt 0.638482 0.967846
vt 0.879822 0.989282
vt 0.878739 0.991961
vt 0.573964 0.825295
vt 0.584793 0.825295
vt 0.395277 0.956056
vt 0.994585 0.760986
vt 0.991336 0.766345
vt 0.991336 0.760986
vt 0.955162 0.814576
vt 0.909678 0.246517
vt 0.904264 0.310825
vt 0.944333 0.873526
vt 0.747235 0.864951
vt 0.736406 0.893890
vt 0.736406 0.864951
vt 0.541475 0.270096
vt 0.476498 0.000000
vt 0.541475 0.000000
vt 0.994585 0.233655
vt 0.693088 0.270096
vt 0.329217 0.965702
vt 0.097466 0.270096
vt 0.515484 0.763129
vt 0.544724 0.568060
vt 0.776474 0.991961
vt 0.773766 0.989282
vt 0.776474 0.989282
vt 0.963826 0.369567
vt 0.922674 0.117899
vt 0.919425 0.182208
vt 0.919425 0.117899
vt 0.146198 0.946409
vt 0.880905 0.989282
vt 0.879822 0.991961
vt 0.879822 0.989282
vt 0.584793 0.889603
vt 0.590208 0.918542
vt 0.584793 0.918542
vt 0.971843 0.203644
vt 0.977258 0.214362
vt 0.971843 0.214362
vt 0.980507 0.192926
vt 0.983214 0.195606
vt 0.787680 0.991584
vt 0.788046 0.989384
vt 0.789939 0.990822
vt 0.948665 0.471597
vt 0.945416 0.517149
vt 0.945416 0.471597
vt 0.462961 0.924973
vt 0.457546 0.896034
vt 0.462961 0.896034
vt 0.999458 0.927115
vt 0.996751 0.920684
vt 0.999458 0.920684
vt 0.528480 0.925509
vt 0.922674 0.182208
vt 0.919425 0.246517
vt 0.211716 1.000000
vt 0.210633 0.989282
vt 0.211716 0.989282
vt 0.999458 0.933546
vt 0.996751 0.927115
vt 0.999458 0.927115
vt 0.985922 0.750268
vt 0.991336 0.744909
vt 0.703460 0.946409
vt 0.700211 0.967846
vt 0.700211 0.946409
vt 0.948665 0.168810
vt 0.951372 0.222401
vt 0.948665 0.222401
vt 0.518815 0.946409
vt 0.521523 0.946409
vt 0.954950 0.294748
vt 0.951701 0.332261
vt 0.951701 0.294748
vt 0.337879 0.992497
vt 0.335172 0.989282
vt 0.337879 0.989282
vt 0.896066 0.989282
vt 0.894983 0.991961
vt 0.894983 0.989282
vt 0.828875 0.858521
vt 0.829907 0.810289
vt 0.829907 0.858521
vt 0.977258 0.112540
vt 0.353042 0.789389
vt 0.985922 0.755627
vt 1.000000 0.954982
vt 0.996751 0.960341
vt 0.971843 0.128617
vt 0.977258 0.128617
vt 0.994585 0.555198
vt 0.423184 0.946409
vt 0.947126 0.967846
vt 0.994585 0.907824
vt 0.528480 0.925509
vt 0.140783 0.926045
vt 0.866360 0.000000
vt 0.820420 0.967846
vt 0.888019 0.262594
vt 0.983756 0.375134
vt 0.146198 0.926045
vt 0.999458 0.016077
vt 0.969241 0.380285
vt 0.994585 0.018757
vt 0.910761 0.793140
vt 0.999458 0.022508
vt 0.343295 0.978564
vt 0.682258 0.882636
vt 0.996751 0.035370
vt 0.638940 0.840300
vt 0.844701 0.535906
vt 0.980507 0.093783
vt 0.592915 0.870311
vt 0.796437 0.991961
vt 0.980507 0.937835
vt 0.795354 0.991961
vt 0.929172 0.064309
vt 1.000000 0.938905
vt 0.934586 0.703108
vt 0.703917 0.270096
vt 0.573963 0.715434
vt 0.021659 0.889067
vt 0.902098 0.364416
vt 0.790553 0.810289
vt 0.940001 0.393355
vt 0.596247 0.967846
vt 0.354123 0.992497
vt 0.032489 0.889067
vt 0.151613 0.926045
vt 0.975092 0.777063
vt 0.934586 0.677921
vt 0.203053 0.926045
vt 0.996751 0.041801
vt 0.980507 0.959271
vt 0.476498 0.625938
vt 0.294561 0.992497
vt 0.606452 0.942658
vt 0.996751 0.048231
vt 0.963826 0.455312
vt 0.913256 0.294748
vt 0.050897 0.989282
vt 0.799685 0.991961
vt 0.985922 0.739550
vt 0.246371 0.918542
vt 0.595622 0.509110
vt 0.877190 0.535906
vt 0.208468 0.926045
vt 0.291314 0.978564
vt 0.963826 0.476748
vt 0.980507 0.969989
vt 0.754359 0.972133
vt 0.898393 0.967846
vt 0.994585 0.485530
vt 0.272902 0.992497
vt 0.901642 0.967846
vt 0.884770 0.937835
vt 0.457546 0.924973
vt 0.980507 0.760986
vt 0.419100 0.989282
vt 0.977258 0.495713
vt 0.979965 0.356377
vt 0.753733 0.921758
vt 0.254493 0.803858
vt 0.985922 0.986066
vt 0.449424 0.821543
vt 0.996751 0.061093
vt 0.768894 0.430868
vt 0.975092 0.423365
vt 0.571256 0.718113
vt 0.994585 0.244373
vt 0.983756 0.707395
vt 0.541475 0.918542
vt 0.173272 0.696677
vt 0.955162 0.000000
vt 0.980507 0.894962
vt 0.975092 0.294748
vt 0.316220 0.989282
vt 0.259908 0.589496
vt 0.963826 0.541057
vt 0.638941 0.781350
vt 0.979965 0.436763
vt 0.994585 0.474812
vt 0.902098 0.919078
vt 0.213883 0.926045
vt 0.977258 0.225080
vt 0.996751 0.061093
vt 0.667722 0.967846
vt 0.963826 0.551775
vt 0.254493 0.825295
vt 0.240956 0.902465
vt 0.840736 0.871382
vt 0.988629 0.000000
vt 0.029239 0.994641
vt 0.835322 0.921758
vt 0.660600 0.625938
vt 1.000000 0.071811
vt 0.525231 0.596999
vt 0.270737 0.803858
vt 0.427222 0.989282
vt 0.823042 0.336549
vt 0.872402 0.946409
vt 0.747235 0.645230
vt 0.985922 0.010718
vt 0.703460 0.967846
vt 0.955162 0.021436
vt 0.429930 0.989282
vt 0.375782 0.989282
vt 0.222005 0.589496
vt 0.977258 0.383173
vt 0.263157 0.575563
vt 0.747235 0.773848
vt 0.975092 0.793140
vt 0.784942 0.989690
vt 0.785141 0.989516
vt 0.785374 0.989384
vt 0.785718 0.989282
vt 0.786151 0.989283
vt 0.786562 0.989419
vt 0.786854 0.989625
vt 0.787165 0.990052
vt 0.787267 0.990393
vt 0.787267 0.990822
vt 0.787128 0.991229
vt 0.786921 0.991519
vt 0.786722 0.991693
vt 0.786489 0.991825
vt 0.785712 0.991927
vt 0.785301 0.991790
vt 0.785009 0.991584
vt 0.784830 0.991386
vt 0.784698 0.991157
vt 0.784596 0.990816
vt 0.784596 0.990387
vt 0.264067 0.926045
vt 0.955162 0.042872
vt 0.441302 0.599142
vt 0.801851 0.991961
vt 0.292396 0.893891
vt 0.421267 0.973205
vt 0.747235 0.000000
vt 0.985922 0.803858
vt 0.996751 0.091104
vt 0.329217 0.851018
vt 0.768894 0.700965
vt 1.000000 0.096463
vt 0.930255 0.918542
vt 0.802934 0.991961
vt 0.724944 0.884877
vt 0.726411 0.883850
vt 0.728469 0.883172
vt 0.730637 0.883172
vt 0.732357 0.883689
vt 0.733510 0.884351
vt 0.734510 0.885226
vt 0.736232 0.888714
vt 0.736231 0.890862
vt 0.735710 0.892563
vt 0.735040 0.893704
vt 0.734157 0.894693
vt 0.732690 0.895721
vt 0.730632 0.896398
vt 0.726745 0.895881
vt 0.725591 0.895219
vt 0.724591 0.894345
vt 0.723554 0.892893
vt 0.722869 0.890856
vt 0.722870 0.888709
vt 0.723391 0.887007
vt 0.980507 0.819936
vt 0.440759 0.989282
vt 0.592915 0.900321
vt 0.996751 0.109325
vt 0.917259 0.919078
vt 0.860945 0.342980
vt 0.904891 0.967846
vt 0.422350 0.781350
vt 0.994585 0.255091
vt 0.275609 0.992497
vt 0.979965 0.501072
vt 0.996751 0.115755
vt 0.337879 0.992497
vt 0.568549 0.886388
vt 0.929171 0.117899
vt 0.829907 0.921758
vt 0.793261 0.940514
vt 0.291139 0.872454
vt 0.170023 0.707395
vt 0.804017 0.991961
vt 0.443467 0.989282
vt 0.259908 0.543408
vt 0.912927 0.203644
vt 0.908139 0.967846
vt 0.798676 0.892819
vt 0.921591 0.728832
vt 0.281567 0.757235
vt 0.736406 0.864951
vt 0.693088 0.882636
vt 0.928089 0.428724
vt 0.878273 0.342980
vt 0.671429 0.927653
vt 0.703917 0.802787
vt 0.422350 0.652733
vt 0.446174 0.989282
vt 0.448881 0.989282
vt 0.768894 0.700965
vt 0.994585 0.848874
vt 0.963826 0.562493
vt 0.985922 0.021436
vt 0.519816 0.650589
vt 0.930254 0.846731
vt 0.979965 0.533226
vt 0.994585 0.923901
vt 0.963826 0.583929
vt 0.928089 0.535906
vt 0.250702 0.989282
vt 0.687673 0.898714
vt 0.902564 0.991961
vt 0.075806 0.899785
vt 0.955162 0.064309
vt 0.994585 0.260450
vt 0.985922 0.026795
vt 0.596247 0.946409
vt 0.980507 0.254555
vt 0.975092 0.825295
vt 0.599496 0.946409
vt 0.955162 0.085745
vt 0.779724 0.914255
vt 0.985922 0.032154
vt 0.448424 0.956056
vt 0.081221 0.940514
vt 0.757067 0.972133
vt 0.996751 0.122186
vt 0.016244 0.994641
vt 0.162442 0.881029
vt 0.996751 0.128617
vt 0.698503 0.927653
vt 0.999458 0.128617
vt 0.963826 0.487466
vt 0.985922 0.037513
vt 0.376325 0.978564
vt 0.366037 0.845659
vt 0.329217 0.924973
vt 0.983756 0.621651
vt 0.895600 0.913183
vt 0.988629 0.048232
vt 0.983756 0.546624
vt 0.476498 0.904609
vt 0.768894 0.782422
vt 0.963826 0.385852
vt 0.732442 0.854233
vt 0.963826 0.616084
vt 0.457004 0.989282
vt 0.996751 0.147910
vt 0.334632 0.924973
vt 0.541475 0.797963
vt 0.980507 0.894962
vt 0.999458 0.147910
vt 0.895600 0.364416
vt 0.975092 0.310825
vt 0.766187 0.891747
vt 0.994044 0.787781
vt 0.459711 0.989282
vt 0.996751 0.160771
vt 0.828457 0.270096
vt 0.462418 0.989282
vt 0.765189 0.946409
vt 0.952996 0.085745
vt 0.449424 0.920150
vt 0.340046 0.924973
vt 0.383364 0.871918
vt 0.963826 0.626802
vt 0.159734 1.000000
vt 0.971843 0.680600
vt 0.385530 0.751876
vt 0.086636 0.881565
vt 0.979965 0.613612
vt 0.985922 0.080386
vt 0.462418 0.991961
vt 0.340046 0.789389
vt 0.570715 0.651125
vt 0.546890 0.918542
vt 0.895600 0.482315
vt 0.560509 0.970525
vt 1.000000 0.166130
vt 0.703917 0.853698
vt 0.715373 0.946409
vt 0.996751 0.172561
vt 0.963826 0.230232
vt 0.977258 0.640407
vt 0.750484 0.921758
vt 0.923757 0.793140
vt 0.885853 0.364416
vt 0.465126 0.991961
vt 0.994585 0.185423
vt 0.276152 0.922829
vt 0.774309 0.430868
vt 0.032489 0.860128
vt 0.284816 0.978564
vt 0.541475 0.404073
vt 0.977258 0.171490
vt 0.980507 0.803858
vt 0.963826 0.240950
vt 0.064977 0.854769
vt 0.318927 0.992497
vt 0.565841 0.718114
vt 0.932420 0.197749
vt 0.660600 0.676849
vt 0.000000 0.273312
vt 0.980507 0.375134
vt 0.113710 0.653805
vt 0.129954 0.273312
vt 0.473248 0.991961
vt 0.949748 0.045552
vt 0.195110 0.886388
vt 0.197279 0.886388
vt 0.199338 0.887066
vt 0.200805 0.888093
vt 0.201688 0.889082
vt 0.202357 0.890223
vt 0.202879 0.891925
vt 0.202195 0.896108
vt 0.201157 0.897559
vt 0.200158 0.898434
vt 0.199004 0.899097
vt 0.197285 0.899613
vt 0.195116 0.899613
vt 0.193057 0.898935
vt 0.190708 0.896919
vt 0.190039 0.895778
vt 0.189516 0.894076
vt 0.189516 0.891930
vt 0.190200 0.889894
vt 0.191239 0.888442
vt 0.192238 0.887567
vt 0.476498 0.733119
vt 0.592915 0.920686
vt 0.955162 0.168274
vt 0.951372 0.471597
vt 0.475955 0.991961
vt 0.988629 0.080386
vt 0.932420 0.284566
vt 0.955162 0.128617
vt 0.703917 0.770632
vt 0.478663 0.989282
vt 0.854448 0.192926
vt 0.337880 0.949625
vt 0.563758 0.946409
vt 0.160817 0.989282
vt 0.985922 0.091104
vt 0.806183 0.991961
vt 0.975092 0.712754
vt 0.863111 0.736870
vt 0.977258 0.691318
vt 0.498157 0.928188
vt 0.758065 0.171490
vt 0.960577 0.407288
vt 0.991336 0.101822
vt 0.540392 0.851554
vt 0.503572 0.928188
vt 0.996751 0.191854
vt 1.000000 0.197213
vt 0.994585 0.571275
vt 0.262073 0.989282
vt 0.983756 0.418006
vt 0.297811 0.978564
vt 0.321635 0.989282
vt 0.032488 0.994641
vt 0.246371 0.857449
vt 0.996751 0.203644
vt 0.667722 0.946409
vt 0.988629 0.112540
vt 0.081221 0.817256
vt 0.996751 0.210075
vt 0.979965 0.758306
vt 0.960577 0.857449
vt 0.999458 0.210075
vt 0.828457 0.540193
vt 0.991336 0.117899
vt 0.481370 0.991961
vt 0.951913 0.465166
vt 0.056312 0.994641
vt 0.454839 0.891211
vt 0.807266 0.991961
vt 0.929171 0.000000
vt 0.246371 0.886388
vt 0.985922 0.123258
vt 0.019493 0.994641
vt 0.774309 0.700965
vt 0.208468 0.881029
vt 0.508986 0.797963
vt 0.808349 0.991961
vt 0.481370 0.989282
vt 0.870692 0.886388
vt 0.996751 0.229367
vt 0.059019 0.994641
vt 0.909678 0.203644
vt 0.321635 0.992497
vt 0.994585 0.929260
vt 0.798676 0.886924
vt 0.994585 0.576634
vt 0.449424 0.885852
vt 0.971843 0.712754
vt 0.514401 0.928188
vt 0.963826 0.648238
vt 0.189516 0.928552
vt 0.886320 0.991961
vt 0.119124 0.836013
vt 0.081221 0.946409
vt 0.969241 0.669674
vt 0.342754 0.824223
vt 1.000000 0.240085
vt 0.755358 0.920686
vt 0.983756 0.718113
vt 0.233375 1.000000
vt 0.917259 0.793140
vt 0.983756 0.525187
vt 0.895600 0.600214
vt 0.969241 0.165923
vt 0.489492 0.991961
vt 0.059019 0.989282
vt 0.795968 0.270096
vt 0.955162 0.150054
vt 0.949748 0.932476
vt 0.290107 0.808146
vt 0.955162 0.857449
vt 0.809432 0.991961
vt 0.951914 0.728832
vt 0.759774 0.972133
vt 0.411521 0.540193
vt 0.606452 0.888531
vt 0.016244 0.886924
vt 1.000000 0.245444
vt 0.492199 0.989282
vt 0.871775 0.535906
vt 0.823669 0.967846
vt 0.980507 0.144695
vt 0.494907 0.989282
vt 0.919425 0.000000
vt 0.969241 0.680392
vt 0.161900 0.989282
vt 0.810515 0.991961
vt 0.373618 0.973205
vt 0.996751 0.251875
vt 0.422350 0.781350
vt 0.853365 0.868167
vt 0.983214 0.064309
vt 0.994585 0.196141
vt 0.913256 0.359057
vt 0.991336 0.133976
vt 0.735691 0.806002
vt 0.714747 0.270096
vt 0.718622 0.967846
vt 0.863111 0.578778
vt 0.330300 0.652733
vt 0.999458 0.251875
vt 0.246371 0.825295
vt 0.584793 0.739550
vt 0.985922 0.133976
vt 0.991336 0.265809
vt 1.000000 0.263665
vt 0.497614 0.989282
vt 0.887403 0.991961
vt 0.923757 0.793140
vt 0.909678 0.114684
vt 0.956873 0.946409
vt 0.923003 0.359057
vt 0.955162 0.192926
vt 0.975092 0.455520
vt 0.811598 0.991961
vt 0.086636 0.718113
vt 0.871775 0.707395
vt 0.918342 0.428724
vt 0.243664 0.946409
vt 0.963826 0.691110
vt 0.996751 0.270096
vt 0.878900 0.946409
vt 0.400149 0.991961
vt 0.813763 0.991961
vt 0.977258 0.819936
vt 0.865277 0.923901
vt 0.960577 0.428724
vt 0.096383 0.931940
vt 0.996751 0.282958
vt 0.999458 0.282958
vt 0.996751 0.295819
vt 0.557719 0.918542
vt 0.994585 0.206860
vt 0.979965 0.710075
vt 0.549138 0.952840
vt 0.898849 0.836013
vt 0.963826 0.262386
vt 0.503029 0.989282
vt 0.860945 0.364416
vt 0.932749 0.352626
vt 0.369286 0.904073
vt 0.721870 0.946409
vt 0.628111 0.840300
vt 0.988629 0.139335
vt 0.994585 0.934619
vt 0.362247 0.975348
vt 0.505736 0.989282
vt 0.301060 0.978564
vt 0.035737 0.994641
vt 0.814846 0.991961
vt 0.876107 0.886388
vt 0.602745 0.946409
vt 0.059562 0.928724
vt 0.994585 0.939978
vt 0.994585 0.945337
vt 0.541016 0.970525
vt 0.983214 0.131297
vt 0.921591 0.600214
vt 0.563134 0.918542
vt 0.815929 0.991961
vt 0.573964 0.857449
vt 0.996751 0.308681
vt 0.955162 0.235798
vt 0.991336 0.046088
vt 0.817012 0.991961
vt 0.969241 0.701829
vt 0.703917 0.863880
vt 1.000000 0.314040
vt 1.000000 0.319399
vt 0.340046 0.789389
vt 0.897149 0.991961
vt 0.971843 0.139335
vt 0.511151 0.989282
vt 0.985922 0.986066
vt 0.975092 0.873526
vt 0.971843 0.873526
vt 0.345461 0.879957
vt 0.996751 0.325830
vt 0.516566 0.989282
vt 0.798675 0.886924
vt 0.240956 0.915327
vt 0.434345 0.956056
vt 0.895600 0.921758
vt 0.760772 0.920686
vt 0.994585 0.067524
vt 0.092051 0.946409
vt 0.043318 0.889067
vt 0.595622 0.870311
vt 0.468376 0.800107
vt 0.985922 0.166131
vt 0.075807 0.899785
vt 0.690922 0.802786
vt 0.996751 0.332261
vt 0.980507 0.128617
vt 0.991336 0.176849
vt 0.006498 0.994641
vt 0.468376 0.924973
vt 0.991336 0.182208
vt 0.521981 0.989282
vt 0.524688 0.989282
vt 0.524688 0.991961
vt 0.530103 0.991961
vt 0.532810 0.989282
vt 0.847950 0.192926
vt 0.979965 0.262594
vt 0.538225 0.989282
vt 0.540932 0.989282
vt 0.850116 0.836013
vt 0.583251 0.946409
vt 0.497156 0.956056
vt 0.996751 0.338692
vt 0.543639 0.989282
vt 1.000000 0.944264
vt 0.925923 0.457663
vt 0.021659 0.934083
vt 0.979965 0.838692
vt 0.903647 0.991961
vt 0.994044 0.054127
vt 0.917725 0.991961
vt 0.994585 0.587353
vt 0.546347 0.989282
vt 0.819178 0.991961
vt 0.605994 0.946409
vt 0.119124 0.929260
vt 0.996751 0.345123
vt 0.655185 0.900321
vt 0.709958 0.967846
vt 0.945416 0.674169
vt 0.302143 0.916934
vt 0.945416 0.517149
vt 0.971843 0.246517
vt 0.549054 0.989282
vt 0.682258 0.733119
vt 0.069849 0.994641
vt 0.996751 0.351553
vt 0.994585 0.864951
vt 0.660599 0.733119
vt 0.551762 0.989282
vt 0.229043 0.989282
vt 0.969241 0.712547
vt 0.994585 0.308682
vt 0.768438 0.946409
vt 0.135369 0.929260
vt 0.994585 0.314041
vt 0.212799 1.000000
vt 0.554469 0.991961
vt 0.106129 0.931940
vt 0.977258 0.160772
vt 0.557176 0.989282
vt 0.904730 0.991961
vt 0.876107 0.918542
vt 0.345461 0.896034
vt 0.562591 0.989282
vt 0.016244 0.921222
vt 0.638941 0.929260
vt 0.996751 0.357984
vt 0.919754 0.359057
vt 0.941084 0.028939
vt 0.823669 0.946409
vt 0.649770 0.900321
vt 0.565298 0.989282
vt 1.000000 0.363343
vt 0.955162 0.278671
vt 0.660599 0.817792
vt 0.963826 0.471597
vt 0.922674 0.064309
vt 0.994044 0.593783
vt 0.996751 0.369774
vt 0.935669 0.050911
vt 0.276152 0.747052
vt 0.568006 0.989282
vt 0.994585 0.088960
vt 0.032489 0.934083
vt 0.979965 0.886924
vt 0.722869 0.883172
vt 0.910761 0.793140
vt 0.977258 0.913719
vt 0.649770 0.929260
vt 0.830166 0.967846
vt 0.272903 0.575563
vt 0.991336 0.198285
vt 0.570713 0.991961
vt 0.449424 0.842979
vt 0.045483 0.989282
vt 0.969241 0.262386
vt 0.445175 0.946409
vt 0.307558 0.887996
vt 0.979965 0.919078
vt 0.278317 0.992497
vt 0.977258 0.171490
vt 0.573421 0.989282
vt 0.584793 0.918542
vt 0.682258 0.882636
vt 0.874482 0.342980
vt 0.495450 0.823687
vt 0.960577 0.021436
vt 0.991336 0.088960
vt 0.064977 0.883708
vt 0.960577 0.471597
vt 0.994585 0.319400
vt 0.994585 0.913183
vt 0.709958 0.972133
vt 0.578835 0.989282
vt 0.396360 0.830118
vt 0.985922 0.198285
vt 0.975092 0.921758
vt 0.931337 0.423365
vt 0.946499 0.028939
vt 0.581543 0.989282
vt 0.820261 0.991961
vt 0.994585 0.950696
vt 0.072556 0.994641
vt 0.584250 0.989282
vt 0.758065 0.332261
vt 0.941084 0.057878
vt 0.714747 0.924973
vt 0.449424 0.735798
vt 0.821344 0.991961
vt 0.072556 0.989282
vt 0.157028 0.946409
vt 0.584250 0.991961
vt 0.167315 0.989282
vt 0.941084 0.115756
vt 0.994585 0.528403
vt 0.817627 0.336549
vt 0.449424 0.920150
vt 0.988629 0.219721
vt 0.977258 0.278671
vt 0.960577 0.964630
vt 0.999458 0.389067
vt 0.580003 0.967846
vt 0.843985 0.938371
vt 0.589665 0.989282
vt 0.660599 0.929260
vt 0.820334 0.810289
vt 0.963826 0.723265
vt 0.980507 0.080386
vt 0.822427 0.991961
vt 0.793261 0.915863
vt 0.885853 0.782422
vt 0.892351 0.750268
vt 0.592372 0.991961
vt 0.779724 0.918542
vt 0.996751 0.408359
vt 0.952455 0.905680
vt 0.994585 0.490890
vt 0.933503 0.757770
vt 0.889102 0.493033
vt 0.595622 0.846731
vt 0.996751 0.414790
vt 0.865277 0.875670
vt 0.951372 0.568060
vt 0.999458 0.414790
vt 0.985922 0.230439
vt 0.077971 0.994641
vt 0.728368 0.967846
vt 0.977258 0.945873
vt 0.595622 0.509110
vt 0.872858 0.000000
vt 0.401775 0.904073
vt 0.905347 0.685959
vt 0.823510 0.991961
vt 0.938918 0.757770
vt 0.077971 0.989282
vt 0.822980 0.810289
vt 0.720162 0.941586
vt 0.963826 0.064309
vt 0.407189 0.887996
vt 0.778184 0.967846
vt 0.977258 0.961950
vt 0.892351 0.878885
vt 0.905813 0.991961
vt 0.933503 0.815648
vt 1.000000 0.426580
vt 1.000000 0.431939
vt 0.991336 0.235798
vt 0.252868 0.989282
vt 0.994585 0.496249
vt 0.988629 0.884244
vt 0.996751 0.438370
vt 0.991336 0.241158
vt 0.498157 0.916934
vt 0.396360 0.826902
vt 0.597787 0.989282
vt 0.983756 0.300107
vt 0.969241 0.744701
vt 0.844371 0.929260
vt 0.882148 0.946409
vt 0.871775 0.915327
vt 0.891268 0.878885
vt 0.171646 1.000000
vt 0.083386 0.994641
vt 0.171646 0.989282
vt 0.830166 0.946409
vt 0.050897 0.994641
vt 0.054148 0.921222
vt 0.670346 0.848338
vt 0.948994 0.294748
vt 0.932420 0.112540
vt 0.584793 0.825295
vt 0.994585 0.330118
vt 0.824593 0.991961
vt 0.955162 0.300107
vt 0.842902 0.842444
vt 0.690465 0.946409
vt 0.603202 0.989282
vt 0.888486 0.991961
vt 0.108295 0.946409
vt 0.991336 0.900321
vt 0.963826 0.744701
vt 0.944333 0.873526
vt 0.323802 0.789389
vt 0.969241 0.766137
vt 0.173272 0.760986
vt 0.825676 0.991961
vt 0.969241 0.776855
vt 0.881521 0.939978
vt 0.329217 0.917470
vt 0.537767 0.946409
vt 0.793188 0.991961
vt 0.971843 0.359057
vt 0.162442 0.852090
vt 0.933503 0.844587
vt 0.612491 0.967846
vt 0.235542 0.825294
vt 0.826832 0.858521
vt 0.996751 0.457662
vt 0.609701 0.540193
vt 0.963826 0.487466
vt 0.092051 0.889603
vt 1.000000 0.463021
vt 0.855200 0.929260
vt 0.902098 0.685959
vt 0.288065 0.978564
vt 0.960577 0.064309
vt 0.907979 0.991961
vt 0.703917 0.831725
vt 0.823583 0.917470
vt 0.369286 0.896570
vt 0.655185 0.900321
vt 0.216590 0.273312
vt 0.213882 1.000000
vt 0.851199 0.728832
vt 0.097466 0.918542
vt 0.975092 0.937835
vt 0.605909 0.989282
vt 0.933503 0.873526
vt 0.994585 0.335477
vt 0.608616 0.989282
vt 0.608616 0.989282
vt 0.955162 0.878885
vt 0.920508 0.793140
vt 0.934586 0.393355
vt 0.238789 1.000000
vt 0.988629 0.900321
vt 0.983756 0.326902
vt 0.963826 0.787573
vt 0.934586 0.422294
vt 0.628111 0.540193
vt 0.934586 0.451232
vt 0.994585 0.609861
vt 0.940001 0.471597
vt 0.407189 0.698285
vt 0.779724 0.868167
vt 0.616739 0.989282
vt 0.728368 0.967846
vt 0.934586 0.529475
vt 0.991336 0.262594
vt 0.985922 0.262594
vt 0.340586 0.992497
vt 0.996751 0.469452
vt 0.173812 1.000000
vt 0.899315 0.991961
vt 0.975092 0.680600
vt 0.902098 0.857449
vt 0.963826 0.514469
vt 0.994585 0.212219
vt 0.932421 0.294748
vt 0.999459 0.469452
vt 0.619446 0.989282
vt 0.909388 0.310825
vt 0.969241 0.809010
vt 0.857696 0.557342
vt 0.910761 0.907824
vt 0.878273 0.000000
vt 0.622153 0.989282
vt 0.758065 0.364416
vt 0.373075 0.989282
vt 0.983214 0.259914
vt 0.086636 0.868167
vt 0.891268 0.364416
vt 0.922674 0.117899
vt 0.927006 0.857449
vt 0.827842 0.991961
vt 0.994585 0.956055
vt 0.955162 0.342980
vt 0.321095 0.952840
vt 0.975092 0.953912
vt 0.755358 0.870311
vt 0.519816 0.650589
vt 0.016244 0.921222
vt 0.934586 0.558414
vt 0.638941 0.884244
vt 0.296554 0.923365
vt 0.963826 0.819728
vt 1.000000 0.481242
vt 0.345461 0.924973
vt 0.885853 0.936763
vt 0.915093 0.643087
vt 0.952997 0.943194
vt 0.865277 0.857449
vt 0.833871 0.540193
vt 0.983756 0.568060
vt 0.854447 0.471597
vt 0.687673 0.802787
vt 0.660058 0.733119
vt 0.059562 0.946409
vt 0.991336 0.284030
vt 0.908139 0.946409
vt 0.909061 0.991961
vt 0.901481 0.991961
vt 0.000000 0.699357
vt 0.919891 0.991961
vt 0.016244 0.827974
vt 0.934586 0.587353
vt 0.931337 0.423365
vt 0.214965 1.000000
vt 0.911388 0.946409
vt 0.999459 0.481242
vt 0.632983 0.989282
vt 0.828925 0.991961
vt 0.928089 0.664523
vt 0.910144 0.991961
vt 0.932420 0.278671
vt 0.635690 0.991961
vt 0.910761 0.937835
vt 0.963826 0.000000
vt 0.924840 0.728832
vt 0.281024 0.992497
vt 0.955162 0.921758
vt 0.923757 0.857449
vt 0.866360 0.739550
vt 0.955162 0.364416
vt 0.988629 0.284030
vt 0.224711 0.989282
vt 0.960577 0.107181
vt 0.836664 0.967846
vt 0.598330 0.891747
vt 0.847950 0.203644
vt 0.032488 0.934083
vt 0.963826 0.841164
vt 0.003249 0.994641
vt 0.216047 1.000000
vt 0.116959 0.921758
vt 0.991336 0.300107
vt 0.963826 0.150054
vt 0.649770 0.884244
vt 0.963826 0.851882
vt 0.612491 0.946409
vt 0.983756 0.578778
vt 0.307558 0.904609
vt 0.457546 0.735798
vt 0.174895 1.000000
vt 0.963826 0.873318
vt 0.969241 0.873318
vt 0.960577 0.514469
vt 0.934586 0.645230
vt 0.219297 0.825295
vt 0.910761 0.936763
vt 1.000000 0.949623
vt 0.448424 0.970525
vt 0.895600 0.621650
vt 0.983214 0.905680
vt 0.955162 0.459807
vt 0.768894 0.885316
vt 0.994586 0.072883
vt 0.983756 0.643087
vt 0.931338 0.530546
vt 0.985922 0.300107
vt 0.934586 0.674169
vt 0.359540 0.751875
vt 0.102880 0.918542
vt 0.934586 0.703108
vt 0.991336 0.321543
vt 0.385530 0.698285
vt 0.643812 0.989282
vt 0.539309 0.880493
vt 0.994585 0.078242
vt 0.969241 0.433876
vt 0.246371 0.688639
vt 0.971843 0.953912
vt 0.175978 1.000000
vt 0.996751 0.500535
vt 0.643812 0.991961
vt 0.964860 0.135321
vt 0.964237 0.134449
vt 0.963826 0.133229
vt 0.963826 0.131942
vt 0.964138 0.130920
vt 0.964540 0.130234
vt 0.965070 0.129641
vt 0.967184 0.128617
vt 0.968485 0.128617
vt 0.969517 0.128927
vt 0.970209 0.129323
vt 0.970809 0.129848
vt 0.971432 0.130720
vt 0.971843 0.131941
vt 0.971531 0.134249
vt 0.971130 0.134935
vt 0.970600 0.135528
vt 0.969719 0.136145
vt 0.968485 0.136552
vt 0.967184 0.136552
vt 0.966152 0.136243
vt 0.985922 0.332261
vt 0.533894 0.938371
vt 0.083386 0.989282
vt 0.985922 0.332261
vt 0.963826 0.884036
vt 0.935669 0.028939
vt 0.401775 0.916935
vt 0.281567 0.808146
vt 0.994585 0.615220
vt 0.977258 0.980707
vt 0.492742 0.916934
vt 0.885853 0.750268
vt 0.086636 0.653805
vt 0.911227 0.991961
vt 0.955162 0.428724
vt 0.361705 0.851018
vt 0.651934 0.991961
vt 0.994585 0.620579
vt 0.994585 0.625938
vt 0.979965 0.645766
vt 0.177061 0.989282
vt 0.839913 0.967846
vt 0.977258 0.246517
vt 0.994585 0.631297
vt 0.472790 0.956056
vt 0.456546 0.956056
vt 0.431014 0.923365
vt 0.267487 0.989282
vt 0.059562 0.827974
vt 0.915093 0.458199
vt 0.963826 0.894755
vt 0.983214 0.000000
vt 0.994585 0.533762
vt 0.457546 0.800107
vt 0.736406 0.922829
vt 0.923757 0.919078
vt 0.779181 0.989282
vt 0.935669 0.057878
vt 0.768894 0.841372
vt 0.930255 0.918542
vt 0.767811 0.841372
vt 0.833256 0.991961
vt 0.580003 0.946409
vt 0.854447 0.385852
vt 0.969241 0.905473
vt 0.994585 0.506967
vt 0.741821 0.922829
vt 0.433180 0.859057
vt 0.219297 0.852090
vt 0.476498 0.596999
vt 0.839913 0.946409
vt 0.999459 0.500535
vt 0.834339 0.991961
vt 0.157028 0.938907
vt 0.935669 0.086817
vt 0.835422 0.991961
vt 0.173272 0.653805
vt 0.996751 0.513397
vt 0.000000 0.946409
vt 0.884770 0.000000
vt 0.928089 0.530547
vt 0.935669 0.115756
vt 0.983756 0.696677
vt 0.216047 0.989282
vt 0.891268 0.128617
vt 0.203053 0.881029
vt 0.177061 0.989282
vt 0.563758 0.970525
vt 0.891268 0.000000
vt 0.335714 0.599142
vt 0.960577 0.557342
vt 1.000000 0.518756
vt 0.318387 0.888531
vt 0.638940 0.540193
vt 0.983756 0.739550
vt 0.173272 0.931404
vt 0.781888 0.989282
vt 0.960577 0.857449
vt 0.985922 0.369775
vt 0.977258 0.415327
vt 0.994044 0.819935
vt 0.960577 0.150054
vt 0.410438 0.918006
vt 0.837588 0.991961
vt 0.955162 0.130761
vt 0.517650 0.896570
vt 0.657349 0.989282
vt 0.801383 0.540193
vt 0.838671 0.991961
vt 0.872858 0.085745
vt 0.179227 1.000000
vt 0.951372 0.632369
vt 0.999459 0.518755
vt 0.184101 0.819936
vt 0.860615 0.884244
vt 0.720162 0.767953
vt 0.308098 0.989282
vt 0.933503 0.889603
vt 0.038985 0.994641
vt 0.378490 0.991961
vt 0.839754 0.991961
vt 1.000000 0.530545
vt 0.372535 0.810825
vt 0.975092 0.375134
vt 0.108295 0.918542
vt 0.549138 0.956056
vt 0.173272 0.918542
vt 0.237706 1.000000
vt 0.988629 0.391211
vt 0.996751 0.536976
vt 0.996751 0.543407
vt 0.714747 0.540193
vt 0.184101 0.857449
vt 0.184102 0.886388
vt 0.270737 0.747052
vt 0.720162 0.831725
vt 0.901015 0.117899
vt 0.912310 0.991961
vt 0.224712 0.931404
vt 0.934586 0.728832
vt 0.994585 0.647374
vt 0.916176 0.117899
vt 0.991336 0.396570
vt 0.946499 0.093248
vt 0.230127 0.931404
vt 0.969241 0.519621
vt 0.917886 0.946409
vt 0.988629 0.396570
vt 0.971843 0.203644
vt 0.994585 0.512326
vt 0.527938 0.760450
vt 0.457546 0.797427
vt 0.911844 0.364416
vt 0.703917 0.892819
vt 0.988629 0.418006
vt 0.747235 0.364416
vt 0.829907 0.871383
vt 0.655185 0.679528
vt 0.975092 0.342980
vt 0.985922 0.418006
vt 0.239872 1.000000
vt 0.988629 0.423365
vt 0.094215 0.994641
vt 0.918342 0.600214
vt 0.392026 0.991961
vt 0.895600 0.750268
vt 0.979965 0.160772
vt 0.354125 0.978564
vt 0.994585 0.787781
vt 0.784596 0.989282
vt 0.922674 0.000000
vt 0.841920 0.991961
vt 0.235542 0.886388
vt 0.894983 0.991961
vt 0.140783 0.852090
vt 0.890652 0.991961
vt 0.930255 0.943194
vt 0.999459 0.549838
vt 0.573963 0.886388
vt 0.921135 0.946409
vt 0.043318 0.934083
vt 0.427016 0.946409
vt 0.946499 0.045552
vt 0.693713 0.946409
vt 0.381197 0.989282
vt 0.383904 0.991961
vt 0.539309 0.851554
vt 1.000000 0.566987
vt 0.996751 0.573418
vt 0.043318 0.934083
vt 0.096923 0.994641
vt 0.054148 0.892283
vt 0.971843 0.455520
vt 0.307558 0.821543
vt 0.985922 0.450161
vt 0.507904 0.854233
vt 0.994585 0.870310
vt 0.924384 0.967846
vt 0.924384 0.946409
vt 0.999459 0.573418
vt 0.943250 0.226688
vt 0.963826 0.643087
vt 0.955162 0.514469
vt 1.000000 0.591639
vt 0.337880 0.946409
vt 0.473791 0.864416
vt 0.265323 0.643087
vt 0.505278 0.956056
vt 0.351416 0.989282
vt 0.517650 0.854234
vt 0.994585 0.771704
vt 0.292396 0.922829
vt 0.673593 0.989282
vt 0.915093 0.457663
vt 0.954080 0.664523
vt 0.251786 0.918542
vt 0.844086 0.991961
vt 0.983756 0.353698
vt 0.676301 0.991961
vt 0.975092 0.986066
vt 0.281567 0.757235
vt 0.845168 0.991961
vt 0.928089 0.246517
vt 0.709332 0.921757
vt 0.679008 0.989282
vt 0.948665 0.226688
vt 0.679008 0.991961
vt 0.985922 0.471597
vt 0.411521 0.872454
vt 0.731617 0.946409
vt 0.684423 0.991961
vt 0.857696 0.739550
vt 0.843162 0.946409
vt 0.996751 0.598069
vt 0.747235 0.546624
vt 0.671429 0.625938
vt 0.847334 0.991961
vt 0.180310 1.000000
vt 0.327049 0.992497
vt 0.928089 0.728832
vt 0.568549 0.931404
vt 0.929501 0.353698
vt 0.010830 0.827974
vt 0.395277 0.978564
vt 1.000000 0.987136
vt 0.996751 0.610931
vt 0.971843 0.600214
vt 0.934586 0.418006
vt 0.181393 1.000000
vt 0.791180 0.946409
vt 0.096923 0.989282
vt 0.963826 0.664523
vt 0.217130 0.989282
vt 0.983214 0.048232
vt 0.703917 0.921758
vt 0.911844 0.364416
vt 0.955162 0.578778
vt 0.022742 0.994641
vt 0.980507 0.308146
vt 0.996751 0.617362
vt 0.983214 0.273312
vt 0.389862 0.540193
vt 0.999459 0.617362
vt 0.994585 0.966774
vt 0.371993 0.845659
vt 0.977258 0.294748
vt 0.768894 0.653805
vt 0.913393 0.991961
vt 0.296728 0.919614
vt 0.969241 0.959063
vt 0.963826 0.921758
vt 0.898849 0.364416
vt 0.348710 0.949625
vt 0.865277 0.886388
vt 0.857696 0.000000
vt 0.758065 0.000000
vt 0.307558 0.789389
vt 0.010830 0.946409
vt 0.996751 0.643085
vt 0.996751 0.649516
vt 0.181393 0.989282
vt 0.991336 0.121115
vt 0.963826 0.685959
vt 0.848417 0.991961
vt 0.902098 0.836013
vt 0.709332 0.921758
vt 0.969241 0.391003
vt 0.304309 0.978564
vt 0.914476 0.991961
vt 0.222005 0.819936
vt 0.468376 0.924973
vt 0.849500 0.991961
vt 0.994585 0.777063
vt 0.108295 0.889603
vt 0.009747 0.989282
vt 0.850116 0.884244
vt 0.048733 0.934083
vt 0.720162 0.733119
vt 0.951372 0.222401
vt 0.952997 0.857449
vt 0.994585 0.668810
vt 0.172731 0.653805
vt 0.994585 0.782422
vt 0.182476 0.989282
vt 0.850583 0.991961
vt 0.590208 0.825294
vt 1.000000 0.667737
vt 0.570256 0.946409
vt 0.999459 0.667737
vt 0.296728 0.887995
vt 0.579378 0.931404
vt 0.660599 0.877277
vt 0.963826 0.192926
vt 0.963826 0.305258
vt 0.996751 0.680599
vt 0.975092 0.487674
vt 1.000000 0.685958
vt 0.595622 0.720257
vt 0.541475 0.868167
vt 0.895600 0.913183
vt 0.270737 0.934083
vt 0.963826 0.315977
vt 0.967075 0.064309
vt 0.253237 0.881029
vt 0.183559 0.989282
vt 0.427765 0.923365
vt 0.955162 0.600214
vt 0.846411 0.946409
vt 0.994044 0.062165
vt 0.955162 0.621650
vt 0.963826 0.315977
vt 0.960577 0.192926
vt 0.185725 1.000000
vt 0.996751 0.692389
vt 0.025991 0.994641
vt 0.283732 0.992497
vt 0.246371 0.825295
vt 0.695252 0.989282
vt 0.343294 0.992497
vt 0.963826 0.391003
vt 0.219296 1.000000
vt 0.991336 0.509110
vt 0.994585 0.674169
vt 0.697960 0.991961
vt 0.994585 0.163987
vt 0.433180 0.735798
vt 0.996751 0.698820
vt 0.994585 0.399786
vt 0.996751 0.705250
vt 0.994585 0.831725
vt 0.852749 0.991961
vt 0.991336 0.674169
vt 0.963826 0.959063
vt 0.994585 0.972133
vt 0.186808 1.000000
vt 0.999459 0.705250
vt 0.021659 0.946409
vt 0.892818 0.991961
vt 0.219296 0.989282
vt 0.969241 0.980499
vt 0.988629 0.509110
vt 0.917259 0.793140
vt 0.009747 0.994641
vt 0.964238 0.138654
vt 0.964860 0.137783
vt 0.965459 0.137258
vt 0.966153 0.136861
vt 0.967185 0.136552
vt 0.968485 0.136552
vt 0.969719 0.136959
vt 0.971130 0.138169
vt 0.971531 0.138854
vt 0.971843 0.139876
vt 0.971843 0.141163
vt 0.971432 0.142385
vt 0.970809 0.143256
vt 0.970210 0.143780
vt 0.968484 0.144487
vt 0.967184 0.144487
vt 0.965951 0.144080
vt 0.965070 0.143463
vt 0.964539 0.142869
vt 0.964138 0.142184
vt 0.963826 0.141163
vt 0.985922 0.525187
vt 0.975092 0.632369
vt 0.994585 0.405145
vt 0.239872 0.989282
vt 0.162442 0.931940
vt 0.362788 0.938907
vt 0.994585 0.147910
vt 0.963826 0.235798
vt 0.996751 0.718112
vt 0.337880 0.978564
vt 0.219297 0.931940
vt 0.552305 0.889603
vt 0.779724 0.160772
vt 0.960577 0.257235
vt 0.269481 0.881029
vt 0.919425 0.294748
vt 0.671429 0.882637
vt 0.187891 1.000000
vt 0.977258 0.000000
vt 0.960577 0.685959
vt 0.924840 0.600214
vt 0.930255 0.787781
vt 0.062811 0.881565
vt 0.963826 0.519621
vt 0.714747 0.924973
vt 0.369286 0.933012
vt 0.329757 0.992497
vt 0.779724 0.918542
vt 0.187891 0.989282
vt 0.994585 0.410504
vt 0.854915 0.991961
vt 0.189516 0.946409
vt 0.648229 0.946409
vt 0.994585 0.217578
vt 0.951372 0.471597
vt 0.963826 0.401721
vt 0.983214 0.018757
vt 0.935669 0.168810
vt 0.994585 0.977492
vt 0.988629 0.530546
vt 0.943579 0.352626
vt 0.557719 0.918542
vt 0.991336 0.551983
vt 0.994585 0.684887
vt 0.994585 0.875670
vt 0.541475 0.868167
vt 0.418019 0.973205
vt 0.907512 0.857449
vt 0.994585 0.421222
vt 0.996751 0.724543
vt 0.794271 0.991961
vt 0.985922 0.551983
vt 0.590208 0.790461
vt 0.929172 0.246517
vt 0.725576 0.270096
vt 0.994585 0.426581
vt 0.758065 0.836013
vt 0.356291 0.824223
vt 0.985922 0.568060
vt 0.924840 0.428724
vt 0.081221 0.939442
vt 0.904264 0.117899
vt 0.994585 0.458735
vt 0.798676 0.892819
vt 0.994585 0.881029
vt 0.725576 0.733119
vt 1.000000 0.729902
vt 0.866360 0.107181
vt 0.374701 0.933012
vt 0.927633 0.946409
vt 0.980507 0.353698
vt 0.711497 0.989282
vt 0.037903 0.905144
vt 0.994585 0.431940
vt 0.849660 0.946409
vt 0.930254 0.846731
vt 0.999459 0.729902
vt 0.857081 0.991961
vt 0.969241 0.337413
vt 0.380116 0.933012
vt 0.476498 0.851018
vt 1.000000 0.747051
vt 0.411521 0.000000
vt 0.779724 0.270096
vt 0.738115 0.967846
vt 0.589749 0.967846
vt 0.858164 0.991961
vt 0.994585 0.517685
vt 0.307558 0.859593
vt 0.847950 0.385852
vt 0.860945 0.107181
vt 0.977258 0.032154
vt 0.207384 0.989282
vt 0.851199 0.535906
vt 0.991336 0.573419
vt 0.872402 0.967845
vt 1.000000 0.752410
vt 0.980507 0.937835
vt 0.329217 0.924973
vt 0.188974 0.989282
vt 0.977258 0.833333
vt 0.963826 0.064309
vt 0.963826 0.278671
vt 0.996751 0.758841
vt 0.190057 0.989282
vt 0.736406 0.922829
vt 0.955162 0.685959
vt 0.191140 0.989282
vt 0.254493 0.790461
vt 0.930882 0.946409
vt 0.925923 0.182208
vt 0.941084 0.939978
vt 0.385530 0.933012
vt 0.859247 0.991961
vt 0.722869 0.925337
vt 1.000000 0.769559
vt 0.725576 0.540193
vt 0.563134 0.889603
vt 0.390945 0.933012
vt 0.193305 1.000000
vt 0.994585 0.180064
vt 0.476498 0.596999
vt 0.888019 0.128617
vt 0.996751 0.775990
vt 0.276152 0.905144
vt 0.971843 0.391211
vt 0.736406 0.270096
vt 0.259908 0.946409
vt 0.193305 0.989282
vt 0.401775 0.933012
vt 0.332464 0.992497
vt 0.216590 0.273312
vt 0.950831 0.364416
vt 0.800926 0.967846
vt 0.882148 0.946409
vt 0.220379 0.989282
vt 0.433180 0.933012
vt 0.222005 0.790461
vt 0.996751 0.782421
vt 0.983214 0.241158
vt 0.438595 0.933012
vt 0.991336 0.594855
vt 0.979965 0.369775
vt 0.999458 0.782421
vt 0.999458 0.788851
vt 0.904264 0.359057
vt 0.882604 0.782422
vt 0.741364 0.967846
vt 0.914010 0.793140
vt 0.860330 0.991961
vt 0.967075 0.042872
vt 0.194388 0.989282
vt 0.354125 0.949625
vt 0.195471 0.989282
vt 1.000000 0.800641
vt 0.991336 0.600214
vt 0.951372 0.168810
vt 0.197637 1.000000
vt 0.938918 0.786709
vt 0.916176 0.294748
vt 0.444009 0.933012
vt 0.954080 0.568060
vt 0.980507 0.112540
vt 0.826832 0.917470
vt 0.994585 0.083601
vt 0.198720 1.000000
vt 0.372535 0.789389
vt 0.994585 0.982851
vt 0.385530 0.887995
vt 0.996751 0.807072
vt 0.922674 0.182208
vt 0.861413 0.991961
vt 0.568549 0.918542
vt 0.628111 0.781350
vt 0.888646 0.967846
vt 0.527397 0.851554
vt 0.985922 0.621650
vt 0.350876 0.924973
vt 0.862495 0.991961
vt 0.996751 0.813503
vt 0.985922 0.621650
vt 0.747235 0.463022
vt 0.606452 0.337621
vt 0.991336 0.627010
vt 0.476498 0.933011
vt 0.733156 0.989282
vt 0.979965 0.675241
vt 0.741364 0.946409
vt 0.991336 0.637728
vt 0.700211 0.967846
vt 0.999458 0.813503
vt 1.000000 0.825293
vt 0.481913 0.933011
vt 0.994585 0.442658
vt 1.000000 0.830652
vt 0.963826 0.541057
vt 0.839286 0.810289
vt 0.110460 0.994641
vt 0.963826 0.707395
vt 0.323802 0.917470
vt 0.037903 0.889067
vt 0.703917 0.831725
vt 0.883071 0.991961
vt 0.988629 0.637728
vt 0.863578 0.991961
vt 1.000000 0.836011
vt 0.864661 0.991961
vt 0.955162 0.836013
vt 0.222005 0.696677
vt 0.856157 0.967846
vt 0.865744 0.991961
vt 0.895600 0.493033
vt 0.994585 0.706324
vt 0.741278 0.991961
vt 0.983214 0.160772
vt 0.994585 0.988210
vt 0.281567 0.698285
vt 0.468376 0.851018
vt 0.926252 0.359057
vt 0.983214 0.016077
vt 0.935669 0.101822
vt 0.359538 0.992497
vt 0.988629 0.648446
vt 0.915093 0.557342
vt 0.373618 0.978564
vt 0.915093 0.728832
vt 0.977258 0.075027
vt 0.348710 0.978564
vt 0.980507 0.064309
vt 0.882604 0.450161
vt 0.934586 0.471597
vt 0.932749 0.348339
vt 0.198720 0.989282
vt 0.895600 0.836013
vt 0.631985 0.946409
vt 0.000000 0.889067
vt 0.994585 0.448017
vt 0.200886 1.000000
vt 0.135369 0.836013
vt 0.980507 0.080386
vt 0.408271 0.989282
vt 0.042234 0.994641
vt 0.980507 0.192926
vt 0.866827 0.991961
vt 0.517650 0.925509
vt 0.110460 0.989282
vt 0.915559 0.991961
vt 1.000000 0.005359
vt 0.768894 0.885316
vt 0.994585 0.711683
vt 0.289146 0.992497
vt 0.916642 0.991961
vt 0.867910 0.991961
vt 0.908595 0.793140
vt 1.000000 0.841370
vt 0.955162 0.707395
vt 0.971843 0.075027
vt 0.934586 0.525187
vt 0.476498 0.859057
vt 0.980507 0.064309
vt 0.221462 0.989282
vt 0.541475 0.730975
vt 0.389319 0.989282
vt 0.752650 0.943194
vt 0.868993 0.991961
vt 0.963826 0.342980
vt 0.994044 0.718114
vt 0.657976 0.946409
vt 0.854448 0.000000
vt 0.999458 0.841370
vt 0.870076 0.991961
vt 0.097465 0.868167
vt 0.421267 0.946409
vt 0.971843 0.085745
vt 0.980507 0.048232
vt 0.307558 0.933547
vt 0.312972 0.946409
vt 0.996751 0.854232
vt 0.994585 0.902465
vt 0.975092 0.519828
vt 0.332466 0.973205
vt 0.184102 0.857449
vt 0.779724 0.836013
vt 0.937379 0.967846
vt 1.000000 0.859591
vt 1.000000 0.864950
vt 0.991336 0.685959
vt 0.410978 0.991961
vt 0.892351 0.493033
vt 0.994585 0.886388
vt 0.983214 0.227760
vt 0.823042 0.540193
vt 0.980507 0.878885
vt 0.988629 0.696677
vt 0.389862 0.599142
vt 0.967075 0.128617
vt 0.167857 0.918542
vt 0.983756 0.428724
vt 0.081221 0.903001
vt 0.240955 0.989282
vt 0.570256 0.967846
vt 0.751110 0.967846
vt 0.312973 0.933547
vt 0.871159 0.991961
vt 0.955162 0.728832
vt 0.812212 0.540193
vt 0.937379 0.946409
vt 0.779724 0.868167
vt 0.955162 0.750268
vt 0.222545 0.989282
vt 0.201969 1.000000
vt 0.856157 0.946409
vt 0.894517 0.235798
vt 0.940628 0.946409
vt 0.201969 0.989282
vt 0.722869 0.887995
vt 0.216590 0.946409
vt 0.991336 0.702036
vt 0.356291 0.924973
vt 0.411521 0.933547
vt 0.329217 0.946409
vt 0.882604 0.535906
vt 0.994585 0.728832
vt 0.229043 1.000000
vt 0.194931 0.273312
vt 0.054148 0.860128
vt 0.994585 0.544480
vt 0.872242 0.991961
vt 0.994585 0.734191
vt 0.994585 0.549839
vt 0.996751 0.871381
vt 0.994585 0.739550
vt 0.366037 0.909968
vt 0.934586 0.627010
vt 0.635234 0.946409
vt 0.291854 0.992497
vt 0.975092 0.535906
vt 0.779724 0.810289
vt 0.354123 0.989282
vt 0.994585 0.555198
vt 0.340588 0.978564
vt 0.537143 0.851554
vt 0.396360 0.887996
vt 0.988629 0.702036
vt 0.785139 0.810289
vt 0.422350 0.840300
vt 0.427765 0.904609
vt 0.999458 0.871381
vt 0.203052 0.989282
vt 0.994585 0.843515
vt 0.985922 0.712754
vt 0.994585 0.744909
vt 0.994585 0.750268
vt 0.996751 0.884243
vt 0.016244 0.905144
vt 0.996751 0.890673
vt 0.996751 0.897104
vt 0.037903 0.946409
vt 0.335173 0.946409
vt 0.980507 0.112540
vt 0.350876 0.924973
vt 0.873325 0.991961
vt 0.996751 0.903535
vt 0.810673 0.967846
vt 0.606452 0.933547
vt 0.762937 0.989282
vt 0.064977 0.827974
vt 0.021659 0.860128
vt 0.754359 0.967846
vt 0.980507 0.262594
vt 0.541016 0.956056
vt 0.224711 1.000000
vt 0.246370 1.000000
vt 0.872858 0.160772
vt 0.233375 1.000000
vt 0.932420 0.225080
vt 0.874408 0.991961
vt 0.927005 0.916398
vt 0.820334 0.892819
vt 0.963826 0.771704
vt 0.204135 0.989282
vt 0.963826 0.793140
vt 0.963826 0.455312
vt 0.589749 0.946409
vt 0.628111 0.933548
vt 0.875491 0.991961
vt 0.633526 0.933547
vt 0.778641 0.927653
vt 0.994585 0.755627
vt 0.983214 0.868167
vt 0.866360 0.171490
vt 0.259365 1.000000
vt 0.869153 0.967846
vt 0.205218 0.989282
vt 0.983756 0.418006
vt 0.938164 0.352626
vt 0.876574 0.991961
vt 0.476498 0.000000
vt 0.931338 0.707395
vt 0.921591 0.535906
vt 0.991336 0.728832
vt 0.901015 0.235798
vt 0.877657 0.991961
vt 0.985922 0.728832
vt 0.994585 0.760986
vt 0.617281 0.781350
vt 0.994585 0.891747
vt 0.810673 0.946409
vt 0.872858 0.321543
vt 0.904264 0.225080
vt 0.996751 0.909966
vt 0.208467 0.989282
vt 0.000000 0.934083
vt 0.768352 0.989282
vt 0.671429 0.792068
vt 0.517650 0.918542
vt 1.000000 0.016077
vt 0.960577 0.793140
vt 0.954080 0.265273
vt 0.773766 0.989282
vt 0.991336 0.838156
vt 0.945416 0.422294
vt 0.963826 0.964630
vt 0.638941 0.872454
vt 0.971843 0.225080
vt 0.817171 0.967846
vt 0.917259 0.919078
vt 0.045483 0.994641
vt 0.988629 0.734191
vt 1.000000 0.920684
vt 0.209550 1.000000
vt 0.197638 0.881029
vt 0.433180 0.887996
vt 0.960577 0.814576
vt 0.641731 0.946409
vt 0.879822 0.991961
vt 0.994585 0.766345
vt 0.909678 0.310825
vt 0.938918 0.873526
vt 0.541475 0.568060
vt 0.773766 0.991961
vt 0.969241 0.369567
vt 0.880905 0.991961
vt 0.590208 0.889603
vt 0.977258 0.203644
vt 0.983214 0.192926
vt 0.789800 0.991229
vt 0.789593 0.991519
vt 0.789393 0.991693
vt 0.789160 0.991825
vt 0.788817 0.991927
vt 0.788383 0.991927
vt 0.787973 0.991790
vt 0.787502 0.991386
vt 0.787370 0.991157
vt 0.787267 0.990816
vt 0.787267 0.990387
vt 0.787406 0.989980
vt 0.787614 0.989690
vt 0.787813 0.989516
vt 0.788389 0.989282
vt 0.788823 0.989283
vt 0.789234 0.989419
vt 0.789526 0.989625
vt 0.789704 0.989824
vt 0.789836 0.990052
vt 0.789939 0.990393
vt 0.948665 0.517149
vt 0.457546 0.924973
vt 0.996751 0.927115
vt 0.528480 0.896570
vt 0.922674 0.246517
vt 0.210633 1.000000
vt 0.996751 0.933546
vt 0.985922 0.744909
vt 0.703460 0.967846
vt 0.954950 0.332261
vt 0.335172 0.992497
vt 0.896066 0.991961
vt 1.000000 0.960341
vt 0.994585 0.560557
s 0
f 2243/1/1 2234/2/1 2232/3/1
f 2853/4/1 2857/5/1 2854/6/1
f 2783/7/1 2774/8/1 2768/9/1
f 2159/10/2 2158/11/2 2146/12/2
f 2150/13/1 2135/14/1 2133/15/1
f 2859/16/3 2854/17/3 2858/18/3
f 153/19/4 147/20/4 152/21/4
f 2470/22/2 2469/23/2 2479/24/2
f 1158/25/3 1160/26/3 1161/27/3
f 2623/28/5 2609/29/5 2624/30/5
f 971/31/3 1083/32/3 974/33/3
f 654/34/6 675/35/6 653/36/6
f 3005/37/4 3011/38/4 3012/39/4
f 1302/40/2 1295/41/2 1300/42/2
f 3071/43/1 3074/44/1 3075/45/1
f 2096/46/1 2099/47/1 2097/48/1
f 478/49/3 317/50/3 476/51/3
f 1474/52/5 1476/53/5 1477/54/5
f 387/55/1 390/56/1 389/57/1
f 1194/58/4 1190/59/4 1191/60/4
f 2507/61/2 2489/62/2 2491/63/2
f 1387/64/4 1388/65/4 1385/66/4
f 414/67/1 523/68/1 516/69/1
f 1920/70/2 1919/71/2 1918/72/2
f 786/73/3 789/74/3 788/75/3
f 1704/76/1 1698/77/1 1705/78/1
f 364/79/1 369/80/1 368/81/1
f 1597/82/2 2802/83/2 2807/84/2
f 2334/85/5 2337/86/5 2323/87/5
f 1026/88/5 1169/89/5 1029/90/5
f 581/91/3 382/92/3 383/93/3
f 1266/94/2 1385/95/2 1388/96/2
f 2304/97/3 2309/98/3 2300/99/3
f 2673/100/2 2684/101/2 2671/102/2
f 948/103/2 1208/104/2 1210/105/2
f 2634/106/7 2644/107/7 2642/108/7
f 561/109/5 363/110/5 563/111/5
f 2320/112/1 2310/113/1 2308/114/1
f 2949/115/7 3086/116/7 3088/117/7
f 61/118/5 65/119/5 62/120/5
f 2672/121/3 2661/122/3 2665/123/3
f 1048/124/7 1047/125/7 1050/126/7
f 3473/127/2 3472/128/2 3470/129/2
f 2134/130/5 2123/131/5 2127/132/5
f 1710/133/5 1707/134/5 1706/135/5
f 3007/136/3 3005/137/3 3012/138/3
f 2146/139/3 2141/140/3 2142/141/3
f 706/142/8 724/143/8 725/144/8
f 172/145/7 176/146/7 175/147/7
f 3082/148/4 1903/149/4 2950/150/4
f 1070/151/4 987/152/4 835/153/4
f 3361/154/4 3358/155/4 3359/156/4
f 1320/157/5 1630/158/5 1656/159/5
f 1653/160/5 1649/161/5 1654/162/5
f 1369/163/2 1367/164/2 1524/165/2
f 2486/166/1 2477/167/1 2476/168/1
f 1826/169/2 1827/170/2 1825/171/2
f 890/172/7 390/173/7 891/174/7
f 444/175/1 344/176/1 347/177/1
f 2496/178/3 2500/179/3 2497/139/3
f 1987/180/7 1993/181/7 1988/182/7
f 490/183/7 489/184/7 493/185/7
f 2252/186/7 2243/187/7 2231/188/7
f 2924/189/4 2918/190/4 2922/191/4
f 1489/192/3 1492/193/3 1491/194/3
f 2193/195/2 2182/196/2 2181/197/2
f 1392/198/7 1503/199/7 1329/200/7
f 1922/201/2 1924/202/2 1928/203/2
f 1347/204/5 1687/205/5 1625/206/5
f 1488/207/2 1491/208/2 1277/209/2
f 3428/210/1 3430/211/1 3433/212/1
f 814/213/3 816/214/3 797/215/3
f 1275/216/5 1277/217/5 1276/218/5
f 1746/219/2 1747/220/2 1709/221/2
f 1132/222/5 1130/223/5 1134/224/5
f 3346/225/1 3216/226/1 3350/227/1
f 109/228/5 113/229/5 114/119/5
f 933/230/7 928/126/7 1067/231/7
f 873/232/5 876/233/5 877/234/5
f 2213/235/1 2200/236/1 2198/237/1
f 1147/238/2 931/239/2 1146/240/2
f 454/241/5 283/242/5 281/243/5
f 2485/244/4 2484/245/4 2482/246/4
f 2694/247/1 1591/248/1 1595/249/1
f 2492/250/5 2483/251/5 2485/252/5
f 1168/253/4 1164/254/4 1166/255/4
f 440/256/2 446/257/2 441/258/2
f 381/259/4 376/260/4 380/20/4
f 463/261/3 461/262/3 297/263/3
f 811/264/7 831/265/7 829/266/7
f 455/267/5 354/268/5 353/269/5
f 1472/270/4 1297/271/4 1302/272/4
f 2041/273/2 2044/274/2 2043/275/2
f 505/276/7 495/277/7 494/278/7
f 1688/279/5 1683/206/5 1689/280/5
f 2431/281/3 2427/282/3 2426/178/3
f 1341/283/4 1407/284/4 1411/285/4
f 3291/286/7 3288/287/7 3292/288/7
f 785/289/4 765/290/4 786/291/4
f 609/292/9 607/293/9 630/294/9
f 363/295/2 367/296/2 366/297/2
f 2377/298/5 2371/299/5 2382/300/5
f 1733/301/4 1728/302/4 1732/303/4
f 1791/304/5 1787/305/5 1793/306/5
f 1365/307/1 1679/308/1 1366/309/1
f 1483/310/1 1470/207/1 1297/311/1
f 363/312/4 566/244/4 563/313/4
f 2242/314/3 2229/315/3 2227/316/3
f 1072/317/3 1074/318/3 1069/319/3
f 1314/320/5 1316/321/5 1317/322/5
f 1614/323/4 1793/270/4 1615/272/4
f 1143/324/7 1139/325/7 1141/326/7
f 2460/327/2 1576/328/2 1579/329/2
f 771/330/3 775/331/3 772/332/3
f 2765/333/3 2766/334/3 2747/335/3
f 3444/336/1 3448/128/1 3446/337/1
f 3228/338/5 3231/339/5 3230/340/5
f 2700/341/2 2698/342/2 1592/343/2
f 489/344/5 492/345/5 267/346/5
f 3098/347/1 3101/348/1 3099/349/1
f 306/350/1 1019/351/1 1061/352/1
f 2868/353/4 2862/354/4 2866/355/4
f 2428/356/4 2426/357/4 2427/358/4
f 214/359/1 217/360/1 216/260/1
f 2289/361/7 2281/362/7 2288/363/7
f 1638/364/7 1661/365/7 1648/366/7
f 550/367/7 556/368/7 387/369/7
f 2387/370/1 2373/371/1 2378/372/1
f 1493/326/7 1495/373/7 1494/374/7
f 2390/375/4 2392/376/4 2389/377/4
f 2456/378/7 2458/379/7 2449/380/7
f 1174/381/5 1187/382/5 1173/383/5
f 708/384/10 733/385/10 732/386/10
f 1475/387/7 1473/388/7 1478/389/7
f 1199/390/4 1590/391/4 1198/392/4
f 2782/393/3 2767/394/3 2754/395/3
f 350/396/2 351/397/2 354/295/2
f 1823/398/4 1820/399/4 1821/400/4
f 683/401/11 667/402/11 666/403/11
f 1186/404/7 1184/405/7 1185/406/7
f 1800/407/1 1785/408/1 1801/409/1
f 32/410/2 29/411/2 30/412/2
f 2975/413/1 2977/414/1 2973/415/1
f 1960/416/1 1966/417/1 1964/418/1
f 433/419/3 136/420/3 135/421/3
f 450/422/7 441/423/7 446/368/7
f 1720/185/7 1722/424/7 1721/425/7
f 1851/426/5 1854/427/5 1852/428/5
f 630/294/12 611/429/12 610/430/12
f 2825/431/7 2821/432/7 2823/433/7
f 1696/434/3 1692/435/3 1693/436/3
f 3469/437/7 3473/438/7 3470/439/7
f 2742/440/2 2729/441/2 2743/442/2
f 1252/443/7 846/444/7 838/445/7
f 3472/446/4 3468/447/4 3471/448/4
f 2585/449/1 2617/450/1 2600/451/1
f 1254/452/4 1256/453/4 1253/454/4
f 2697/455/5 1594/456/5 1591/457/5
f 1925/203/1 1927/458/1 1926/201/1
f 41/459/5 42/460/5 38/461/5
f 1574/462/3 2446/463/3 2447/464/3
f 399/465/1 403/466/1 413/467/1
f 2955/468/4 1707/469/4 1709/470/4
f 937/471/7 1122/472/7 1121/473/7
f 2816/474/5 2820/475/5 2817/476/5
f 2131/477/7 2129/478/7 2130/479/7
f 3060/480/3 3054/481/3 3053/482/3
f 3370/483/4 3364/484/4 3367/485/4
f 1837/486/7 1875/487/7 1874/488/7
f 1114/489/5 1118/319/5 925/490/5
f 1381/491/7 1380/492/7 1383/493/7
f 122/494/7 124/495/7 128/496/7
f 845/497/4 844/498/4 2102/499/4
f 2000/500/2 1969/501/2 1997/502/2
f 3038/503/1 3043/504/1 3040/505/1
f 1528/506/7 1570/507/7 1529/508/7
f 1244/509/4 1598/510/4 1243/511/4
f 117/512/7 120/513/7 119/514/7
f 2247/515/2 2248/516/2 2249/517/2
f 1387/518/1 1389/519/1 1390/520/1
f 1602/521/4 1600/522/4 1601/523/4
f 3412/524/3 3416/525/3 3414/526/3
f 1540/527/2 1542/528/2 1543/529/2
f 2100/530/4 2097/531/4 2099/532/4
f 3286/533/3 3284/534/3 3283/535/3
f 937/536/1 1120/537/1 938/538/1
f 3080/539/3 1903/540/3 3078/541/3
f 1627/542/3 1629/543/3 1635/544/3
f 2430/545/3 2420/546/3 2417/547/3
f 924/548/1 1024/549/1 926/550/1
f 1762/551/4 1761/552/4 1760/553/4
f 840/554/4 850/555/4 841/556/4
f 345/557/2 346/534/2 348/558/2
f 352/559/7 455/560/7 452/423/7
f 1950/561/4 1944/562/4 1948/563/4
f 2931/564/1 2927/565/1 2926/566/1
f 1122/567/2 936/568/2 1123/569/2
f 1239/570/4 1240/571/4 1238/572/4
f 2538/8/1 2522/573/1 2539/574/1
f 996/575/7 860/69/7 999/576/7
f 3058/577/2 3060/578/2 3053/579/2
f 320/580/2 324/581/2 325/557/2
f 3207/582/4 3209/583/4 3206/584/4
f 2036/585/4 2031/586/4 2035/587/4
f 149/588/1 146/589/1 153/590/1
f 1661/591/3 1649/592/3 1643/593/3
f 313/594/7 458/595/7 317/596/7
f 889/597/4 978/598/4 1156/599/4
f 2341/600/2 2343/601/2 2330/602/2
f 1246/603/7 1236/604/7 977/605/7
f 2700/606/7 2685/607/7 2683/608/7
f 485/609/2 488/610/2 484/611/2
f 2071/612/7 2074/613/7 2069/614/7
f 86/615/1 89/616/1 85/617/1
f 613/618/4 616/619/4 599/620/4
f 918/621/5 1090/622/5 920/623/5
f 2147/624/3 2133/625/3 2138/626/3
f 2227/627/4 2228/628/4 2226/629/4
f 3324/630/4 3325/631/4 3323/632/4
f 2177/633/1 2179/634/1 2178/635/1
f 1747/636/4 1743/637/4 1709/638/4
f 346/542/1 856/639/1 1027/640/1
f 2833/641/2 2830/642/2 2835/643/2
f 2683/608/7 1590/644/7 2696/645/7
f 2523/646/5 2527/647/5 2525/455/5
f 1807/648/3 1810/280/3 1809/649/3
f 36/650/4 33/651/4 35/652/4
f 3068/653/4 3065/654/4 3064/655/4
f 1745/656/1 1743/657/1 1776/658/1
f 1170/659/7 1175/660/7 1174/661/7
f 1129/662/7 1133/663/7 1132/664/7
f 370/665/3 373/666/3 372/580/3
f 991/667/1 1101/668/1 1100/669/1
f 2106/670/4 2104/671/4 2105/672/4
f 2572/673/3 2560/674/3 2561/675/3
f 415/676/5 412/677/5 523/678/5
f 1818/679/7 1817/680/7 1822/681/7
f 3102/682/5 3105/683/5 3101/684/5
f 1149/685/5 1146/686/5 1148/687/5
f 2418/688/1 2403/689/1 2420/690/1
f 1597/691/3 1603/692/3 1602/693/3
f 679/694/13 647/695/13 691/696/13
f 529/697/5 532/698/5 868/699/5
f 477/700/5 481/701/5 458/702/5
f 2383/703/3 2357/704/3 2369/705/3
f 712/706/7 724/707/7 722/708/7
f 2454/709/4 2453/710/4 2452/711/4
f 1581/712/1 2450/713/1 1574/714/1
f 507/715/3 586/716/3 329/717/3
f 197/718/4 200/719/4 199/720/4
f 1257/721/1 1263/722/1 1258/723/1
f 2040/724/5 2043/725/5 2046/726/5
f 864/727/4 296/728/4 299/729/4
f 134/730/4 427/731/4 433/732/4
f 1933/733/2 1968/734/2 1970/735/2
f 74/736/5 76/737/5 75/738/5
f 458/739/5 316/740/5 318/697/5
f 3439/741/4 3436/742/4 3437/743/4
f 2989/433/7 2996/744/7 2991/745/7
f 2954/746/4 1772/747/4 2955/748/4
f 1850/749/1 1852/750/1 1855/751/1
f 1201/752/7 2700/606/7 2699/753/7
f 2480/754/5 2467/755/5 2466/756/5
f 3289/757/1 3293/758/1 3290/759/1
f 1751/760/7 1755/761/7 1750/762/7
f 67/763/1 62/764/1 66/765/1
f 1134/766/4 1128/767/4 1131/768/4
f 735/769/14 737/770/14 736/771/14
f 3275/772/5 3278/773/5 3279/725/5
f 1260/774/7 886/775/7 2344/776/7
f 448/777/5 285/778/5 447/779/5
f 2176/363/7 2189/780/7 2177/361/7
f 466/781/3 347/782/3 346/783/3
f 594/784/5 427/785/5 595/786/5
f 2122/787/2 2158/11/2 2145/788/2
f 112/789/4 114/790/4 113/791/4
f 333/792/1 336/793/1 334/794/1
f 853/795/5 1100/796/5 856/797/5
f 2985/798/4 2981/799/4 2987/800/4
f 814/801/7 799/802/7 798/803/7
f 683/401/15 664/804/15 665/805/15
f 1793/806/4 1790/807/4 1683/808/4
f 492/809/2 490/810/2 270/811/2
f 790/812/5 765/813/5 768/814/5
f 2335/815/5 2333/816/5 2331/817/5
f 194/818/1 198/819/1 197/820/1
f 1611/821/1 1614/822/1 1615/823/1
f 1312/824/3 1310/825/3 1309/826/3
f 1858/827/1 1859/828/1 1857/829/1
f 3440/830/2 3441/831/2 3442/832/2
f 1460/833/3 1459/834/3 1505/835/3
f 2540/836/3 2526/837/3 2524/838/3
f 2386/372/2 2398/839/2 2399/840/2
f 838/841/5 1107/842/5 845/843/5
f 878/844/4 877/845/4 876/846/4
f 2667/847/3 2658/848/3 2643/849/3
f 1195/850/1 2701/851/1 2697/852/1
f 429/853/1 435/854/1 432/855/1
f 1314/856/7 1566/173/7 1319/857/7
f 2383/858/2 2372/859/2 2371/860/2
f 1034/861/5 1032/862/5 1036/863/5
f 863/864/3 866/865/3 995/866/3
f 1366/867/7 1798/868/7 1800/869/7
f 955/870/3 1239/871/3 1238/872/3
f 883/873/5 1025/874/5 1128/875/5
f 989/876/2 1111/877/2 990/878/2
f 1534/879/5 1535/880/5 1299/881/5
f 749/882/7 754/883/7 753/884/7
f 2007/885/4 2006/886/4 2003/887/4
f 322/888/4 325/889/4 324/890/4
f 956/891/1 957/892/1 935/893/1
f 2324/894/7 2308/895/7 2304/896/7
f 270/897/7 269/898/7 273/899/7
f 2224/900/3 1251/901/3 2221/902/3
f 610/430/16 612/903/16 629/904/16
f 1633/905/1 1635/906/1 1632/907/1
f 2253/908/2 2238/909/2 2239/910/2
f 1720/911/3 1724/912/3 1723/913/3
f 1532/914/7 1531/576/7 1534/915/7
f 2536/916/2 2541/917/2 2540/918/2
f 2758/919/1 2751/920/1 2766/921/1
f 1552/922/7 1555/923/7 1554/924/7
f 2129/925/1 2128/926/1 2125/927/1
f 2243/928/5 2226/929/5 2228/930/5
f 1570/931/5 1571/932/5 1314/933/5
f 1437/934/4 1439/924/4 1443/935/4
f 1124/936/7 865/915/7 911/937/7
f 1125/938/1 951/939/1 950/940/1
f 1230/941/1 1226/942/1 1224/943/1
f 2517/894/7 2512/944/7 2528/945/7
f 1768/946/7 1764/947/7 1765/948/7
f 3036/949/3 3032/950/3 3030/951/3
f 2274/952/4 2273/953/4 2272/954/4
f 1485/955/4 1486/956/4 1483/957/4
f 955/958/4 969/959/4 1207/960/4
f 929/961/7 1000/957/7 1002/962/7
f 862/963/5 865/964/5 949/965/5
f 2222/776/7 2220/966/7 2223/967/7
f 2771/968/2 2775/969/2 2772/970/2
f 2292/971/3 2278/972/3 2293/973/3
f 818/974/7 795/975/7 822/976/7
f 1777/977/2 1669/978/2 1668/979/2
f 1061/980/1 923/981/1 1062/892/1
f 2634/982/5 2625/983/5 2623/28/5
f 2643/984/7 2645/985/7 2636/986/7
f 960/987/3 964/988/3 961/989/3
f 2302/990/3 2296/991/3 2295/992/3
f 81/993/7 84/994/7 83/995/7
f 257/996/4 837/997/4 256/998/4
f 2578/999/1 2565/1000/1 2553/1001/1
f 3159/1002/4 3158/1003/4 3160/1004/4
f 3022/1005/3 3024/1006/3 3028/1007/3
f 64/1008/7 67/1009/7 63/1010/7
f 2325/1011/7 2326/1012/7 2327/1013/7
f 3120/1014/4 3118/1015/4 3119/1016/4
f 2241/787/1 2267/1017/1 2269/1018/1
f 1523/1019/3 1282/1020/3 1524/1021/3
f 2580/1022/2 1212/84/2 2573/1023/2
f 924/1024/7 1020/1025/7 1019/1026/7
f 970/1027/7 967/1028/7 870/1029/7
f 1252/1030/1 845/1031/1 2102/1032/1
f 565/1033/5 568/1034/5 566/1035/5
f 2958/1036/2 2964/1037/2 2963/1038/2
f 2276/1039/7 2269/1040/7 2259/1041/7
f 1201/1042/1 2691/1043/1 2701/851/1
f 360/1044/4 357/1045/4 359/1046/4
f 2469/1047/3 2468/1048/3 2464/1049/3
f 3/1050/5 7/1051/5 2/737/5
f 679/694/17 690/1052/17 646/1053/17
f 1642/961/4 1639/1054/4 1640/1055/4
f 1040/1056/5 1210/1057/5 1211/1058/5
f 3299/1059/1 3298/1060/1 3297/1061/1
f 2843/1062/4 2844/1063/4 2842/1064/4
f 901/1065/2 975/1066/2 976/1067/2
f 3254/655/4 3255/1068/4 3253/1069/4
f 1398/1070/4 1334/1071/4 1340/1072/4
f 545/1073/5 386/1074/5 546/1075/5
f 1259/1076/3 2335/85/3 2329/1077/3
f 2037/1078/3 2031/1079/3 2038/1080/3
f 1334/1081/3 1338/1082/3 1337/1083/3
f 2432/1084/1 2419/1085/1 2418/688/1
f 2443/1086/4 2440/1087/4 2441/1088/4
f 759/1089/5 761/1090/5 760/1091/5
f 574/1092/5 384/1093/5 888/1094/5
f 1737/1095/3 1741/1096/3 1739/1097/3
f 2118/1098/7 2120/1099/7 2119/1100/7
f 1512/1101/2 1413/1102/2 1280/1103/2
f 1207/1104/1 1211/1105/1 1209/1106/1
f 271/1107/2 848/1108/2 272/1109/2
f 1547/1110/2 1534/1111/2 1299/1112/2
f 595/1113/1 246/1114/1 245/1115/1
f 1665/1116/4 1669/1117/4 1670/1118/4
f 448/1119/7 451/1120/7 453/1121/7
f 1584/1122/3 2578/1123/3 2576/1124/3
f 470/1125/5 459/1126/5 473/1127/5
f 435/1115/1 137/1128/1 136/1129/1
f 1107/1130/2 1110/1131/2 1113/1132/2
f 1972/1133/3 1975/1134/3 1976/1135/3
f 417/853/1 419/1136/1 529/1137/1
f 1490/1138/1 1276/1139/1 1492/1140/1
f 1143/1141/1 1144/1142/1 1145/1143/1
f 2460/1144/3 2449/1145/3 2458/1146/3
f 3360/1147/7 3356/1148/7 3355/1149/7
f 2725/1150/4 2724/1151/4 2723/1152/4
f 1817/1153/3 1820/1154/3 1824/1155/3
f 3380/1156/1 3383/1157/1 3385/225/1
f 397/1158/4 392/1159/4 395/1160/4
f 2075/1161/4 2068/1162/4 2072/1163/4
f 523/678/5 519/1164/5 524/1165/5
f 2362/1166/5 2364/1167/5 2363/1168/5
f 3478/1169/1 3479/1170/1 3475/414/1
f 2510/1171/3 2499/1172/3 2489/1173/3
f 703/1174/18 714/1175/18 699/1176/18
f 1589/1177/4 1586/1178/4 1587/1179/4
f 1098/1180/4 1101/1181/4 993/1182/4
f 1424/1183/2 1350/1184/2 1351/1185/2
f 525/1186/7 419/1187/7 527/1188/7
f 3177/800/4 3170/1189/4 3173/1190/4
f 1467/1191/3 1302/1140/3 1469/1139/3
f 2784/1192/1 2776/1193/1 2792/1194/1
f 298/1195/3 864/1196/3 299/1197/3
f 919/1198/1 1086/1132/1 917/1199/1
f 1196/1200/3 1198/1201/3 1590/1202/3
f 479/1203/7 480/1204/7 477/1205/7
f 1789/592/1 1793/1206/1 1683/1207/1
f 378/1208/1 379/1209/1 381/1210/1
f 2503/1211/7 2506/1212/7 2487/1213/7
f 1894/1214/2 1898/1215/2 1896/1216/2
f 2744/1217/1 2746/517/1 2749/1218/1
f 2351/1219/1 2370/1220/1 2382/1221/1
f 902/1222/5 906/1223/5 903/1224/5
f 40/1225/1 38/1226/1 37/460/1
f 830/1227/4 795/1228/4 817/1229/4
f 2798/1230/2 2790/1231/2 2789/1232/2
f 105/1233/7 108/1234/7 107/1235/7
f 852/1236/2 327/1237/2 329/1238/2
f 2341/1239/7 2340/1100/7 2342/1099/7
f 165/1240/1 163/1241/1 167/1242/1
f 2636/1243/2 2637/1244/2 2627/1245/2
f 2419/1246/5 2402/1247/5 2403/1248/5
f 453/1249/5 455/51/5 454/1250/5
f 301/1251/2 304/1252/2 303/1253/2
f 1200/1254/5 1201/1255/5 1199/1256/5
f 636/1257/19 624/1258/19 599/1259/19
f 1781/1260/3 1668/1261/3 1782/1262/3
f 310/1263/4 309/1264/4 312/1265/4
f 1597/1266/7 2103/1267/7 2814/1268/7
f 3152/1269/2 3153/1270/2 3151/1271/2
f 2735/1272/3 2747/335/3 2766/334/3
f 832/1273/3 835/1274/3 987/1275/3
f 1336/1276/5 1339/1277/5 1338/1278/5
f 3450/1279/4 3446/1280/4 3448/1281/4
f 1084/1282/2 1085/1199/2 1083/1283/2
f 2694/1284/5 2683/1285/5 2685/1286/5
f 1320/1287/2 1319/1288/2 1566/1289/2
f 2186/1290/7 2191/1291/7 2194/1292/7
f 1274/1293/1 1455/1294/1 1272/1295/1
f 3300/1296/4 3301/1297/4 3299/1298/4
f 700/1299/20 704/1300/20 705/1301/20
f 2186/1302/5 2175/1303/5 2189/1304/5
f 2279/1305/1 2269/1018/1 2267/1017/1
f 1455/1306/7 1456/1307/7 1453/1308/7
f 166/1309/5 169/146/5 163/1310/5
f 2815/1311/1 2809/1312/1 2805/1217/1
f 4/1313/2 6/1314/2 7/1315/2
f 783/1316/5 784/1317/5 787/1318/5
f 1556/1319/1 1552/1320/1 1554/1321/1
f 2369/1322/7 2351/1323/7 2357/1324/7
f 1843/867/2 1847/1325/2 1845/1326/2
f 2873/355/4 2875/1327/4 2874/1328/4
f 2535/1329/4 2534/1330/4 2533/1177/4
f 235/1331/4 236/1332/4 232/1333/4
f 1214/1334/4 1583/1335/4 1215/1336/4
f 2505/1337/3 2486/1338/3 2474/1339/3
f 2090/1340/5 2085/1341/5 2088/1342/5
f 2244/1343/2 2231/1344/2 2255/1345/2
f 2521/1346/3 2509/1347/3 2510/1171/3
f 3294/1348/4 3290/1349/4 3293/1350/4
f 1822/1351/2 1824/1352/2 1823/1353/2
f 1995/1354/3 2006/1355/3 3085/1356/3
f 1505/1357/4 1462/1308/4 1361/1358/4
f 2971/1359/3 2970/1360/3 2972/1361/3
f 2221/902/3 2211/1362/3 2201/1363/3
f 668/1364/21 660/1365/21 682/1366/21
f 796/1367/5 797/1368/5 800/1369/5
f 3121/1370/2 3115/1371/2 3120/1372/2
f 556/1373/5 391/1374/5 390/1375/5
f 1538/1376/7 1517/1377/7 1536/1378/7
f 491/1379/2 263/1380/2 589/1381/2
f 3259/1069/7 3262/1382/7 3258/1383/7
f 2747/1384/7 2744/1385/7 2756/1386/7
f 1236/1387/5 1240/1388/5 1245/1389/5
f 848/1390/3 849/1391/3 1094/1392/3
f 2187/1393/4 2184/1394/4 2185/1395/4
f 2070/1396/2 2072/1397/2 2068/1398/2
f 195/1399/2 199/1400/2 200/1401/2
f 201/1402/5 200/1403/5 198/1404/5
f 821/1405/3 763/1406/3 805/1407/3
f 2838/1408/5 2843/1409/5 2842/1410/5
f 2312/1411/5 2302/1412/5 2291/1413/5
f 409/1414/2 537/1415/2 535/1416/2
f 639/1417/22 596/1418/22 627/1419/22
f 2860/1420/4 2854/1064/4 2857/1421/4
f 416/1422/2 407/1423/2 526/1424/2
f 2827/1425/4 2822/1426/4 2826/1427/4
f 1800/1428/2 1802/1429/2 1801/1430/2
f 1569/1431/1 1314/1432/1 1315/1433/1
f 1566/1434/3 1318/1435/3 1320/1436/3
f 1371/1437/7 1370/1438/7 1677/1439/7
f 797/1440/2 762/1441/2 810/1442/2
f 1534/1443/3 1298/824/3 1299/1444/3
f 1468/1445/7 1481/1446/7 1471/1447/7
f 567/1448/5 577/1449/5 568/1034/5
f 1097/1450/4 1093/1451/4 1098/766/4
f 2407/1452/3 2395/1453/3 2394/1454/3
f 2190/1455/7 2195/1456/7 2204/1457/7
f 1015/1458/4 1083/1459/4 973/1460/4
f 2065/1461/3 2063/1462/3 2067/1463/3
f 1781/1464/4 1326/1465/4 1325/1466/4
f 568/1467/2 569/1468/2 291/1469/2
f 1251/425/4 1094/1470/4 849/1471/4
f 124/1472/1 121/1473/1 127/1474/1
f 1055/1475/3 1207/1476/3 969/1477/3
f 1050/1478/5 1053/1479/5 1051/1480/5
f 3350/1481/7 2092/1482/7 2093/634/7
f 2626/1483/3 2603/1484/3 2608/1485/3
f 865/1486/4 866/1487/4 949/1488/4
f 1094/1489/3 1098/1490/3 1093/1491/3
f 254/1492/1 482/1493/1 483/1494/1
f 2921/1495/7 2920/1496/7 2919/1497/7
f 1524/1498/7 1365/1499/7 1533/1500/7
f 1345/1501/1 1338/1502/1 1343/1503/1
f 2648/1504/3 2635/1505/3 2637/1506/3
f 1623/1507/3 1622/649/3 1624/1508/3
f 2654/954/4 2651/1509/4 2652/1510/4
f 547/1511/2 558/1512/2 559/1513/2
f 154/1514/5 158/1515/5 156/1402/5
f 3141/1516/2 3144/1517/2 3143/1518/2
f 1188/1519/2 1186/1520/2 1185/1521/2
f 706/1522/4 697/1523/4 738/1524/4
f 2339/1525/7 2343/1456/7 2330/1526/7
f 2792/1194/1 2763/1527/1 2758/919/1
f 1715/1528/5 1718/1529/5 1716/1530/5
f 1341/1531/3 1343/1532/3 1342/1533/3
f 2202/1534/2 2176/1535/2 2175/1536/2
f 228/1537/7 226/1538/7 227/1539/7
f 2334/1540/1 1260/1541/1 2344/1542/1
f 3128/1543/4 3126/1544/4 3125/1545/4
f 420/1546/5 409/1547/5 534/1548/5
f 2158/1549/3 2128/1485/3 2145/1550/3
f 2247/1551/3 2230/1552/3 2252/1553/3
f 1345/1554/5 1344/1555/5 1343/1556/5
f 2791/1557/2 2765/1558/2 2777/1559/2
f 499/1560/7 497/1561/7 500/1562/7
f 699/1176/23 715/1563/23 698/1564/23
f 2477/1565/4 2475/1566/4 2476/1567/4
f 2788/1568/4 2785/1569/4 2786/1570/4
f 921/1571/1 925/1572/1 922/1573/1
f 1561/1574/5 1560/1575/5 1566/1576/5
f 2423/1577/1 2409/1578/1 2413/1579/1
f 953/1580/2 955/1573/2 954/1572/2
f 2393/1581/1 2377/1582/1 2395/1583/1
f 2562/1584/7 2558/1585/7 2553/1586/7
f 3166/1587/4 3168/1588/4 3167/1589/4
f 2754/395/3 2755/1590/3 2757/1591/3
f 1217/1592/3 2581/1593/3 1212/1594/3
f 355/1595/4 354/1596/4 351/1597/4
f 233/1598/3 236/1599/3 234/1414/3
f 1174/1600/2 1163/1601/2 1173/1602/2
f 2132/1603/2 2112/1604/2 2115/1605/2
f 2823/1606/2 2828/1607/2 2827/1608/2
f 1587/1609/1 2579/1610/1 1589/1611/1
f 3438/1545/7 3442/1612/7 3441/1613/7
f 2771/1614/3 2758/1615/3 2765/333/3
f 39/1616/2 44/1617/2 42/1618/2
f 3116/1619/7 3117/1620/7 3121/1621/7
f 1157/1622/7 1156/1623/7 898/1624/7
f 2091/1625/4 2085/1626/4 2089/946/4
f 2607/1627/4 2605/1628/4 2606/1629/4
f 317/1630/1 318/1631/1 314/176/1
f 2048/1513/1 2052/1632/1 2051/1633/1
f 2042/1634/7 2040/652/7 2039/1635/7
f 2202/1636/3 2185/1637/3 2184/836/3
f 839/1315/1 840/1638/1 841/1313/1
f 2000/1639/7 1998/1640/7 1996/1641/7
f 1564/1642/1 1565/1643/1 1289/1191/1
f 1596/1644/5 2807/1645/5 2815/1646/5
f 2719/1647/7 2733/1648/7 2734/1649/7
f 1280/1650/3 1514/1651/3 1512/1652/3
f 1486/1653/7 1312/1654/7 1483/1655/7
f 2543/1656/5 2518/1657/5 2520/1658/5
f 2991/1659/2 2995/1660/2 2994/1661/2
f 1269/1662/7 1406/1663/7 1408/1664/7
f 248/1665/3 250/1666/3 249/1667/3
f 2197/1668/3 2194/1669/3 2191/1670/3
f 471/1671/3 469/1672/3 474/1673/3
f 2487/1213/7 2495/1674/7 2492/1675/7
f 1440/1676/5 1437/1677/5 1443/1678/5
f 3363/1679/1 3367/1680/1 3364/1156/1
f 2578/1681/7 1583/1682/7 2564/1683/7
f 1241/1684/5 2817/476/5 1244/1685/5
f 2247/1686/7 2241/1687/7 2255/1688/7
f 2241/1687/7 2244/1682/7 2255/1688/7
f 2130/1689/1 2114/1690/1 2113/1691/1
f 2250/1692/7 2251/1693/7 2247/1686/7
f 1588/1694/7 1584/1695/7 2579/1696/7
f 1273/1697/4 1293/285/4 1303/284/4
f 1837/1698/7 1834/1699/7 2949/1700/7
f 1874/1701/3 1872/1702/3 1876/1703/3
f 509/1704/3 510/1705/3 512/1598/3
f 3259/1706/5 3260/1707/5 3261/1708/5
f 1679/1709/4 1374/1710/4 1373/1711/4
f 3212/1712/5 3214/1713/5 2001/540/5
f 579/1714/1 558/1715/1 370/1716/1
f 602/1717/24 620/1718/24 601/1719/24
f 507/1720/2 503/1721/2 506/1722/2
f 426/1723/2 427/1724/2 241/1725/2
f 1322/1726/3 1323/1727/3 1781/1728/3
f 2733/1729/2 2707/1730/2 2734/1731/2
f 2672/1732/2 2650/1733/2 2646/1734/2
f 2364/1735/2 2346/1736/2 2345/1737/2
f 732/386/25 692/1738/25 734/1739/25
f 404/1740/1 409/1741/1 405/1742/1
f 3413/1743/5 3418/1744/5 3415/1745/5
f 1335/1746/2 1393/1747/2 1334/1748/2
f 302/1749/3 306/1750/3 304/1751/3
f 3025/1752/2 3028/1753/2 3027/1754/2
f 473/1127/5 280/1755/5 276/1756/5
f 1352/1757/2 1616/1758/2 1622/1759/2
f 479/1760/1 458/1761/1 317/1630/1
f 586/1762/4 503/1763/4 329/1764/4
f 1715/1765/7 1711/400/7 1713/1766/7
f 424/1767/5 542/1768/5 541/1769/5
f 2559/1770/7 2542/1771/7 2547/1772/7
f 1180/1773/5 1183/1774/5 1181/1775/5
f 3406/1776/2 3409/1777/2 3410/1778/2
f 501/1779/1 342/1780/1 341/1781/1
f 1667/1782/3 1670/1783/3 1669/1784/3
f 321/1785/1 323/1786/1 322/1787/1
f 1086/1788/4 1085/1789/4 917/1790/4
f 207/1791/5 202/1792/5 209/1793/5
f 1203/1794/5 1204/1795/5 1206/1796/5
f 571/1797/7 579/278/7 580/277/7
f 807/1798/4 800/1799/4 797/1800/4
f 591/1801/1 485/1802/1 590/1803/1
f 1599/1804/5 1601/1805/5 1600/1806/5
f 819/1807/2 821/1808/2 818/1809/2
f 370/1810/7 557/1811/7 371/997/7
f 903/1812/1 1137/1813/1 902/1814/1
f 2244/1815/3 2225/1553/3 2242/314/3
f 2448/1816/7 2438/1817/7 2442/1818/7
f 1148/1819/4 931/1820/4 1169/1821/4
f 1638/1822/3 1646/1823/3 1645/1824/3
f 1701/1825/3 1704/1826/3 1702/1827/3
f 1908/1828/5 1912/1829/5 1910/1830/5
f 1634/680/2 1631/1831/2 1636/1832/2
f 1420/1833/1 1425/1834/1 1424/1835/1
f 1561/1836/3 1289/1837/3 1566/1838/3
f 1575/1839/5 1234/1840/5 2450/1841/5
f 1582/1842/3 1577/1843/3 1576/1844/3
f 2599/1845/4 2595/1846/4 2598/1847/4
f 1036/1848/1 1033/1849/1 1034/1850/1
f 680/1851/26 690/1052/26 689/1852/26
f 526/1853/2 159/1781/2 156/1780/2
f 392/1854/3 540/1855/3 539/1853/3
f 820/1856/1 822/1857/1 802/1858/1
f 2241/1859/5 2231/1860/5 2243/928/5
f 2559/1861/1 2549/1610/1 2548/1862/1
f 1695/1863/2 1693/1864/2 1697/1865/2
f 760/1866/4 757/1867/4 787/1868/4
f 2308/114/1 2299/1869/1 2309/1870/1
f 319/1871/4 273/1872/4 321/1873/4
f 1862/1874/2 1856/1875/2 1861/1876/2
f 228/1877/3 231/1878/3 229/1879/3
f 2393/1880/3 2417/547/3 2420/546/3
f 838/1881/1 835/1882/1 845/1031/1
f 2519/1883/5 2491/1884/5 2490/1885/5
f 2832/1886/5 2835/1887/5 2834/1888/5
f 2216/1889/7 2214/1890/7 1252/1891/7
f 437/1892/7 440/1893/7 438/1894/7
f 1903/1895/7 1901/1896/7 1875/1897/7
f 2611/1898/7 2585/1899/7 2590/1900/7
f 3227/1901/3 3224/1902/3 3229/1903/3
f 1620/1904/5 1622/159/5 1619/1905/5
f 2101/1906/2 3218/1398/2 2100/1907/2
f 2690/329/2 2678/1908/2 2677/1909/2
f 2087/1910/7 2090/1911/7 2086/1625/7
f 1757/1912/2 1763/1913/2 1762/1914/2
f 3297/1016/7 3296/1915/7 3302/1296/7
f 1724/1916/4 1726/1917/4 1723/1918/4
f 874/1919/2 878/1920/2 876/1921/2
f 3379/1922/3 3385/1923/3 3384/1924/3
f 1508/1925/1 1460/1926/1 1505/1927/1
f 1284/1928/7 1546/1929/7 1541/1930/7
f 1007/1931/5 907/1932/5 1008/1933/5
f 2388/1934/3 2389/1935/3 2392/1936/3
f 148/1937/3 153/1938/3 152/1939/3
f 1331/1940/4 1332/1941/4 1330/1942/4
f 3063/1943/7 3067/1944/7 3066/1945/7
f 1544/1930/4 1543/1946/4 1545/1928/4
f 2093/1947/7 2064/1948/7 3216/1949/7
f 1951/1950/3 1952/1951/3 1958/1952/3
f 2397/1953/5 2385/1954/5 2387/1955/5
f 3308/1956/7 3304/1957/7 3311/1958/7
f 870/1959/4 1019/1960/4 884/1961/4
f 1691/1962/5 1697/1963/5 1694/1964/5
f 1320/1965/3 1658/1508/3 1656/1966/3
f 2465/1967/1 2471/1968/1 2488/1969/1
f 2179/1970/5 2159/1971/5 2155/1972/5
f 2093/1973/3 2094/1974/3 2063/1462/3
f 2766/921/1 2752/1975/1 2735/1976/1
f 122/1977/2 126/1978/2 125/1979/2
f 854/1238/2 332/1980/2 502/1981/2
f 1233/1982/3 1574/462/3 1235/1983/3
f 1993/1984/5 1992/1985/5 1994/1986/5
f 1989/1987/2 1990/70/2 1992/1988/2
f 1316/1989/4 1318/1990/4 1317/1991/4
f 1029/1992/4 1030/1993/4 1028/959/4
f 219/1994/3 223/1995/3 222/1937/3
f 485/1996/7 589/1997/7 590/1998/7
f 1662/1999/1 1663/2000/1 1649/2001/1
f 3381/2002/7 3379/2003/7 3382/2004/7
f 1162/2005/5 1166/2006/5 1164/2007/5
f 2564/2008/5 2563/2009/5 2565/2010/5
f 701/2011/27 707/2012/27 724/143/27
f 1818/2013/5 1823/2014/5 1821/2015/5
f 1413/2016/1 1417/2017/1 1412/1642/1
f 3157/2018/5 3159/2019/5 3160/2020/5
f 3197/2021/7 3200/2022/7 3199/2023/7
f 2693/2024/3 1595/2025/3 1593/2026/3
f 1677/2027/5 1680/2028/5 1679/2029/5
f 1503/2030/4 1502/1819/4 1501/2031/4
f 1247/2032/3 1248/2033/3 1250/2034/3
f 758/2035/3 787/2036/3 757/2037/3
f 2573/1023/2 2572/2038/2 2571/2039/2
f 1549/2040/5 1547/2041/5 1312/2042/5
f 1664/2043/5 1659/2044/5 1663/2045/5
f 2209/2046/2 2201/2047/2 2212/2048/2
f 69/2049/7 72/2050/7 71/2051/7
f 891/2052/3 1084/2053/3 887/2054/3
f 3163/2055/3 3168/2056/3 3162/2057/3
f 3020/2058/3 3015/2059/3 3014/2060/3
f 336/2061/4 335/2062/4 854/2063/4
f 1298/2064/1 1301/2065/1 1296/2066/1
f 3251/2067/1 3253/2068/1 3255/2069/1
f 79/2070/2 77/2071/2 78/2072/2
f 1331/2073/1 1640/2074/1 1796/2075/1
f 851/2076/1 856/639/1 853/2077/1
f 1998/2078/1 3085/2079/1 1999/2080/1
f 286/2081/4 283/2082/4 284/2083/4
f 1945/2084/2 1944/2085/2 1946/872/2
f 2337/2086/7 2320/2087/7 2325/1011/7
f 1488/2088/7 1490/2089/7 1489/2090/7
f 2191/2091/2 2184/2092/2 2183/2093/2
f 2589/2094/1 2592/2095/1 2585/2096/1
f 2190/2097/5 2196/2098/5 2200/2099/5
f 1875/2100/1 1873/2101/1 1872/2102/1
f 1718/2103/4 1717/2104/4 1716/2105/4
f 338/2106/5 343/2107/5 342/2108/5
f 884/2109/4 883/2110/4 882/2111/4
f 2268/2112/7 2279/2113/7 2270/2114/7
f 2949/2115/1 1833/2116/1 1839/2117/1
f 2469/2118/7 2480/2119/7 2465/2120/7
f 706/142/28 726/2121/28 700/1299/28
f 2203/2122/7 2202/2123/7 2186/1290/7
f 802/2124/1 801/2125/1 763/2126/1
f 2411/2127/7 2423/2128/7 2413/2129/7
f 2847/2130/7 2846/2004/7 2850/2131/7
f 3431/2132/5 3432/2133/5 3430/2134/5
f 3296/2135/3 3301/2136/3 3303/2137/3
f 1840/2138/1 1844/2139/1 1842/2140/1
f 1499/2141/7 1498/2142/7 1377/2143/7
f 574/2144/1 573/2145/1 377/2146/1
f 2728/2147/2 2718/2148/2 2717/2149/2
f 1650/2150/3 1606/2151/3 1651/2152/3
f 3136/2153/2 3130/2154/2 3137/2155/2
f 1353/2156/2 1355/2157/2 1356/2158/2
f 541/2159/7 888/2160/7 890/2161/7
f 1731/2162/5 1733/2163/5 1732/1529/5
f 2135/2164/5 2136/2165/5 2121/299/5
f 516/2166/1 514/2167/1 517/2168/1
f 1845/2169/4 1842/2170/4 1844/2171/4
f 1364/2172/4 1362/2173/4 1363/2174/4
f 448/2175/1 454/2176/1 447/2177/1
f 3084/2178/4 1932/2179/4 1933/1698/4
f 2780/2180/3 2768/2181/3 2782/393/3
f 866/2182/7 1056/2183/7 1055/2184/7
f 3350/2185/2 2063/2186/2 2095/2187/2
f 1795/2188/2 1614/977/2 1797/2189/2
f 2179/2190/1 2163/2093/1 2164/2092/1
f 1666/2191/5 1668/306/5 1665/2192/5
f 3399/2193/5 3401/2194/5 3400/2168/5
f 389/2195/4 391/2196/4 388/2197/4
f 3464/1350/4 3461/2198/4 3465/2199/4
f 558/2200/4 556/709/4 557/2201/4
f 2449/2202/5 2455/2203/5 2454/2204/5
f 2709/2196/4 2703/2205/4 2706/2206/4
f 2808/2207/3 2812/2208/3 2799/2209/3
f 1942/2210/2 1935/2211/2 1936/2212/2
f 1406/2213/1 1407/2214/1 1410/2215/1
f 300/2216/1 439/2176/1 461/2217/1
f 740/2218/2 743/2219/2 742/2220/2
f 2800/2221/5 2791/2222/5 2776/2223/5
f 2903/1497/4 2906/2224/4 2905/2225/4
f 1524/2226/3 1368/2227/3 1369/2228/3
f 3044/2229/4 3040/2230/4 3043/2231/4
f 1418/2232/3 1412/2233/3 1419/2234/3
f 2456/1285/5 2445/2235/5 2448/2236/5
f 496/2237/3 341/2238/3 340/2239/3
f 3239/1945/4 3233/2240/4 3236/2241/4
f 16/2242/1 13/2243/1 20/2244/1
f 2445/2245/3 2441/2246/3 2440/2247/3
f 2122/2248/3 2126/2249/3 2124/2250/3
f 1691/2251/7 1696/2252/7 1695/198/7
f 1360/2253/1 1358/2254/1 1364/2255/1
f 2603/2256/5 2606/2257/5 2605/250/5
f 2071/2258/3 2075/2259/3 2072/1341/3
f 2064/2260/3 2029/2261/3 2028/2262/3
f 2891/2263/4 2889/2264/4 2888/2265/4
f 1630/2266/4 1629/2267/4 1656/2268/4
f 457/2269/2 315/2194/2 316/2270/2
f 242/2271/5 243/2272/5 246/2273/5
f 2925/2274/2 2930/2275/2 2929/2276/2
f 1456/2277/3 1274/2278/3 1458/2279/3
f 172/2280/3 174/2281/3 173/1309/3
f 2060/2187/5 2058/2282/5 2062/2283/5
f 2684/2284/3 2676/2285/3 2678/2248/3
f 2798/2286/7 2812/2287/7 2799/2288/7
f 1206/2289/4 1239/597/4 1205/2290/4
f 888/2291/1 978/2292/1 1014/2293/1
f 2976/2294/2 2980/1661/2 2978/2295/2
f 399/2296/3 516/2297/3 413/2298/3
f 3480/2299/5 3481/2300/5 3479/2301/5
f 475/2302/5 303/2303/5 305/2271/5
f 527/2304/1 862/2305/1 528/2306/1
f 898/2307/5 1038/1933/5 1159/2308/5
f 1932/2309/2 1930/2310/2 1933/733/2
f 2600/2311/1 2605/2312/1 2604/2313/1
f 431/2314/7 429/2315/7 432/2316/7
f 2172/2317/7 2181/2318/7 2167/2319/7
f 408/2320/3 533/2321/3 531/2322/3
f 3451/2323/7 3456/2324/7 3454/2325/7
f 3394/2326/3 3387/2327/3 3391/2136/3
f 2567/2328/7 2576/2329/7 2578/1681/7
f 2056/2330/2 2057/2331/2 2058/2332/2
f 398/2333/2 421/2334/2 422/2335/2
f 1899/1988/1 1895/2336/1 1900/1987/1
f 1618/2337/4 1801/1458/4 1785/1460/4
f 486/2338/7 258/2339/7 487/2340/7
f 1677/2341/1 1372/2342/1 1679/308/1
f 1012/2343/3 1015/2344/3 1013/2277/3
f 121/2345/4 126/1234/4 127/2346/4
f 1495/2347/1 1278/2348/1 1496/2349/1
f 3270/2350/2 3269/2351/2 3268/2352/2
f 1352/2353/4 1351/2354/4 1350/2355/4
f 2286/2356/4 2280/2357/4 2285/2358/4
f 1271/2359/7 1442/2360/7 1446/2361/7
f 2291/2362/7 2292/2286/7 2302/2363/7
f 2871/2364/5 2873/2365/5 2874/2366/5
f 2304/896/7 2312/2367/7 2317/2368/7
f 2215/2369/2 2217/1645/2 2214/2370/2
f 2402/2371/2 2407/1245/2 2388/2372/2
f 1030/2373/3 1190/2374/3 1193/2375/3
f 466/2376/7 349/2377/7 444/2378/7
f 1392/2379/3 1331/2380/3 1330/1726/3
f 3063/2381/5 3068/2382/5 3064/2383/5
f 2374/2384/2 2355/2385/2 2364/1735/2
f 2812/2386/5 2795/2387/5 2794/2388/5
f 1080/2389/1 1075/2390/1 1076/1849/1
f 3466/1061/2 3460/2391/2 3464/2392/2
f 1969/2393/4 3085/2394/4 1997/2395/4
f 1096/2396/5 909/2397/5 1097/2398/5
f 2846/2399/3 2848/2400/3 2852/2401/3
f 2433/2402/1 2428/1909/1 2427/1908/1
f 2996/2403/3 2992/2404/3 2995/2405/3
f 585/2406/2 249/2407/2 832/2408/2
f 413/2298/3 517/2409/3 515/2410/3
f 1904/2411/3 1909/2412/3 3083/2413/3
f 529/2414/4 526/2415/4 407/2314/4
f 2155/2416/7 2147/2417/7 2150/2418/7
f 641/2419/29 597/2420/29 626/2421/29
f 3341/2422/3 3336/2423/3 3343/2424/3
f 1340/2425/2 1342/2426/2 1339/2427/2
f 503/2428/7 319/2429/7 321/2430/7
f 1323/2431/1 1434/2432/1 1324/2433/1
f 3457/2434/4 3453/2435/4 3455/2436/4
f 2268/2437/3 2271/2438/3 2274/2439/3
f 2420/2440/7 2402/2441/7 2403/2442/7
f 1956/2443/2 1958/2444/2 1957/2445/2
f 987/2446/7 1111/2447/7 988/2448/7
f 2055/2449/3 2061/2450/3 2057/2451/3
f 2397/2452/1 2378/372/1 2384/840/1
f 2719/2453/5 2707/2454/5 2705/2455/5
f 390/2456/1 972/2457/1 1084/2458/1
f 557/2459/1 555/1494/1 554/2460/1
f 2714/851/1 2716/2461/1 2715/852/1
f 2851/2462/4 2848/2231/4 2849/2463/4
f 459/2464/2 278/2465/2 280/2406/2
f 2241/2466/1 2246/2467/1 2245/2190/1
f 1685/2468/1 1689/2469/1 1687/2470/1
f 858/2471/5 861/2472/5 1125/2473/5
f 3046/2474/7 3052/2475/7 3047/2476/7
f 2219/2477/3 2190/2478/3 2197/1668/3
f 418/2479/5 526/2480/5 419/2481/5
f 2012/198/7 2008/2482/7 2015/2483/7
f 2212/2484/3 2198/2485/3 2199/2486/3
f 1268/2266/7 1389/2487/7 1386/2488/7
f 1068/2361/4 1167/2489/4 1066/2359/4
f 1527/2490/1 1293/2491/1 1290/2492/1
f 2116/1484/3 2118/314/3 2117/2493/3
f 2872/2494/3 2875/2495/3 2870/2496/3
f 3182/2497/5 3184/2498/5 3183/2499/5
f 2016/2500/3 2020/2501/3 2022/2450/3
f 2103/2502/3 1243/2503/3 1598/2504/3
f 1778/2505/1 1605/2506/1 1609/2507/1
f 2413/2508/5 2416/2509/5 2414/2510/5
f 1969/2511/3 1968/2512/3 1996/2513/3
f 1007/2514/7 908/2515/7 1009/2516/7
f 413/2517/7 513/2518/7 516/2429/7
f 2368/2519/4 2366/1629/4 2367/1628/4
f 486/2520/3 260/2521/3 259/2522/3
f 1563/2523/5 1562/933/5 1565/2524/5
f 277/2525/7 473/2526/7 474/2527/7
f 2382/300/5 2372/2528/5 2351/2529/5
f 2614/2530/7 2612/2531/7 2616/2532/7
f 115/2533/1 114/2534/1 116/2535/1
f 111/2536/2 112/2537/2 113/2538/2
f 55/2539/4 50/2540/4 54/2541/4
f 2114/2542/4 2112/2543/4 2113/2544/4
f 855/2545/3 1066/2398/3 1167/2546/3
f 2735/2547/5 2738/2548/5 2740/2549/5
f 2403/2442/7 2401/2550/7 2409/2551/7
f 231/2552/5 235/2553/5 232/2554/5
f 302/2525/7 475/2555/7 469/2556/7
f 1219/2557/1 945/2558/1 949/2559/1
f 553/2560/1 232/2561/1 236/2562/1
f 2930/2563/4 2928/2564/4 2931/2565/4
f 2168/1247/5 2149/1972/5 2148/2566/5
f 2008/2567/3 2010/2568/3 2014/2259/3
f 1061/2569/7 1063/2570/7 1059/2571/7
f 2117/2493/3 2105/316/3 2104/2572/3
f 281/2573/1 447/2177/1 454/2176/1
f 1175/2574/3 1171/2575/3 1163/2576/3
f 458/2577/4 476/2578/4 317/2579/4
f 157/2580/3 159/2581/3 160/2582/3
f 1393/2583/3 1396/2349/3 1334/2348/3
f 19/2584/4 13/2585/4 18/2586/4
f 3309/2587/4 3310/2588/4 3307/2589/4
f 2069/2590/1 2073/2591/1 2075/1906/1
f 1794/2487/7 1638/2592/7 1641/2593/7
f 722/2594/30 738/2595/30 739/2596/30
f 2825/2597/5 2827/2598/5 2826/2599/5
f 2926/2600/7 2925/2601/7 2929/2602/7
f 1542/2603/3 1545/2604/3 1543/2605/3
f 2650/2606/3 2649/2607/3 2648/1504/3
f 1338/2608/4 1333/2609/4 1337/2610/4
f 2777/1559/2 2747/61/2 2764/2611/2
f 1434/116/7 1322/2612/7 1321/2613/7
f 2434/2614/3 2412/2615/3 2415/2616/3
f 1972/2617/7 1977/2618/7 1974/2619/7
f 890/2620/2 887/2621/2 889/2622/2
f 2730/2623/3 2715/2624/3 2718/2625/3
f 945/2626/7 946/2627/7 949/2628/7
f 1154/2629/1 892/2630/1 1155/2631/1
f 425/2632/2 248/2633/2 427/1724/2
f 550/2634/3 389/2635/3 388/2636/3
f 2290/2637/7 2277/2638/7 2275/2639/7
f 2033/2640/1 2035/2641/1 2031/1512/1
f 1526/2642/4 1524/2643/4 1282/2644/4
f 1698/2645/5 1700/2646/5 1705/2647/5
f 2871/2648/7 2872/2649/7 2876/2650/7
f 230/2651/5 237/2652/5 885/2653/5
f 1306/2654/4 1447/2655/4 1448/2656/4
f 233/2657/7 231/2658/7 553/2659/7
f 2103/2660/1 2815/2661/1 1598/2662/1
f 1327/2663/2 1322/2664/2 1307/2665/2
f 260/2666/4 261/2667/4 259/2668/4
f 170/2669/2 173/2670/2 171/2671/2
f 188/2672/3 193/2673/3 189/2674/3
f 1759/2675/7 1758/1539/7 1757/2676/7
f 193/2677/4 190/2678/4 189/2679/4
f 1192/2680/2 1193/2681/2 1194/2682/2
f 2432/2683/7 2431/2684/7 2433/2685/7
f 1734/2686/2 1727/2687/2 1733/2688/2
f 2316/2689/1 2291/1536/1 2301/2690/1
f 2434/2691/2 2417/1243/2 2402/2371/2
f 2457/342/1 2449/2692/1 2461/2693/1
f 221/2694/1 224/2695/1 223/2696/1
f 492/2697/7 268/2698/7 267/2695/7
f 2757/1591/3 2731/2699/3 2732/2700/3
f 2024/2701/2 2028/2702/2 2027/2703/2
f 2982/2704/1 2987/1754/1 2981/1753/1
f 2704/2705/1 2703/168/1 2702/2706/1
f 2490/1885/5 2494/2707/5 2493/2708/5
f 517/2709/4 858/2710/4 515/2711/4
f 2020/2712/4 2023/2713/4 2022/2714/4
f 2841/2715/2 2837/2716/2 2843/2717/2
f 406/2718/2 408/2719/2 407/1423/2
f 2281/362/7 2294/2720/7 2283/2721/7
f 2361/2722/3 2347/2723/3 2355/2724/3
f 2223/967/7 2215/2725/7 2216/1889/7
f 2439/2726/5 2436/2727/5 2421/2728/5
f 546/2729/2 238/2730/2 237/2731/2
f 2294/2720/7 2293/1890/7 2283/2721/7
f 329/2732/7 326/2733/7 586/2734/7
f 1306/2735/7 1294/2736/7 1307/2737/7
f 481/701/5 309/2738/5 311/2739/5
f 3140/2740/5 3143/2741/5 3145/2742/5
f 914/2743/2 947/2744/2 944/2745/2
f 1442/2746/2 1447/2747/2 1439/2748/2
f 2537/2749/7 2532/2750/7 2531/2751/7
f 2231/2752/3 2232/2753/3 2235/2754/3
f 164/2542/7 166/2755/7 165/2756/7
f 399/2757/7 415/2758/7 414/2759/7
f 3220/2760/3 3085/1356/3 3223/2761/3
f 3463/2762/5 3464/2763/5 3465/2764/5
f 1537/2765/3 1360/1444/3 1359/2766/3
f 2132/2767/3 2109/2768/3 2111/2769/3
f 2278/2770/1 2266/2771/1 2279/1305/1
f 1828/2772/3 1830/2773/3 1827/2019/3
f 2223/2774/5 2209/1146/5 2210/2775/5
f 174/2776/4 171/2777/4 173/2778/4
f 2216/2779/5 1255/2780/5 1254/2547/5
f 3277/2781/2 3274/2782/2 3278/2783/2
f 1402/2784/5 1328/2785/5 1404/2786/5
f 134/2787/2 135/2788/2 836/2789/2
f 604/2790/31 618/2791/31 603/2792/31
f 39/2793/7 40/2794/7 43/2795/7
f 1108/2796/3 1112/2786/3 1110/2797/3
f 252/2798/2 256/2799/2 837/2800/2
f 3057/2801/1 3059/577/1 3054/579/1
f 231/2802/4 546/2803/4 229/2804/4
f 2984/2805/5 2985/2806/5 2987/2763/5
f 442/2807/7 465/2808/7 498/2809/7
f 1468/2810/1 1370/1620/1 1302/2811/1
f 1032/2812/2 939/2813/2 940/2814/2
f 1165/2815/2 1168/2816/2 1166/2817/2
f 2192/2818/5 2181/1304/5 2167/2819/5
f 1977/2820/5 1971/2821/5 1978/1134/5
f 860/2822/7 1027/2823/7 1026/1028/7
f 358/2824/7 566/2825/7 361/2826/7
f 860/2827/4 861/2828/4 859/2829/4
f 1532/2830/1 1299/527/1 1533/2831/1
f 422/2832/7 420/2833/7 423/2414/7
f 795/2834/5 794/2835/5 790/2836/5
f 2926/2837/5 2930/2838/5 2931/2163/5
f 741/2839/7 747/2840/7 744/2841/7
f 306/2842/4 303/2843/4 304/2844/4
f 2731/2845/1 2719/2846/1 2720/2847/1
f 1366/2848/5 1801/2849/5 1631/2850/5
f 728/2851/32 695/2852/32 719/2853/32
f 1111/2854/5 1113/2797/5 990/2855/5
f 2399/2856/2 2392/2857/2 2391/2858/2
f 2335/2859/7 2336/2860/7 2334/2861/7
f 2682/2862/1 2674/2863/1 2660/2864/1
f 1592/2865/3 2701/2477/3 2700/901/3
f 1609/2866/4 1606/2867/4 1608/2868/4
f 3004/2869/3 3003/2870/3 2998/2806/3
f 3175/2871/2 3174/2872/2 3177/2873/2
f 1115/2874/2 1117/2875/2 1118/2876/2
f 2042/2877/3 2045/2878/3 2044/2879/3
f 2608/1485/3 2589/2880/3 2611/2881/3
f 2403/2882/1 2405/2883/1 2404/2884/1
f 178/2885/5 182/2886/5 179/2887/5
f 2725/2888/2 2729/2889/2 2734/2890/2
f 421/2891/5 407/2892/5 409/1547/5
f 1299/1444/3 1296/826/3 1295/2893/3
f 74/2894/1 80/2071/1 73/2440/1
f 368/2895/4 366/2896/4 367/2897/4
f 1062/2817/1 1206/2898/1 1205/2815/1
f 2129/2899/1 2110/2900/1 2109/1/1
f 2590/2901/3 2592/2902/3 2591/2903/3
f 1095/2904/7 1099/2905/7 1096/2906/7
f 1473/2907/1 1477/2908/1 1321/2909/1
f 145/2910/4 141/2911/4 143/2912/4
f 1499/2913/2 1503/2914/2 1501/2915/2
f 51/2916/7 49/2917/7 53/2918/7
f 240/2919/4 237/2920/4 238/2911/4
f 3368/2921/7 3366/2922/7 3365/2923/7
f 1070/2924/5 904/2925/5 1170/2926/5
f 2730/2927/7 2705/2928/7 2707/2929/7
f 3023/2930/7 3022/2476/7 3025/2931/7
f 403/2932/2 515/2933/2 858/2934/2
f 1837/2935/3 1839/2936/3 1838/2937/3
f 1285/2938/3 1533/2939/3 1286/2940/3
f 270/2941/3 274/2942/3 848/2943/3
f 3226/2944/2 3229/2945/2 3231/2946/2
f 2120/2947/2 2104/2948/2 2107/2949/2
f 2087/2950/3 2091/2951/3 2089/2568/3
f 933/2952/1 1068/2953/1 1066/2954/1
f 308/2955/7 481/2956/7 476/2957/7
f 3179/2958/3 3181/2959/3 3185/2960/3
f 3376/2961/4 3378/2962/4 3377/2963/4
f 1347/2964/4 1344/2965/4 1348/2609/4
f 2869/2966/1 2874/2967/1 2875/2968/1
f 333/792/1 499/2969/1 587/2970/1
f 886/2971/3 877/2085/3 2336/2972/3
f 834/2973/1 1070/2974/1 835/1882/1
f 2529/2975/2 2521/2976/2 2518/1558/2
f 2489/2977/7 2490/2978/7 2499/2979/7
f 2696/2980/3 2682/2981/3 2671/2982/3
f 2189/1304/5 2180/2983/5 2179/1970/5
f 102/2984/1 99/2985/1 104/2986/1
f 1346/2987/5 1351/2988/5 1347/2989/5
f 487/2990/4 488/2991/4 486/2992/4
f 326/2993/1 331/2994/1 586/2995/1
f 816/2996/5 810/2997/5 806/2998/5
f 829/2999/3 822/3000/3 830/3001/3
f 3192/2873/2 3188/3002/2 3193/3003/2
f 1962/3004/7 1961/3005/7 1960/3006/7
f 864/3007/1 949/3008/1 866/3009/1
f 264/3010/4 846/3011/4 266/3012/4
f 2262/3013/7 2276/1039/7 2263/3014/7
f 590/3015/5 263/3016/5 591/3017/5
f 1264/3018/2 1378/3019/2 1379/3020/2
f 548/3021/3 240/3022/3 238/3023/3
f 2125/3024/7 2116/3025/7 2134/3026/7
f 870/3027/5 968/3028/5 955/3029/5
f 1906/3030/1 2955/3031/1 1772/3032/1
f 468/3033/3 452/3034/3 352/3035/3
f 509/3036/4 403/3037/4 402/3038/4
f 1959/3039/2 1963/3040/2 1965/3041/2
f 2765/3042/7 2753/3043/7 2769/3044/7
f 1067/3045/5 1065/3046/5 1068/3047/5
f 3077/3048/1 2950/3049/1 1903/3050/1
f 2301/2690/1 2294/3051/1 2278/2770/1
f 2382/3052/1 2368/3053/1 2367/2311/1
f 753/3054/1 755/609/1 751/3055/1
f 227/3056/5 563/111/5 231/1449/5
f 480/3057/2 476/258/2 481/3058/2
f 3311/3059/2 3305/3060/2 3309/3061/2
f 999/3062/5 1028/3047/5 998/3063/5
f 957/3064/4 955/3065/4 935/3066/4
f 140/3067/3 145/3068/3 143/3069/3
f 2361/3070/2 2366/3071/2 2365/3072/2
f 682/3073/33 644/3074/33 681/3075/33
f 584/3076/7 583/3077/7 582/3078/7
f 2675/3079/1 2679/3080/1 2676/2402/1
f 1646/3081/4 1647/3082/4 1645/3083/4
f 438/3084/1 481/3085/1 461/2217/1
f 969/3086/1 866/3087/1 1055/3088/1
f 459/3089/4 458/3090/4 473/3091/4
f 608/3092/34 615/3093/34 614/3094/34
f 2179/3095/7 2166/3096/7 2169/3097/7
f 575/3098/3 475/3099/3 301/3100/3
f 1656/3101/4 1809/3102/4 1657/3103/4
f 3234/3104/3 3233/3105/3 3237/3106/3
f 2541/3107/3 2528/3108/3 2517/3109/3
f 3353/3110/3 3218/3111/3 3354/3112/3
f 175/3113/1 177/3114/1 174/3115/1
f 2855/3116/5 2860/3117/5 2857/2300/5
f 476/3118/1 311/3119/1 310/3120/1
f 3105/3121/4 3099/3122/4 3101/3123/4
f 1435/3124/2 1438/3125/2 1436/3126/2
f 2953/3127/7 2951/3128/7 2952/3129/7
f 2190/3130/1 2192/3131/1 2194/3132/1
f 2753/3133/1 2761/3134/1 2762/3135/1
f 419/2481/5 156/3136/5 862/676/5
f 785/3137/1 787/3138/1 789/3139/1
f 3322/3140/2 3327/3141/2 3324/3142/2
f 918/1447/7 1088/2516/7 1089/1445/7
f 631/3143/35 606/3144/35 609/292/35
f 2474/1339/3 2476/3145/3 2475/3146/3
f 462/3147/2 297/3148/2 307/3149/2
f 1119/3150/3 938/3151/3 936/3152/3
f 3034/3153/2 3030/3154/2 3035/3155/2
f 2495/3156/3 2465/3157/3 2469/1047/3
f 2442/1818/7 2435/3158/7 2439/3159/7
f 203/3160/3 208/3161/3 206/3162/3
f 2951/3163/3 1772/3164/3 2956/3165/3
f 3480/2602/7 3477/3166/7 3476/3167/7
f 3451/3168/5 3457/3169/5 3455/3170/5
f 3360/3171/5 3361/3172/5 3359/3173/5
f 2733/3174/3 2704/3175/3 2708/3176/3
f 1983/3177/2 1986/1914/2 1985/3178/2
f 780/3179/5 766/3180/5 782/3181/5
f 2552/3182/3 2539/3183/3 2541/3107/3
f 410/3184/3 405/3185/3 408/3186/3
f 188/3160/7 192/3187/7 191/3188/7
f 3297/3189/5 3300/3190/5 3299/3191/5
f 1443/3192/1 1442/3193/1 1440/3194/1
f 1612/3195/2 1793/3196/2 1610/977/2
f 1479/3197/4 1477/3198/4 1476/3199/4
f 123/3200/5 125/3201/5 121/2985/5
f 997/3202/3 1223/3203/3 1222/3204/3
f 1231/3205/2 1225/3206/2 1229/3207/2
f 1472/3208/2 1468/3209/2 1471/3210/2
f 2584/3211/3 2588/3212/3 2587/3213/3
f 1237/3214/3 1205/3215/3 1239/871/3
f 521/3216/4 519/3217/4 520/3218/4
f 2573/3219/3 2569/3220/3 2568/3221/3
f 2989/3222/5 2994/3223/5 2993/3224/5
f 558/3225/2 372/3226/2 374/3227/2
f 887/3228/4 972/3229/4 889/3230/4
f 3397/3231/2 3402/1778/2 3401/3232/2
f 567/3233/7 564/3234/7 569/3235/7
f 1251/3236/1 2213/3237/1 2211/3238/1
f 2238/3239/4 2240/3240/4 2239/3241/4
f 1313/3242/4 1310/3243/4 1311/3244/4
f 1459/3245/1 1494/3209/1 1462/3246/1
f 1469/3247/4 1370/3199/4 1465/3248/4
f 2999/3249/7 3004/3250/7 3000/3251/7
f 2079/3252/7 2076/3253/7 2078/3254/7
f 2251/3255/5 2249/3256/5 2246/3257/5
f 364/3258/4 231/3259/4 563/3260/4
f 1486/3261/5 1313/3262/5 1311/3263/5
f 2799/3264/2 2796/3265/2 2795/3266/2
f 2897/3267/7 2895/3268/7 2894/3269/7
f 187/3270/2 189/3271/2 190/3272/2
f 867/3273/7 310/3274/7 868/3275/7
f 2325/3266/2 2322/3276/2 2321/3277/2
f 1415/3278/2 1419/3279/2 1416/3280/2
f 3117/3281/3 3118/3282/3 3115/2056/3
f 751/3283/4 750/3284/4 752/3285/4
f 519/3286/2 995/3287/2 865/3288/2
f 1129/3289/1 1134/3290/1 1131/3291/1
f 406/3292/7 404/3293/7 410/3247/7
f 1507/3294/7 1506/461/7 1509/3295/7
f 2952/3296/2 2956/3297/2 2954/3298/2
f 830/3299/1 823/3300/1 827/3301/1
f 2674/3302/1 2662/3303/1 2661/3079/1
f 2292/3304/2 2317/3305/2 2315/3306/2
f 663/3307/36 659/3308/36 664/804/36
f 2941/3309/1 2948/3310/1 2947/3311/1
f 731/3312/37 719/2853/37 695/2852/37
f 2729/3313/3 2714/3314/3 2730/2623/3
f 2884/3315/3 2878/3316/3 2882/3317/3
f 525/3318/3 528/3319/3 159/3300/3
f 2064/3320/7 2026/3321/7 2025/3322/7
f 1184/3323/1 1173/3324/1 1189/3325/1
f 548/3326/7 230/3327/7 239/3328/7
f 1673/3329/5 1676/3330/5 1675/3331/5
f 1348/3332/2 1410/3333/2 1423/3334/2
f 2994/1427/4 2992/3335/4 2993/3336/4
f 980/3337/3 983/3338/3 979/3339/3
f 745/3340/4 742/3341/4 743/3332/4
f 710/3342/38 712/3343/38 711/3344/38
f 1433/3345/7 1438/3346/7 1432/3347/7
f 2628/3348/7 2637/3349/7 2627/3350/7
f 2779/3351/3 2787/3352/3 2788/3353/3
f 2933/3354/7 2939/3355/7 2934/3356/7
f 1142/3357/3 1145/3339/3 1140/3358/3
f 635/3359/39 600/3360/39 637/3361/39
f 2953/3362/1 1706/3363/1 2955/3031/1
f 2371/3364/3 2367/3365/3 2366/3366/3
f 2084/3367/2 2089/3368/2 2085/3369/2
f 2466/3370/4 2464/3371/4 2468/3372/4
f 2673/3373/3 2659/3374/3 2650/2606/3
f 1921/3375/5 1928/3376/5 1927/3105/5
f 2522/3377/1 2525/3277/1 2526/3378/1
f 578/3379/5 473/1127/5 475/3380/5
f 3463/3381/7 3459/3382/7 3466/3383/7
f 307/3384/2 312/3385/2 309/3318/2
f 571/3386/7 573/3387/7 572/3388/7
f 2532/970/2 2534/3389/2 2530/3390/2
f 3345/3391/3 3350/3392/3 3344/3393/3
f 491/3394/3 486/2520/3 492/3395/3
f 3200/3396/3 3195/3397/3 3194/3398/3
f 1481/3399/2 1485/3400/2 1483/3401/2
f 450/3402/3 295/3403/3 863/3404/3
f 1749/2590/2 1753/3405/2 1754/3406/2
f 1923/3407/7 1921/3408/7 1925/3409/7
f 687/3410/40 688/3411/40 677/3412/40
f 815/3413/2 826/3414/2 824/3415/2
f 215/3416/5 213/3417/5 217/3418/5
f 2692/3419/1 2670/3420/1 2691/1043/1
f 1015/3421/2 971/3422/2 974/3423/2
f 502/3424/4 501/3425/4 334/3426/4
f 2659/3427/1 2645/3428/1 2649/3429/1
f 536/3430/1 867/3431/1 538/3432/1
f 2200/3433/4 2199/3434/4 2198/3435/4
f 12/1101/4 9/32/4 11/3436/4
f 1279/1915/5 1497/3437/5 1278/3438/5
f 333/3439/4 586/3260/4 334/3259/4
f 1494/3440/5 1361/3441/5 1462/3442/5
f 691/696/41 648/3443/41 685/3444/41
f 554/3445/5 558/3446/5 557/3447/5
f 2431/3448/2 2430/1734/2 2434/2691/2
f 3264/3449/1 3266/2352/1 3265/2351/1
f 2776/3450/7 2771/3451/7 2791/3452/7
f 1179/3453/7 1177/3454/7 1180/3455/7
f 1731/3456/7 1729/3457/7 1734/3458/7
f 111/3459/7 115/3460/7 110/3461/7
f 1829/3462/1 1832/3463/1 1830/3464/1
f 2691/3465/5 2677/3466/5 2679/3467/5
f 3337/3468/1 3340/3469/1 3336/3470/1
f 2009/3471/1 2011/3472/1 2010/3473/1
f 1048/3474/1 1051/3475/1 1049/3476/1
f 581/3477/4 558/3478/4 570/3479/4
f 720/3480/42 729/3481/42 728/2851/42
f 782/3482/4 784/3483/4 781/3484/4
f 696/3485/43 717/3486/43 718/3487/43
f 2433/3488/5 2434/2819/5 2419/1246/5
f 2386/3489/3 2373/1859/3 2361/2722/3
f 2727/3490/1 2722/3491/1 2726/3492/1
f 741/3142/3 745/3493/3 743/3140/3
f 1522/3494/5 1520/2042/5 1519/3495/5
f 2602/3496/1 2583/3497/1 2588/3498/1
f 969/1477/3 1209/3499/3 1208/2374/3
f 998/3500/1 996/3501/1 999/3502/1
f 3375/3503/2 3371/3504/2 3376/3505/2
f 3171/3506/1 3173/3507/1 3170/3508/1
f 2737/3509/7 2741/3510/7 2745/3511/7
f 1307/2665/2 1308/3512/2 1327/2663/2
f 1974/3513/1 1978/3514/1 1975/3515/1
f 2175/3516/3 2173/3517/3 2171/3518/3
f 1548/3519/1 1312/3520/1 1298/3521/1
f 2979/3522/3 2973/3523/3 2980/3524/3
f 2887/3525/5 2891/3526/5 2888/3523/5
f 1430/3527/4 1429/3528/4 1428/3529/4
f 2300/3390/2 2295/3530/2 2297/3531/2
f 3093/3532/5 3097/3533/5 3095/3534/5
f 2300/99/3 2282/3535/3 2281/972/3
f 1916/2483/7 1913/3536/7 1920/3537/7
f 2639/3538/4 2640/3539/4 2638/3540/4
f 1574/3541/7 2456/378/7 2463/3542/7
f 231/3543/1 551/3544/1 227/3545/1
f 627/1419/44 642/3546/44 641/2419/44
f 773/3547/1 774/3548/1 775/3549/1
f 2330/602/2 2313/3550/2 2327/3551/2
f 822/1857/1 790/3552/1 793/3553/1
f 1359/3454/7 1462/3554/7 1360/3555/7
f 591/3556/2 259/3557/2 261/3558/2
f 990/3559/4 1110/3560/4 1112/3561/4
f 2678/3562/4 2679/3563/4 2677/3564/4
f 229/3565/2 234/3566/2 235/3567/2
f 1057/3568/2 942/3569/2 943/3570/2
f 2983/3571/2 2986/3572/2 2985/3573/2
f 883/3574/1 1022/3575/1 879/3576/1
f 185/3416/4 182/3577/4 183/3578/4
f 1752/3579/4 1754/3580/4 1753/3581/4
f 2265/3582/5 2253/1047/5 2237/1552/5
f 1681/3583/3 1366/3584/3 1682/2028/3
f 133/3585/5 836/3586/5 137/3565/5
f 1120/3587/4 936/3588/4 938/3589/4
f 1433/3590/5 1435/3591/5 1434/3592/5
f 2938/3593/1 2933/3594/1 2937/3595/1
f 2086/3596/1 2088/3597/1 2091/3598/1
f 2804/2038/2 2780/3599/2 2779/3600/2
f 1798/3601/3 1803/2848/3 1802/592/3
f 321/1785/1 504/3602/1 505/3603/1
f 668/1364/45 667/402/45 669/3604/45
f 2269/3605/5 2255/3606/5 2241/1859/5
f 1170/3607/2 861/3608/2 1070/3609/2
f 3058/3167/4 3054/3610/4 3059/3611/4
f 428/797/5 241/3612/5 134/3613/5
f 2186/3614/1 2187/3615/1 2185/3616/1
f 2312/3617/1 2303/3618/1 2306/3614/1
f 424/3619/4 409/3479/4 398/3478/4
f 827/3620/4 824/3621/4 826/3622/4
f 407/1423/2 531/3623/2 532/3624/2
f 1024/3625/4 1017/3626/4 926/3627/4
f 3156/3628/1 3160/3629/1 3158/3630/1
f 2558/3631/2 2557/3632/2 2556/3633/2
f 3245/3634/2 3243/3635/2 3247/3636/2
f 997/3637/7 1219/1698/7 1054/3638/7
f 585/3639/4 488/3640/4 248/3641/4
f 3447/3642/7 3443/3643/7 3449/3644/7
f 498/3645/3 444/3646/3 501/3647/3
f 501/3648/4 349/3649/4 338/3650/4
f 2264/3651/1 2265/3652/1 2251/3653/1
f 3182/3336/7 3179/3654/7 3178/3655/7
f 813/3656/1 817/3657/1 816/3658/1
f 872/3659/1 877/3660/1 871/3661/1
f 2735/1976/1 2726/3492/1 2722/3491/1
f 93/3662/7 96/3663/7 95/3664/7
f 2411/1303/3 2409/3665/3 2401/2983/3
f 1939/3666/7 1935/3667/7 1938/3668/7
f 2049/3669/5 2053/3670/5 2052/3671/5
f 2817/476/5 2798/3672/5 2813/3673/5
f 2636/3674/3 2641/3675/3 2639/3676/3
f 2855/3677/7 2859/3678/7 2856/3679/7
f 749/3680/3 751/3681/3 752/3682/3
f 812/94/2 797/1440/2 815/3683/2
f 2144/3684/5 2122/2722/5 2125/2165/5
f 470/3685/7 472/3686/7 471/3687/7
f 1699/3688/2 1702/3178/2 1700/3689/2
f 3393/3690/2 3391/3691/2 3390/3692/2
f 382/3693/4 384/3694/4 383/3621/4
f 2627/3695/3 2632/3696/3 2631/3697/3
f 2117/3698/2 2111/3699/2 2108/3700/2
f 3287/3701/4 3284/3702/4 3282/3703/4
f 3481/3704/4 3475/3705/4 3479/3706/4
f 1170/3707/4 1069/3708/4 1074/3709/4
f 2156/3710/7 2155/2416/7 2157/3711/7
f 991/3712/7 992/3713/7 1095/3714/7
f 2140/3715/4 2142/766/4 2141/3716/4
f 1471/3717/3 1483/835/3 1472/3718/3
f 1513/3719/5 1412/3720/5 1515/3721/5
f 2387/1955/5 2374/3722/5 2362/1166/5
f 1235/3723/4 2450/3724/4 1234/3725/4
f 1003/3726/4 1001/3727/4 932/3728/4
f 838/3729/7 837/3730/7 834/3731/7
f 2578/3732/5 2566/3733/5 2570/3734/5
f 1463/3735/7 1461/3736/7 1460/3737/7
f 3100/3738/7 3102/3739/7 3098/3740/7
f 1475/1544/2 1479/3741/2 1476/3742/2
f 1038/3743/2 1158/3744/2 1161/3745/2
f 2790/3746/7 2778/3747/7 2779/3748/7
f 477/3749/1 473/3750/1 458/1761/1
f 2373/3751/5 2365/3752/5 2368/2256/5
f 2302/3753/2 2293/3754/2 2283/3755/2
f 1215/3756/2 1216/3757/2 1214/3758/2
f 784/3759/2 786/3760/2 788/3761/2
f 1872/3762/4 3083/3763/4 1905/3764/4
f 2261/3765/4 2260/3766/4 2258/3767/4
f 1287/3768/7 1559/3769/7 1561/3770/7
f 2589/3771/5 2593/3772/5 2594/3773/5
f 1627/3774/7 1366/3775/7 1634/3776/7
f 928/3777/2 1167/3778/2 1065/3779/2
f 2959/3780/1 2962/3781/1 2961/3782/1
f 837/3783/2 1111/877/2 988/3784/2
f 431/3785/7 426/3786/7 428/3787/7
f 339/3788/2 340/3789/2 343/3585/2
f 1259/3790/2 2336/3791/2 886/3792/2
f 464/3793/1 444/175/1 452/3794/1
f 2172/3795/5 2170/3796/5 2174/3797/5
f 1156/3798/7 945/3799/7 1039/3800/7
f 1126/3801/1 1124/3802/1 911/3803/1
f 3006/3804/5 3011/3805/5 3010/3806/5
f 1391/3807/5 1335/3592/5 1392/3808/5
f 2211/3238/1 2186/3809/1 2203/3810/1
f 947/3811/3 948/3812/3 944/3813/3
f 1889/3814/2 1892/3815/2 1890/3816/2
f 1349/3817/3 1352/3818/3 1350/3819/3
f 3355/3820/2 3362/3821/2 3361/3822/2
f 919/3823/7 1084/3770/7 1087/3824/7
f 2250/3825/2 2252/3826/2 2253/908/2
f 57/3827/7 60/3828/7 59/3829/7
f 2230/3830/5 2233/3831/5 2234/3795/5
f 1293/2491/1 1291/3832/1 1290/2492/1
f 352/3035/3 355/3833/3 351/3834/3
f 834/3835/5 988/3836/5 835/3837/5
f 977/3838/5 1245/1389/5 1249/3839/5
f 1885/3840/1 1888/3841/1 1886/3842/1
f 2799/2288/7 2801/3843/7 2804/3844/7
f 17/3845/7 16/2793/7 15/3846/7
f 2165/3847/7 2179/3095/7 2178/3848/7
f 1352/3849/1 1346/3850/1 1347/3851/1
f 1876/3580/4 1873/3852/4 1838/3853/4
f 1521/3854/3 1354/3855/3 1355/3856/3
f 1327/2737/4 1304/3857/4 1305/3858/4
f 2645/3859/1 2640/3860/1 2641/3861/1
f 1028/3862/1 1191/105/1 1190/104/1
f 904/3863/2 1072/3864/2 1069/3865/2
f 2307/3866/4 2303/3867/4 2305/3868/4
f 97/3869/5 100/3870/5 99/3871/5
f 208/3872/4 202/3873/4 206/3874/4
f 2649/3429/1 2628/3875/1 2635/3876/1
f 2176/3877/3 2178/849/3 2165/3878/3
f 1791/3879/3 1615/1262/3 1793/3880/3
f 958/3881/5 954/3882/5 957/3883/5
f 2999/3884/5 3002/3885/5 3001/3886/5
f 509/3887/7 508/3888/7 434/3889/7
f 2587/3890/4 2583/3891/4 2586/3892/4
f 3193/3893/4 3191/3894/4 3190/3895/4
f 873/3896/1 1087/3897/1 877/3660/1
f 2567/3898/5 2571/3899/5 2562/3900/5
f 2125/2165/5 2132/3901/5 2129/3902/5
f 3338/3903/5 3342/3904/5 3340/3905/5
f 1087/3906/5 1083/3907/5 1086/3908/5
f 2358/3909/4 2356/3892/4 2359/3891/4
f 2419/3910/1 2414/3911/1 2412/3912/1
f 2631/3913/4 2629/3914/4 2630/3915/4
f 2001/3916/5 1933/3917/5 1967/3918/5
f 2180/3919/3 2164/3920/3 2162/3921/3
f 2665/3564/4 2662/3922/4 2664/767/4
f 707/2012/46 709/807/46 708/3923/46
f 3165/3924/7 3163/3679/7 3169/3925/7
f 621/3926/47 605/3927/47 631/3143/47
f 1778/3928/7 1777/3929/7 1781/3930/7
f 1500/3931/5 1501/3932/5 1502/3933/5
f 1036/3934/4 940/3935/4 1035/3936/4
f 1806/3937/2 1809/3938/2 1808/3939/2
f 942/3940/3 1054/3941/3 943/880/3
f 373/3942/4 374/3943/4 372/1811/4
f 1831/3944/5 1825/3945/5 1832/3376/5
f 2752/3946/5 2743/3947/5 2726/3948/5
f 1027/3949/1 1148/1138/1 1169/3950/1
f 1483/3951/2 1309/3952/2 1313/3953/2
f 828/1673/5 817/3954/5 795/3955/5
f 485/3956/3 487/3957/3 486/2520/3
f 3217/3958/1 2029/3959/1 3218/3960/1
f 1680/3961/4 1366/3962/4 1679/3963/4
f 442/3964/2 501/3058/2 338/3965/2
f 2169/3097/7 2160/3966/7 2168/3967/7
f 248/3909/7 247/3968/7 592/3969/7
f 3097/3970/2 3094/3971/2 3091/3972/2
f 1507/3973/2 1510/3974/2 1353/3975/2
f 1397/3976/7 1400/3977/7 1267/3978/7
f 1343/3979/4 1339/3858/4 1342/3857/4
f 1379/3980/4 1503/3981/4 1264/3982/4
f 1568/3983/3 1315/3984/3 1573/3985/3
f 2479/3986/2 2475/3987/2 2478/3988/2
f 499/3989/5 502/3990/5 334/3991/5
f 313/3992/3 314/3805/3 315/3993/3
f 2210/3994/1 2207/3633/1 2206/3995/1
f 2646/3996/3 2653/3997/3 2654/2614/3
f 2166/848/3 2150/3998/3 2147/624/3
f 53/3999/3 56/4000/3 55/4001/3
f 1930/4002/7 1931/4003/7 3221/3321/7
f 267/4004/1 493/4005/1 489/4006/1
f 3180/3155/1 3183/4007/1 3181/3153/1
f 3314/4008/5 3317/4009/5 3316/4010/5
f 480/4011/5 307/4012/5 481/701/5
f 543/4013/1 541/4014/1 540/4015/1
f 2756/1386/7 2755/4016/7 2757/4017/7
f 2669/3349/7 2668/4018/7 2667/4019/7
f 3231/4020/4 3224/3895/4 3230/4021/4
f 433/4022/7 133/4023/7 435/4024/7
f 2771/3451/7 2774/4025/7 2781/4026/7
f 688/3411/48 676/4027/48 677/3412/48
f 2634/839/1 2619/4028/1 2633/4029/1
f 1424/4030/4 1410/4031/4 1423/3935/4
f 1237/4032/1 1245/4033/1 1239/4034/1
f 1450/4035/1 1273/4036/1 1303/4037/1
f 2064/4038/2 2067/4039/2 2028/2702/2
f 581/4040/7 574/4041/7 385/4042/7
f 1801/2915/4 1803/4043/4 1631/4044/4
f 3213/4045/2 3215/4046/2 3214/4047/2
f 955/661/7 1236/4048/7 1237/659/7
f 314/4049/1 1039/2681/1 970/4050/1
f 488/4051/7 255/4052/7 254/3943/7
f 2158/3014/7 2144/4053/7 2143/3013/7
f 1677/4054/7 1681/4055/7 1678/4056/7
f 2145/4057/7 2125/3024/7 2128/2978/7
f 1293/4058/7 1319/4059/7 1294/4060/7
f 2381/4061/2 2383/858/2 2371/860/2
f 2779/3600/2 2782/2690/2 2781/4062/2
f 2077/4063/1 2083/4064/1 2080/4065/1
f 2553/1586/7 2563/4066/7 2565/4067/7
f 1209/4068/4 1210/4069/4 1208/3274/4
f 2789/1232/2 2771/2975/2 2791/1557/2
f 1370/4070/5 1374/4071/5 1372/4072/5
f 2129/3902/5 2115/4073/5 2114/4074/5
f 1226/4075/5 1228/4076/5 1224/870/5
f 1338/1502/1 1329/4077/1 1331/2073/1
f 2357/4078/1 2358/4079/1 2359/4080/1
f 1937/4081/1 1941/4082/1 1940/4083/1
f 1554/4084/5 1551/4085/5 1556/4086/5
f 2745/4087/3 2736/4088/3 2739/3919/3
f 3443/4089/3 3446/4090/3 3445/4091/3
f 1860/4092/7 1863/4093/7 1862/4094/7
f 3172/4095/7 3176/4096/7 3175/4097/7
f 1674/4098/2 1772/3406/2 1676/4099/2
f 2623/4100/1 2603/4101/1 2619/4028/1
f 91/4102/3 85/4103/3 92/4104/3
f 3222/4105/4 3085/4106/4 3084/4107/4
f 2802/4108/3 2793/4109/3 2803/4110/3
f 1197/4111/1 1199/4112/1 1198/713/1
f 1062/4113/7 1202/4114/7 1203/4115/7
f 1455/4116/5 1457/4117/5 1272/4118/5
f 2668/4119/5 2652/4120/5 2651/4121/5
f 1415/4122/7 1413/4123/7 1418/4124/7
f 1111/1643/3 985/4125/3 990/4126/3
f 2819/4127/2 2808/4128/2 2820/4129/2
f 915/4130/5 912/4131/5 913/4132/5
f 2149/4133/2 2138/4134/2 2137/4135/2
f 2210/2775/5 2212/4136/5 2213/4137/5
f 3217/4138/5 2095/4139/5 3218/4140/5
f 1806/4141/7 1805/4142/7 1807/4143/7
f 2608/3072/2 2607/4144/2 2606/722/2
f 2277/4145/1 2262/4146/1 2264/3651/1
f 3138/4147/3 3139/4148/3 3144/4149/3
f 436/4150/1 447/2177/1 446/4151/1
f 2745/4152/2 2733/1729/2 2734/1731/2
f 1100/4153/2 927/4154/2 1101/4155/2
f 1426/4156/3 1428/4157/3 1429/4158/3
f 1736/4159/1 1742/4160/1 1741/4161/1
f 1835/4162/2 1838/4163/2 1836/4164/2
f 1329/4165/5 1333/4166/5 1331/4167/5
f 1345/1501/1 1347/3851/1 1346/3850/1
f 1778/4168/4 1323/4092/4 1324/4043/4
f 1794/4169/5 1797/4170/5 1640/4171/5
f 192/4172/5 190/4173/5 186/4174/5
f 1877/4175/3 1884/4176/3 1881/2014/3
f 727/4177/49 720/3480/49 721/4178/49
f 436/4179/3 439/4180/3 446/4181/3
f 2268/4182/2 2254/4183/2 2259/4184/2
f 3136/4185/4 3135/4186/4 3134/4187/4
f 2351/1323/7 2355/4188/7 2347/4189/7
f 216/4172/4 213/4190/4 212/4191/4
f 969/4192/4 943/4193/4 1054/4194/4
f 3235/3706/7 3234/4195/7 3238/4196/7
f 1704/4197/4 1700/4198/4 1702/4199/4
f 3000/3573/2 2998/4200/2 3002/4201/2
f 334/794/1 498/4202/1 499/2969/1
f 1590/4203/1 2675/4204/1 2682/2862/1
f 762/4205/3 785/4206/3 786/73/3
f 1144/4207/4 1140/4208/4 1145/4193/4
f 1381/4209/3 1382/4210/3 1349/3983/3
f 3140/4211/7 3138/4212/7 3141/4213/7
f 998/4214/4 997/4215/4 941/4208/4
f 3103/4216/2 3104/4217/2 3105/4218/2
f 220/4219/2 222/4220/2 218/4221/2
f 2792/4222/5 2772/4223/5 2770/4224/5
f 2118/4225/5 2108/4226/5 2110/4119/5
f 1249/4227/4 1250/4228/4 1248/4229/4
f 2347/4230/5 2354/4231/5 2353/3771/5
f 1942/4117/4 1940/4232/4 1941/4118/4
f 1438/4233/3 1437/4234/3 1436/4235/3
f 2729/441/2 2728/2147/2 2743/442/2
f 592/4236/1 594/4237/1 595/4238/1
f 2377/4239/1 2380/4240/1 2379/4241/1
f 3285/4242/2 3283/4243/2 3287/4244/2
f 2310/4245/5 2311/4246/5 2299/98/5
f 371/4247/1 375/4248/1 373/4249/1
f 140/4250/7 144/4251/7 138/4252/7
f 2766/4253/5 2748/4254/5 2746/4255/5
f 2253/477/7 2230/4256/7 2252/186/7
f 2429/4257/3 2418/4258/3 2430/545/3
f 603/2792/50 619/4259/50 602/1717/50
f 1689/4260/4 1686/4261/4 1687/4262/4
f 1931/4263/5 1932/4264/5 1934/3203/5
f 2479/4265/3 2471/4266/3 2470/4267/3
f 3242/4196/7 3246/4268/7 3245/4269/7
f 836/4270/5 833/4271/5 1070/4272/5
f 2349/4273/4 2346/4274/4 2348/4275/4
f 1307/4276/3 1326/4277/3 1327/4278/3
f 3417/4279/2 3414/4280/2 3418/4281/2
f 907/4282/4 1005/3800/4 1008/4283/4
f 3329/4284/2 3335/3822/2 3332/4285/2
f 2399/1971/3 2378/3605/3 2386/3489/3
f 1721/4286/1 1725/4287/1 1724/4288/1
f 2275/2639/7 2266/4289/7 2268/2112/7
f 2574/4290/1 2559/4291/1 2560/4292/1
f 571/4293/3 574/4294/3 570/4295/3
f 3093/4296/7 3094/4297/7 3096/4298/7
f 843/4299/3 2102/4300/3 844/4301/3
f 1516/4302/3 1518/4303/3 1521/3854/3
f 2978/4304/4 2973/4305/4 2977/4306/4
f 211/4307/7 215/4308/7 214/4309/7
f 2796/4215/4 2794/4310/4 2795/4311/4
f 2458/4312/2 2453/4313/2 2455/4314/2
f 2856/4315/2 2858/4316/2 2860/4317/2
f 241/1725/2 244/4318/2 243/4319/2
f 2619/4320/5 2620/4321/5 2622/4322/5
f 1809/4323/4 1816/4324/4 1808/4325/4
f 3070/2265/7 3069/4326/7 3072/4327/7
f 2614/4328/2 2601/442/2 2615/858/2
f 1437/4329/2 1441/4330/2 1444/4331/2
f 2488/4332/7 2469/2118/7 2465/2120/7
f 3225/4333/1 3230/3636/1 3224/3635/1
f 1516/4334/2 1520/4335/2 1281/4336/2
f 161/4337/1 156/4338/1 159/4308/1
f 1054/4339/1 1218/4340/1 1223/4341/1
f 2212/2048/2 2188/4342/2 2202/1534/2
f 1804/1634/3 1815/3007/3 1816/4343/3
f 1380/4344/5 1424/3018/5 1384/4345/5
f 2355/2724/3 2348/930/3 2346/4073/3
f 2946/4346/4 2947/4306/4 2948/4347/4
f 1491/4348/4 1276/4349/4 1277/4350/4
f 2885/4351/3 2889/4352/3 2892/4353/3
f 1352/3849/1 1625/4354/1 1622/4355/1
f 774/4356/4 772/4357/4 775/4358/4
f 1406/835/2 1423/3334/2 1410/3333/2
f 2579/4359/5 1585/4360/5 1589/4320/5
f 563/4361/1 565/4362/1 561/4363/1
f 2155/4364/1 2153/4365/1 2152/4366/1
f 394/4367/3 395/4368/3 392/4369/3
f 1778/4370/2 1782/4371/2 1609/4372/2
f 1126/4373/4 952/4374/4 1127/4375/4
f 3328/4376/1 3333/4377/1 3330/4378/1
f 1070/4379/3 951/4380/3 1170/4381/3
f 2531/2751/7 2529/4382/7 2543/4383/7
f 1284/4384/1 1544/651/1 1545/4385/1
f 24/4386/4 21/4387/4 23/4388/4
f 1530/4389/4 1290/4390/4 1293/4391/4
f 3429/4392/2 3434/4393/2 3432/4394/2
f 1883/4395/5 1882/4396/5 1880/4397/5
f 2437/4398/7 2421/4399/7 2422/4400/7
f 129/4401/7 132/4402/7 131/4403/7
f 1462/3442/5 1362/4404/5 1358/4405/5
f 911/4406/5 1220/4407/5 1126/4408/5
f 847/4409/7 851/4410/7 848/255/7
f 1586/4411/2 1584/4412/2 2580/4413/2
f 2461/4414/5 1579/4415/5 1578/4359/5
f 1640/4416/4 1614/4389/4 1796/4391/4
f 1685/4417/7 1789/4418/7 1688/4419/7
f 3017/4420/2 3014/4421/2 3019/4422/2
f 963/4423/5 959/4424/5 966/4406/5
f 2799/2209/3 2784/4425/3 2790/4426/3
f 2608/4427/7 2600/4428/7 2615/4429/7
f 1975/4430/4 1971/4431/4 1976/3579/4
f 1466/4432/2 1469/4433/2 1465/4434/2
f 431/4435/1 134/4436/1 433/4437/1
f 3398/4438/3 3396/4439/3 3402/4440/3
f 488/4441/3 257/4442/3 256/4443/3
f 3217/4444/3 2097/4445/3 3218/3111/3
f 1671/4446/1 1675/4447/1 1672/4448/1
f 3147/4449/1 3150/4047/1 3148/4046/1
f 1261/4450/4 1263/4451/4 1262/4452/4
f 1293/4453/5 1308/4454/5 1292/4455/5
f 2312/2367/7 2315/2318/7 2317/2368/7
f 1509/4456/3 1508/4457/3 1510/4058/3
f 1493/4458/2 1462/4459/2 1497/4460/2
f 2465/3490/1 2466/4461/1 2468/2461/1
f 2821/4462/3 2822/4463/3 2828/4464/3
f 952/4465/7 1030/1822/7 1192/4466/7
f 2013/3537/4 2010/4467/4 2011/4468/4
f 2004/4469/5 2007/4470/5 2003/2821/5
f 1176/4471/2 1177/4472/2 1178/4473/2
f 2329/4474/7 2339/1525/7 2330/1526/7
f 561/4475/7 560/4476/7 562/4477/7
f 2547/4478/1 2543/4479/1 2531/1193/1
f 623/4480/51 601/4481/51 620/4482/51
f 896/4483/5 1010/4484/5 1016/4485/5
f 1452/4486/5 1451/4487/5 1273/4488/5
f 779/4489/1 782/4490/1 781/4491/1
f 1220/4492/2 1125/4493/2 952/3863/2
f 2579/1696/7 2575/4494/7 2577/4495/7
f 987/4496/3 1049/4497/3 1052/4498/3
f 1628/4499/1 1656/4500/1 1629/4501/1
f 1299/4502/4 1286/4503/4 1533/4504/4
f 2756/4505/2 2732/4506/2 2745/4152/2
f 1566/4507/4 1558/4508/4 1288/4503/4
f 1673/4509/7 1906/4510/7 1674/4511/7
f 2313/2478/3 2316/97/3 2315/1669/3
f 1660/4512/2 1643/4513/2 1659/4514/2
f 892/4515/4 1153/4516/4 1155/4517/4
f 427/4518/7 242/4519/7 595/4338/7
f 288/1981/2 577/4520/2 287/4521/2
f 1041/4522/2 945/4523/2 1037/4524/2
f 1841/4525/5 1845/4526/5 1844/4527/5
f 971/2448/7 972/4528/7 1084/2446/7
f 2336/4529/4 1087/4530/4 887/4531/4
f 88/4532/2 92/4533/2 90/4534/2
f 2512/4535/1 2513/4536/1 2511/4537/1
f 236/4538/1 871/3661/1 1129/4539/1
f 3317/4540/4 3318/4347/4 3316/4541/4
f 2309/1870/1 2289/4542/1 2282/4543/1
f 3352/4056/4 3218/4544/4 2029/4545/4
f 282/4546/2 284/4547/2 283/4441/2
f 1655/4548/1 1809/4549/1 1658/4550/1
f 181/4551/2 183/4552/2 182/4553/2
f 2217/1645/2 2197/4554/2 2195/4555/2
f 285/4556/7 454/4557/7 447/4558/7
f 2806/4559/1 2813/1001/1 2812/4560/1
f 2019/4561/5 2023/4562/5 2021/4563/5
f 2600/4564/5 2590/2529/5 2585/4565/5
f 686/4566/7 670/4567/7 682/4568/7
f 1565/4569/4 1566/4516/4 1289/4570/4
f 1567/4571/2 1566/4524/2 1562/4523/2
f 3405/4572/7 3403/4573/7 3406/4574/7
f 499/4575/7 588/4576/7 587/4577/7
f 1027/4578/7 1147/4579/7 1149/4580/7
f 2395/1583/1 2382/1221/1 2370/1220/1
f 3206/4581/1 3204/4582/1 3203/4583/1
f 1571/4584/4 1315/4585/4 1314/4586/4
f 64/4587/2 68/4588/2 65/4589/2
f 949/4590/5 914/4591/5 1219/4592/5
f 1904/4593/1 1839/2117/1 3083/4594/1
f 1498/1957/1 1502/4595/1 1504/4596/1
f 3111/4597/4 3106/4598/4 3112/4599/4
f 713/4600/52 705/1301/52 704/1300/52
f 329/717/3 331/4601/3 852/4602/3
f 1789/4603/2 1686/4604/2 1683/4605/2
f 3186/4606/3 3191/4607/3 3188/4608/3
f 2231/1344/2 2227/4609/2 2226/4610/2
f 2789/4611/7 2784/4612/7 2790/3746/7
f 1592/4613/7 2694/4614/7 2693/4615/7
f 2287/4616/5 2263/1173/5 2262/4617/5
f 2611/2881/3 2597/2572/3 2599/4618/3
f 1901/4619/1 3083/4594/1 1902/4620/1
f 92/4621/4 89/4622/4 90/4623/4
f 3431/4624/7 3427/4625/7 3429/4626/7
f 1879/4627/2 1881/4628/2 1882/4629/2
f 2520/1658/5 2507/4630/5 2519/1883/5
f 3178/4631/2 3185/4632/2 3184/4633/2
f 1188/4229/4 1173/399/4 1187/4227/4
f 2536/4634/3 2533/4635/3 2534/4636/3
f 3031/4637/7 3036/4638/7 3034/4639/7
f 1024/4329/2 1023/4640/2 1019/4641/2
f 176/4642/5 171/4557/5 177/4643/5
f 2201/1363/3 2203/4644/3 2188/4645/3
f 1814/3938/1 1665/4646/1 1670/4647/1
f 1961/4648/5 1965/4649/5 1966/4650/5
f 3399/4574/7 3398/4651/7 3397/4652/7
f 3149/4653/5 3151/4654/5 3150/4655/5
f 449/4656/2 450/3149/2 285/4657/2
f 2201/4658/7 2213/4659/7 2211/4660/7
f 1603/4661/1 1599/4662/1 1600/4663/1
f 3232/4664/1 3236/4665/1 3233/4666/1
f 1360/4667/2 1523/4668/2 1524/4669/2
f 1481/4670/7 1487/4671/7 1484/4672/7
f 3372/4673/5 3376/4674/5 3377/4675/5
f 1867/4676/3 1871/4677/3 1868/4678/3
f 559/4679/5 570/4680/5 558/3446/5
f 584/4681/3 592/4682/3 248/1665/3
f 1860/4683/5 1861/4684/5 1859/4685/5
f 1606/4686/4 1649/4687/4 1651/4688/4
f 1904/4689/5 1905/4690/5 3083/4691/5
f 2741/4692/5 2734/4693/5 2719/2453/5
f 1775/2309/1 1772/3032/1 1774/4694/1
f 546/4695/1 544/4696/1 545/1802/1
f 1661/4697/7 1664/4698/7 1662/4699/7
f 1893/4700/5 1896/1155/5 1895/4701/5
f 549/4702/2 386/4703/2 547/1511/2
f 883/4704/7 1019/4705/7 1023/4706/7
f 1745/4707/3 1774/4708/3 1776/4709/3
f 2539/4710/7 2540/4711/7 2522/4712/7
f 3189/4713/5 3193/4714/5 3190/4715/5
f 2525/4716/4 2524/4578/4 2526/4717/4
f 571/4718/2 581/4719/2 570/4720/2
f 1533/4721/1 1366/309/1 1368/4722/1
f 3116/4723/5 3120/4724/5 3119/4725/5
f 3132/4726/7 3130/4727/7 3133/4728/7
f 2698/4729/7 2697/4730/7 1592/4613/7
f 438/4731/5 441/4732/5 461/4733/5
f 538/4734/4 535/4735/4 537/4736/4
f 1478/4737/3 1321/4738/3 1479/4739/3
f 1453/4740/2 1458/4741/2 1457/4742/2
f 3110/4743/7 3109/4744/7 3108/4745/7
f 831/4746/1 795/4747/1 822/1857/1
f 2807/84/2 2803/4748/2 2804/2038/2
f 3197/4749/5 3201/4750/5 3198/4751/5
f 1913/4752/3 1915/4753/3 1919/4470/3
f 2603/4101/1 2610/4754/1 2589/4755/1
f 1252/4756/5 2217/2775/5 2102/4757/5
f 1588/4758/5 2573/1646/5 2567/3898/5
f 2218/4759/5 2208/4760/5 2207/4414/5
f 484/4761/3 248/1665/3 488/3957/3
f 2945/4762/2 2942/4763/2 2946/2715/2
f 284/4764/1 1125/4765/1 860/4766/1
f 2585/4565/5 2586/4767/5 2583/4768/5
f 1607/4769/7 1604/4770/7 1778/4771/7
f 3242/4772/5 3247/4773/5 3244/4750/5
f 3048/4774/4 3051/4775/4 3050/4776/4
f 1443/4777/7 1307/4778/7 1322/4779/7
f 2513/4780/4 2514/4781/4 2511/4716/4
f 2138/626/3 2134/1815/3 2116/1484/3
f 2063/4782/4 3218/4783/4 2095/4784/4
f 1181/552/4 1176/1710/4 1182/4785/4
f 2399/840/2 2396/4786/2 2401/1578/2
f 3088/4787/2 3089/4788/2 3087/4789/2
f 530/4790/1 868/4791/1 533/4792/1
f 1970/4793/4 1967/4794/4 1933/3852/4
f 2264/4795/5 2258/4796/5 2260/4797/5
f 2531/1193/1 2520/4798/1 2523/1527/1
f 1446/4799/5 1439/4800/5 1306/4801/5
f 319/4802/1 505/3603/1 494/4803/1
f 1150/4804/2 1153/4805/2 1152/4806/2
f 2327/4807/3 2318/4808/3 2322/4809/3
f 1341/153/7 1336/4810/7 1345/3979/7
f 319/4811/5 325/4812/5 323/4813/5
f 2291/4814/1 2298/3531/1 2296/3530/1
f 3228/4815/7 3227/4816/7 3226/4817/7
f 1497/48/2 1373/4818/2 1374/46/2
f 824/4819/2 786/4820/2 765/4821/2
f 1391/4822/3 1403/4823/3 1392/4824/3
f 1708/4825/2 1709/221/2 1707/4826/2
f 2121/299/5 2120/3902/5 2119/2528/5
f 1764/4827/5 1767/4828/5 1770/4829/5
f 2838/4830/7 2839/4639/7 2841/4831/7
f 2504/4832/7 2496/4833/7 2498/4834/7
f 1316/4835/2 1294/4836/2 1319/1288/2
f 2693/4615/7 1196/4837/7 2695/4838/7
f 2626/4839/2 2621/4840/2 2620/4841/2
f 1907/4842/1 1910/4843/1 1909/4844/1
f 2308/4845/5 2305/4846/5 2303/4847/5
f 2562/3900/5 2551/4848/5 2559/4849/5
f 2510/4850/7 2519/4851/7 2509/4852/7
f 32/4853/4 27/4854/4 31/4855/4
f 1014/4856/1 1016/1015/1 1015/4857/1
f 2421/2728/5 2424/4858/5 2423/4859/5
f 2542/4860/2 2546/4861/2 2550/4862/2
f 1906/4863/3 1672/4864/3 1772/3164/3
f 1973/4865/2 1976/4866/2 1971/4867/2
f 762/4868/7 790/4869/7 763/4870/7
f 3009/4871/2 3012/4633/2 3011/4872/2
f 1613/4873/5 1610/2192/5 1614/4874/5
f 1306/4875/5 1327/1278/5 1305/4876/5
f 1980/4877/5 1985/4878/5 1984/4879/5
f 148/4880/7 150/4881/7 149/4882/7
f 159/4883/4 158/4884/4 160/4885/4
f 2025/4886/5 3352/4887/5 2029/4888/5
f 1536/4889/5 1518/4890/5 1539/4891/5
f 2540/918/2 2517/4505/2 2516/4892/2
f 1805/4893/1 1816/4894/1 1810/4895/1
f 2403/1248/5 2388/2566/5 2408/4896/5
f 2076/4897/3 2080/4898/3 2082/4899/3
f 1768/4900/3 1771/4901/3 1769/4902/3
f 1059/4903/5 1064/4904/5 923/4905/5
f 392/4906/7 424/4907/7 543/4908/7
f 2891/4909/2 2885/4910/2 2892/4911/2
f 2472/4912/4 2470/4913/4 2471/4780/4
f 2692/4914/7 2690/4915/7 2681/4916/7
f 2243/4917/1 2256/4918/1 2241/787/1
f 2336/3791/2 2325/4919/2 2337/4920/2
f 808/4921/1 806/4922/1 809/4923/1
f 3348/4924/2 3344/4925/2 3349/4926/2
f 490/4927/3 273/4928/3 270/2941/3
f 1916/4929/5 1918/3331/5 1917/4753/5
f 852/4930/3 856/4931/3 992/4932/3
f 2815/1646/5 2804/4555/5 2801/3899/5
f 2194/4933/5 2183/4934/5 2187/4845/5
f 1443/4935/5 1781/4936/5 1325/4937/5
f 29/4938/7 28/4939/7 30/4522/7
f 2388/2372/2 2394/4328/2 2381/4061/2
f 196/4940/7 201/4941/7 194/4881/7
f 1637/4942/2 1640/4943/2 1639/4944/2
f 2341/4945/3 1258/4946/3 1261/4947/3
f 2053/4948/4 2051/4949/4 2052/4950/4
f 2294/4951/1 2280/4952/1 2284/4953/1
f 2213/4137/5 2202/4954/5 2186/1302/5
f 1175/4955/1 1164/4956/1 1163/2898/1
f 2902/3269/7 2908/4957/7 2907/4958/7
f 779/4959/7 777/4960/7 780/4961/7
f 2419/4962/7 2411/2127/7 2413/2129/7
f 254/4963/1 253/4964/1 257/4965/1
f 2582/4966/7 2580/4967/7 1588/1694/7
f 2957/4968/3 2961/2134/3 2964/4969/3
f 274/4970/4 272/4971/4 848/4972/4
f 469/4973/1 305/4974/1 306/4975/1
f 2778/3747/7 2780/4976/7 2779/3748/7
f 1423/3729/7 1345/4977/7 1346/4978/7
f 48/4979/4 45/3813/4 47/4980/4
f 2458/2692/2 1575/850/2 2460/2693/2
f 1232/4981/7 1581/4982/7 1233/4983/7
f 493/4984/2 269/4985/2 495/4986/2
f 1621/4987/3 1618/544/3 1616/4988/3
f 379/4989/5 1156/4990/5 978/1274/5
f 1627/4991/5 1636/1905/5 1635/4992/5
f 2457/4993/5 2450/1841/5 2459/4994/5
f 3438/4995/5 3439/951/5 3437/4996/5
f 2990/4997/1 2993/4998/1 2992/4999/1
f 2136/4693/2 2117/5000/2 2120/2947/2
f 3067/5001/3 3065/5002/3 3062/5003/3
f 2005/5004/2 3085/5005/2 2007/5006/2
f 1008/5007/1 1006/5008/1 1007/5009/1
f 651/5010/53 686/5011/53 650/5012/53
f 807/5013/7 816/5014/7 808/5015/7
f 2784/5016/5 2786/5017/5 2785/5018/5
f 1154/5019/7 1150/5020/7 894/5021/7
f 921/5022/7 1115/5021/7 1114/5023/7
f 2974/5024/5 2978/5025/5 2977/5026/5
f 750/5027/5 754/5028/5 748/5029/5
f 1422/5030/7 1421/5031/7 1420/5032/7
f 1242/5033/1 1244/5034/1 1243/5035/1
f 1028/5036/2 995/5037/2 997/5038/2
f 681/3075/54 645/5039/54 680/1851/54
f 504/5040/3 334/5041/3 586/716/3
f 406/5042/7 418/4884/7 417/5043/7
f 2290/5044/2 2276/5045/2 2263/5046/2
f 2776/2223/5 2777/5047/5 2763/5048/5
f 972/5049/5 1015/5050/5 973/5051/5
f 1039/2472/5 948/5052/5 1040/1056/5
f 1751/5053/3 1752/4902/3 1753/5054/3
f 899/5055/2 1077/5056/2 1078/5057/2
f 1848/5058/3 1855/5059/3 1853/5060/3
f 2492/1675/7 2494/5061/7 2493/5062/7
f 626/2421/55 643/5063/55 625/5064/55
f 2711/5065/2 2730/5066/2 2707/22/2
f 507/5067/7 505/5068/7 504/5069/7
f 2459/4994/5 2435/5070/5 2439/2726/5
f 1102/5071/3 1105/5072/3 927/494/3
f 1080/5073/4 1078/5074/4 1079/5075/4
f 333/5076/5 335/5025/5 337/5077/5
f 587/5078/5 326/5079/5 333/5080/5
f 1519/4596/1 1517/5081/1 1522/5082/1
f 1891/5083/3 1886/5084/3 1892/4684/3
f 2517/3109/3 2504/5085/3 2515/5086/3
f 395/5087/3 381/5088/3 380/5089/3
f 1638/5090/5 1639/5091/5 1645/5092/5
f 1035/5093/3 939/5094/3 1033/495/3
f 162/5095/2 168/5096/2 169/5097/2
f 2178/635/1 2155/5098/1 2157/5099/1
f 1484/5100/3 1480/5101/3 1485/5102/3
f 3149/5103/7 3146/4831/7 3152/5104/7
f 1890/5105/4 1886/5106/4 1888/5107/4
f 2230/5108/1 2240/5109/1 2236/5110/1
f 1776/5111/4 1772/1463/4 1773/5112/4
f 778/5113/3 781/2037/3 784/5114/3
f 1649/5115/4 1659/5116/4 1643/5117/4
f 180/5118/7 178/5119/7 184/5120/7
f 1988/5121/1 1994/5122/1 1991/3471/1
f 584/5123/1 585/5124/1 248/5125/1
f 1741/303/4 1738/5126/4 1739/301/4
f 2156/5127/3 2143/1483/3 2158/1549/3
f 2707/5128/3 2713/5129/3 2711/5130/3
f 1538/5131/1 1539/5132/1 1360/5133/1
f 2774/5134/5 2769/5135/5 2753/5136/5
f 847/5137/3 841/5138/3 850/5139/3
f 3155/5140/3 3158/5141/3 3154/5084/3
f 2401/2983/3 2384/5142/3 2399/1971/3
f 1943/5143/1 1947/5144/1 1949/749/1
f 2459/5145/1 2442/5146/1 2449/2692/1
f 925/5147/4 1117/5148/4 922/5149/4
f 2078/5150/2 2082/5151/2 2081/5152/2
f 2342/5153/7 236/5154/7 880/5155/7
f 3459/5156/3 3461/5157/3 3460/5059/3
f 1259/5158/2 1261/5159/2 1262/5160/2
f 393/1915/7 422/3687/7 396/3686/7
f 2700/901/3 2691/1668/3 2690/1362/3
f 287/5161/3 869/5162/3 288/5163/3
f 2692/5164/5 2666/3380/5 2680/5165/5
f 2763/3848/7 2765/3042/7 2777/3847/7
f 3476/5166/2 3482/5167/2 3481/5168/2
f 1220/3404/2 1222/5169/2 1221/5170/2
f 2628/5171/5 2614/298/5 2613/5172/5
f 1625/5173/4 1624/3103/4 1622/3102/4
f 2671/2982/3 2660/5174/3 2673/3373/3
f 1018/5175/3 926/5176/3 1017/5177/3
f 2610/5178/5 2598/5179/5 2595/5180/5
f 1368/5181/4 1800/5182/4 1369/5183/4
f 1040/5184/4 1041/5185/4 1038/5186/4
f 3262/5187/2 3260/5188/2 3258/5189/2
f 2451/5190/3 2452/5191/3 2453/5192/3
f 2760/5148/4 2761/5193/4 2759/5194/4
f 2636/986/7 2649/5195/7 2648/5196/7
f 1316/5197/7 1655/5198/7 1320/5173/7
f 2437/4954/3 2413/1413/3 2411/1303/3
f 3246/5199/3 3240/5200/3 3243/5201/3
f 814/5202/7 811/1504/7 813/5203/7
f 461/5204/4 446/5205/4 439/5206/4
f 1761/5207/1 1759/5208/1 1760/5209/1
f 3221/5210/5 3222/3918/5 3084/5211/5
f 1541/5212/5 1540/5213/5 1544/5214/5
f 1002/5215/5 1004/876/5 1003/5216/5
f 400/5217/7 399/5218/7 430/5219/7
f 1173/5220/4 1171/5221/4 1172/5222/4
f 3087/5223/4 3083/5224/4 1839/5225/4
f 1830/5226/4 1825/5227/4 1827/2342/4
f 2180/3051/2 2156/5228/2 2159/10/2
f 2804/3844/7 2793/2119/7 2803/5229/7
f 655/5230/56 673/5231/56 674/5232/56
f 2047/5233/3 2051/5234/3 2054/5235/3
f 881/5236/7 306/5237/7 279/5238/7
f 43/5239/3 37/3757/3 44/5240/3
f 2518/1558/2 2510/5241/2 2507/61/2
f 956/5242/7 953/5243/7 958/5244/7
f 2647/5245/1 2651/5246/1 2653/5247/1
f 2711/5248/4 2712/5249/4 2710/5250/4
f 435/5251/4 509/5252/4 433/5042/4
f 2589/4755/1 2595/5253/1 2597/5254/1
f 2498/5255/5 2506/2453/5 2487/5256/5
f 2039/5257/1 2046/5258/1 2045/2641/1
f 2769/5259/3 2762/5260/3 2760/5261/3
f 763/5262/4 804/5263/4 805/5264/4
f 1750/5265/1 1748/3513/1 1752/5266/1
f 2705/2928/7 2708/4382/7 2707/2929/7
f 783/5267/7 756/5268/7 759/5269/7
f 2693/5270/2 2696/5271/2 2683/5272/2
f 2410/5273/5 2398/5274/5 2397/1953/5
f 2182/5275/3 2169/973/3 2166/848/3
f 3210/5276/3 2000/5277/3 3215/5278/3
f 2032/5279/2 2038/5280/2 2036/5281/2
f 1201/5282/2 1196/4112/2 1590/5283/2
f 2408/4896/5 2381/2164/5 2377/298/5
f 1611/4528/7 1612/5284/7 1613/5285/7
f 314/5286/4 316/5287/4 315/5288/4
f 1713/5289/2 1712/5290/2 1718/5291/2
f 2255/5292/3 2245/5293/3 2248/5259/3
f 2102/4757/5 2195/4137/5 2204/2235/5
f 157/5294/7 154/5295/7 161/5119/7
f 1135/5296/3 1138/1747/3 1136/5297/3
f 2465/5298/5 2473/5299/5 2472/5300/5
f 1930/5301/7 1996/947/7 1968/487/7
f 2347/5302/1 2349/5303/1 2348/5304/1
f 2683/5305/3 2688/5306/3 2689/5190/3
f 2537/5307/5 2540/5136/5 2522/5308/5
f 1319/5309/3 1291/5310/3 1316/5311/3
f 239/5312/1 885/5313/1 240/5314/1
f 1897/5315/7 1893/4468/7 1899/4467/7
f 1037/5316/3 1038/5317/3 1041/5318/3
f 1599/5319/1 2817/999/1 2806/4559/1
f 2347/4189/7 2364/4017/7 2363/4016/7
f 2971/5320/2 2968/5321/2 2967/5322/2
f 1626/5323/2 1635/1759/2 1630/5324/2
f 2194/1292/7 2193/1322/7 2192/1324/7
f 2055/5325/7 2060/5326/7 2059/5327/7
f 1321/5328/2 1426/5329/2 1429/4345/2
f 2635/3876/1 2613/5330/1 2612/5331/1
f 3372/5332/7 3373/5104/7 3375/5333/7
f 2320/5334/5 2321/5335/5 2319/5336/5
f 632/5337/57 598/5338/57 634/5339/57
f 1236/5340/2 1250/5341/2 1245/5342/2
f 2919/5343/2 2923/5344/2 2924/5345/2
f 2414/5346/4 2415/3915/4 2412/3914/4
f 2384/5347/5 2391/5348/5 2390/5349/5
f 540/5350/4 542/5351/4 539/5352/4
f 1525/5353/5 1360/5354/5 1526/5355/5
f 821/5356/7 803/5357/7 802/5358/7
f 920/5359/1 916/5360/1 918/5008/1
f 472/5361/1 475/5362/1 469/4973/1
f 1908/4511/7 1904/5363/7 1911/5364/7
f 3381/5365/5 3386/5366/5 3383/5367/5
f 2486/5368/7 2479/5369/7 2488/4332/7
f 1109/5370/7 1107/5371/7 1111/5372/7
f 3334/5373/3 3330/5374/3 3335/5375/3
f 2144/4053/7 2138/5376/7 2133/5377/7
f 269/5378/5 272/5379/5 275/5380/5
f 2445/5381/2 2429/1732/2 2431/3448/2
f 1427/5382/1 1430/5383/1 1428/5384/1
f 2637/1506/3 2612/5385/3 2616/5386/3
f 3427/5387/3 3433/5388/3 3434/5234/3
f 547/5389/7 544/5390/7 549/5391/7
f 1549/5392/2 1551/5393/2 1555/5394/2
f 2643/5395/2 2669/1577/2 2667/5396/2
f 580/5397/3 370/5398/3 581/5399/3
f 17/5400/2 19/5401/2 18/5402/2
f 1334/5403/7 1329/5404/7 1336/5405/7
f 2353/5406/4 2350/5370/4 2352/5407/4
f 882/5408/4 871/5409/4 2343/5410/4
f 431/5411/3 435/5412/3 433/419/3
f 1711/5413/3 1717/5414/3 1712/5415/3
f 3435/5416/1 3437/5417/1 3436/5418/1
f 2705/166/1 2720/2847/1 2719/2846/1
f 2561/4494/7 2559/1770/7 2560/4495/7
f 2542/5419/3 2531/5420/3 2532/4246/3
f 2969/5421/1 2965/5422/1 2966/5423/1
f 592/5424/1 251/5425/1 250/5426/1
f 1141/5427/5 897/5428/5 1144/5429/5
f 798/5430/3 821/1405/3 807/5431/3
f 1464/5432/5 1465/5433/5 1370/5353/5
f 1216/5434/3 1212/1594/3 1214/5435/3
f 2188/4645/3 2177/847/3 2176/3877/3
f 3008/5436/1 3010/5437/1 3005/5438/1
f 3019/5439/4 3015/5440/4 3018/5441/4
f 358/5442/3 360/5443/3 359/5444/3
f 3331/5445/5 3332/5446/5 3333/5447/5
f 970/5448/1 955/1224/1 1207/5449/1
f 2462/5450/1 2456/5451/1 2463/5452/1
f 1316/4835/2 1656/5453/2 1657/5454/2
f 1871/5455/4 1866/5456/4 1868/5457/4
f 2315/1669/3 2301/99/3 2292/971/3
f 496/5458/7 338/5459/7 501/5295/7
f 1169/5460/2 859/5461/2 1030/5462/2
f 835/5463/4 1111/5464/4 845/5465/4
f 493/5466/3 321/5467/3 273/4928/3
f 393/5468/1 397/5469/1 395/4436/1
f 2339/1145/5 2327/5470/5 2326/5471/5
f 891/5472/7 873/5473/7 886/5474/7
f 1331/2073/1 1503/5475/1 1794/4370/1
f 396/5476/5 398/5477/5 397/5478/5
f 3130/5479/3 3135/5480/3 3137/5481/3
f 3081/150/7 3080/1436/7 3079/5482/7
f 2881/4817/4 2878/5483/4 2879/5484/4
f 2625/5485/7 2619/5486/7 2626/5487/7
f 1535/5488/2 1285/5489/2 1286/4667/2
f 279/5490/4 280/5491/4 278/5459/4
f 1449/5492/2 1293/5493/2 1451/2745/2
f 396/5494/2 570/4720/2 397/5495/2
f 475/3426/4 577/5496/4 301/3424/4
f 557/3447/5 374/5497/5 375/5498/5
f 912/5499/2 1044/5500/2 1043/5501/2
f 3260/5502/4 3256/5503/4 3261/5504/4
f 408/5505/4 409/5406/4 407/5506/4
f 2169/5507/5 2161/5508/5 2163/5334/5
f 3326/5509/3 3325/5510/3 3327/5511/3
f 2948/5512/5 1709/5513/5 1743/5514/5
f 144/5515/5 141/5516/5 142/5517/5
f 465/5518/1 349/1630/1 444/175/1
f 101/5519/3 104/5520/3 103/5521/3
f 767/5522/2 777/5523/2 766/5524/2
f 2133/5525/5 2139/5526/5 2140/5527/5
f 1170/5528/1 1073/5529/1 1070/5530/1
f 1130/5531/2 883/5532/2 1128/5533/2
f 2707/1730/2 2709/5534/2 2706/3987/2
f 2283/3755/2 2270/5535/2 2268/4182/2
f 223/5536/4 218/5537/4 222/5538/4
f 2509/920/1 2490/5539/1 2499/1975/1
f 2150/2418/7 2149/5540/7 2148/2440/7
f 1505/5541/2 1463/5542/2 1460/5543/2
f 2218/5544/7 2217/5545/7 2102/5546/7
f 155/5547/2 160/5548/2 158/5549/2
f 616/5550/58 617/5551/58 604/2790/58
f 1318/5552/1 1314/1432/1 1317/5553/1
f 1771/5554/4 1767/5555/4 1769/5556/4
f 2317/5557/3 2306/5558/3 2307/5559/3
f 968/5560/2 1055/5561/2 969/5562/2
f 2342/5563/3 2338/1077/3 2343/5564/3
f 3423/4394/1 3420/5565/1 3419/5566/1
f 676/4027/59 653/5567/59 675/5568/59
f 2549/5569/4 2546/5570/4 2548/5571/4
f 2835/5572/4 2836/5441/4 2834/5573/4
f 1482/5574/5 1483/5575/5 1486/3261/5
f 3124/5576/2 3129/5577/2 3128/5578/2
f 1962/5579/3 1964/5580/3 1963/5581/3
f 150/5582/5 147/5547/5 146/5549/5
f 1169/5583/1 1172/4199/1 1171/5584/1
f 3238/5585/2 3237/5586/2 3239/5587/2
f 230/5588/1 227/3545/1 226/5589/1
f 513/5590/5 858/5591/5 514/5592/5
f 2512/5593/5 2496/4692/5 2498/5255/5
f 2423/4859/5 2396/5594/5 2410/5273/5
f 2016/5595/7 2019/5596/7 2018/5597/7
f 1045/5598/7 1042/5599/7 915/5600/7
f 2496/5601/2 2505/1731/2 2506/5602/2
f 405/5603/7 534/5604/7 536/5605/7
f 1297/5606/7 1299/5607/7 1302/5608/7
f 1212/1594/3 2574/5609/3 2572/673/3
f 430/5610/3 413/2298/3 509/5611/3
f 2405/5612/4 2406/5613/4 2404/5346/4
f 984/5614/4 979/5615/4 983/5616/4
f 2461/5617/7 1575/5618/7 2457/5619/7
f 2222/5620/1 2210/5621/1 1251/3236/1
f 346/5622/7 854/5623/7 853/5624/7
f 427/5625/3 245/5626/3 244/5627/3
f 1784/5628/5 1618/1904/5 1785/4991/5
f 2209/5629/3 2206/5630/3 2205/5557/3
f 2254/625/3 2256/1551/3 2244/1815/3
f 1602/5631/2 2818/5632/2 1597/5633/2
f 326/5634/2 504/5635/2 586/5636/2
f 2781/4062/2 2754/5637/2 2769/917/2
f 2194/3132/1 2167/5638/1 2172/5639/1
f 1930/5640/3 3084/5641/3 1933/5642/3
f 1116/5643/3 922/5644/3 1117/5645/3
f 474/5646/4 475/5647/4 473/5648/4
f 1697/5649/4 1692/5650/4 1694/5651/4
f 261/5652/3 845/5653/3 1111/5654/3
f 994/5655/2 1095/5656/2 992/5657/2
f 1257/5658/5 2330/5659/5 2339/1145/5
f 859/5660/3 1028/1477/3 1030/2373/3
f 2596/5661/7 2589/5662/7 2611/1898/7
f 2909/5663/3 2912/5664/3 2911/3117/3
f 2544/5665/5 2529/5666/5 2543/1656/5
f 807/5667/3 809/5668/3 762/5625/3
f 2034/5669/5 2036/5670/5 2035/5388/5
f 51/5671/2 55/5672/2 54/5673/2
f 1178/5674/3 1182/5675/3 1176/5676/3
f 2498/5677/1 2501/5678/1 2500/5679/1
f 1687/5680/3 1684/5681/3 1685/5682/3
f 3205/5683/2 3208/5684/2 3207/5685/2
f 851/2076/1 1251/3236/1 849/5686/1
f 2344/5687/5 2336/1124/5 2334/85/5
f 480/5688/7 463/5689/7 462/5690/7
f 3462/5691/1 3465/5566/1 3461/5692/1
f 2769/917/2 2757/5693/2 2756/4505/2
f 3029/5694/1 3033/5695/1 3032/5696/1
f 250/5697/4 832/5698/4 249/5699/4
f 2968/5700/4 2970/5573/4 2969/5701/4
f 2660/2864/1 2647/5702/1 2659/3427/1
f 1923/5703/3 1926/5704/3 1924/5580/3
f 2401/5705/2 2406/5706/2 2400/5707/2
f 485/5708/7 483/5709/7 482/2578/7
f 1652/5710/1 1654/5711/1 1606/5712/1
f 2721/5713/1 2722/5714/1 2724/5715/1
f 884/5716/2 880/5717/2 881/5718/2
f 3421/5719/3 3424/5720/3 3422/5721/3
f 2329/1077/3 2320/87/3 2325/5722/3
f 1462/5723/4 1278/5724/4 1497/5725/4
f 460/5726/2 457/5727/2 459/5728/2
f 2418/5729/7 2434/5730/7 2419/4962/7
f 3267/5731/7 3271/5732/7 3270/5733/7
f 2148/5734/1 2169/5735/1 2168/5736/1
f 2505/1731/2 2479/3986/2 2506/5602/2
f 2293/973/3 2279/5737/3 2270/3998/3
f 3212/4269/7 3210/5738/7 3213/5739/7
f 1864/5740/2 1868/2262/2 1866/5741/2
f 2050/5742/2 2054/2332/2 2053/5743/2
f 1812/5744/5 1670/5745/5 1813/5746/5
f 3314/5747/7 3315/5748/7 3319/5749/7
f 2420/690/1 2408/5750/1 2393/1581/1
f 1729/5751/3 1728/5752/3 1727/5753/3
f 977/5754/1 895/5755/1 978/5756/1
f 2621/5757/4 2622/5758/4 2620/5759/4
f 2949/5760/5 3087/5761/5 1839/5762/5
f 870/5763/3 935/5645/3 955/5764/3
f 268/5765/5 846/5766/5 265/5767/5
f 2281/972/3 2277/4616/3 2275/5737/3
f 2138/5376/7 2135/5768/7 2133/5377/7
f 1231/5769/4 1224/5770/4 1228/5771/4
f 1564/5772/7 1567/5773/7 1563/5774/7
f 2581/2661/1 2562/5775/1 2574/4290/1
f 2547/1772/7 2545/5776/7 2544/5777/7
f 452/5778/1 353/5779/1 355/5780/1
f 2829/5781/3 2836/5782/3 2830/5510/3
f 331/5783/4 330/5784/4 852/5698/4
f 816/5785/4 815/5786/4 797/3840/4
f 2666/5787/7 2670/5788/7 2663/5789/7
f 3250/4327/7 3248/5790/7 3252/5791/7
f 2012/5792/5 2013/5793/5 2011/2951/5
f 1583/4128/2 2558/5794/2 2563/5795/2
f 1867/5796/7 1870/4094/7 1869/4093/7
f 1354/3244/4 1356/5797/4 1355/3242/4
f 2309/5798/5 2297/5799/5 2298/5800/5
f 1556/5801/4 1312/5802/4 1553/5803/4
f 566/5804/1 360/5805/1 361/5806/1
f 583/5807/2 488/610/2 252/2798/2
f 952/5808/4 1170/5809/4 951/5802/4
f 1870/5810/5 1866/5811/5 1865/5704/5
f 2911/5812/2 2914/5813/2 2909/5814/2
f 1766/5815/2 1769/5816/2 1767/71/2
f 78/5817/3 80/5818/3 79/5819/3
f 2163/5820/4 2162/5821/4 2164/5822/4
f 405/5823/3 538/5824/3 537/5825/3
f 2495/5826/2 2481/5827/2 2494/441/2
f 1185/5828/3 1189/1533/3 1188/5829/3
f 2563/5795/2 2542/5830/2 2545/1231/2
f 934/5831/3 932/5832/3 1001/5833/3
f 1038/5834/2 1238/5835/2 1240/5836/2
f 308/5837/3 310/5838/3 312/5823/3
f 1300/5839/4 1296/5840/4 1301/5841/4
f 1197/3499/7 1195/5842/7 1200/3723/7
f 1955/5843/7 1951/5844/7 1956/5845/7
f 3347/5846/7 3345/5847/7 3348/5848/7
f 2663/4644/3 2668/5275/3 2667/847/3
f 277/5849/3 279/5850/3 278/5837/3
f 492/5851/3 264/5852/3 266/5853/3
f 2747/5854/2 2750/5855/2 2748/5856/2
f 467/854/2 352/5857/2 466/855/2
f 3142/5858/1 3145/5859/1 3139/5860/1
f 2442/5861/5 2444/5862/5 2443/5863/5
f 1957/5864/4 1952/5865/4 1954/5866/4
f 2148/2566/5 2137/3684/5 2135/2164/5
f 285/5867/3 286/5868/3 284/5869/3
f 2488/5870/5 2478/5871/5 2477/5872/5
f 2251/3653/1 2237/5873/1 2230/5108/1
f 1690/5874/1 1694/5875/1 1692/5876/1
f 1095/5877/1 1097/5878/1 1098/5212/1
f 1393/5879/7 1391/5880/7 1395/5881/7
f 2384/5882/7 2398/5883/7 2397/5884/7
f 2899/4958/4 2900/5885/4 2898/5886/4
f 1503/5887/5 1332/5888/5 1794/5889/5
f 2372/5890/3 2352/5891/3 2350/5892/3
f 273/5893/4 492/5894/4 270/5895/4
f 2803/4110/3 2783/5896/3 2780/2180/3
f 1408/5897/3 1410/5898/3 1341/5899/3
f 2025/5900/1 2030/868/1 2029/3959/1
f 825/5901/3 827/5902/3 826/5867/3
f 3221/5903/7 3220/5904/7 3219/5905/7
f 2675/5906/5 2672/3488/5 2674/5907/5
f 2547/5908/5 2550/5909/5 2549/5910/5
f 3267/5911/5 3268/5912/5 3266/5913/5
f 243/5914/2 987/5915/2 833/5916/2
f 2947/5917/2 1776/5918/2 1773/5919/2
f 768/814/5 767/948/5 769/5920/5
f 1182/4819/1 1180/5921/1 1181/5922/1
f 1359/2766/3 1364/2893/3 1363/5923/3
f 662/5924/60 672/5925/60 658/5926/60
f 1422/5927/3 1424/5928/3 1423/5929/3
f 634/5339/61 599/1259/61 624/1258/61
f 1/5930/1 2/120/1 8/5931/1
f 748/5932/2 752/5933/2 750/5934/2
f 774/5935/4 767/5936/4 766/5937/4
f 1294/5938/3 1304/3388/3 1308/1532/3
f 1987/5939/3 1991/1830/3 1990/5940/3
f 2751/4660/7 2747/1384/7 2764/4658/7
f 1804/5941/5 1808/1966/5 1816/305/5
f 1863/5942/3 1857/5943/3 1856/5811/3
f 1887/5944/7 1891/5945/7 1889/5946/7
f 789/5947/4 784/5948/4 788/5949/4
f 2347/5950/1 2352/2096/1 2351/5951/1
f 3081/5952/5 3082/5953/5 2950/5954/5
f 2281/5955/2 2286/5956/2 2285/5957/2
f 2402/5958/3 2404/5959/3 2406/5960/3
f 1213/5961/7 1217/5962/7 1216/5963/7
f 2446/752/7 2445/5964/7 2448/1816/7
f 3031/5965/5 3035/5966/5 3033/5967/5
f 2322/5968/4 2319/5969/4 2321/5970/4
f 1371/5971/3 1679/843/3 1373/5280/3
f 2883/5972/2 2882/5973/2 2881/5974/2
f 554/5975/7 547/5976/7 559/5977/7
f 2172/5639/1 2168/5736/1 2169/5735/1
f 446/5978/1 292/5979/1 295/5980/1
f 1077/5981/3 1079/5982/3 1078/5983/3
f 2913/5886/7 2909/5984/7 2914/5985/7
f 2116/3025/7 2121/5986/7 2134/3026/7
f 1137/5987/7 905/5988/7 902/5989/7
f 982/5990/5 1186/5991/5 984/5992/5
f 986/5993/1 1052/5994/1 985/5995/1
f 744/5996/1 746/2131/1 745/2004/1
f 1636/5997/4 1632/4688/4 1635/4687/4
f 247/5998/5 832/5999/5 251/6000/5
f 1125/2473/5 1192/1056/5 952/6001/5
f 30/6002/3 26/6003/3 32/6004/3
f 2373/371/1 2363/6005/1 2347/5302/1
f 433/6006/2 430/6007/2 431/6008/2
f 568/1034/5 290/6009/5 289/6010/5
f 3046/6011/5 3048/6012/5 3050/6013/5
f 1607/6014/3 1609/6015/3 1608/6016/3
f 2753/3043/7 2754/6017/7 2769/3044/7
f 1549/6018/3 1553/6019/3 1312/824/3
f 2026/5281/5 2027/6020/5 2030/6021/5
f 1269/6022/2 1341/6023/2 1411/6024/2
f 2499/1975/1 2493/6025/1 2492/3492/1
f 1082/6026/3 917/687/3 1085/6027/3
f 1397/6028/2 1398/6029/2 1340/6030/2
f 287/6031/7 568/6032/7 291/5784/7
f 1784/6033/7 1783/6034/7 1617/6035/7
f 3061/6036/1 3064/6037/1 3065/6038/1
f 2663/6039/2 2665/6040/2 2664/6041/2
f 1494/6042/3 1496/6043/3 1462/6044/3
f 2553/1001/1 2544/6045/1 2547/4478/1
f 1529/6046/2 1314/6047/2 1530/6048/2
f 2329/6049/2 2332/6050/2 2333/6051/2
f 3055/6052/7 3060/6053/7 3056/6054/7
f 3035/6055/4 3032/6056/4 3033/6057/4
f 3252/6058/2 3249/6059/2 3254/6060/2
f 2864/6061/2 2867/6062/2 2868/6063/2
f 516/6064/4 412/6065/4 413/6066/4
f 2974/6067/7 2979/6068/7 2976/5696/7
f 1548/6069/7 1550/6070/7 1549/6071/7
f 3365/6072/2 3369/6073/2 3370/6074/2
f 2125/6075/1 2127/6076/1 2126/6077/1
f 293/6078/2 863/6079/2 294/6080/2
f 1758/6081/3 1761/6082/3 1763/6083/3
f 456/6084/3 458/6085/3 457/6086/3
f 2324/6087/2 2300/6088/2 2311/6089/2
f 2672/6090/7 2660/4399/7 2673/6091/7
f 2159/6092/3 2152/6093/3 2151/6094/3
f 2287/6095/1 2282/4543/1 2289/4542/1
f 2438/6096/2 2450/6097/2 2458/2692/2
f 1337/6098/2 1335/1746/2 1334/1748/2
f 2880/6099/5 2881/6100/5 2879/6101/5
f 1918/5651/4 1915/6102/4 1917/6103/4
f 184/6104/1 179/6105/1 185/6032/1
f 422/6106/3 424/6107/3 398/6108/3
f 1457/6109/4 1274/6110/4 1272/6111/4
f 2613/6112/1 2622/6113/1 2618/6114/1
f 2378/6115/7 2385/6116/7 2387/6117/7
f 1106/6118/4 927/6119/4 1105/6120/4
f 2887/5848/7 2885/6121/7 2890/6122/7
f 3146/6123/3 3148/6124/3 3153/6125/3
f 180/6126/3 185/6127/3 183/6128/3
f 1460/6129/5 1353/3261/5 1505/6130/5
f 3023/6131/5 3027/6132/5 3026/5720/5
f 569/6133/3 361/6134/3 291/6135/3
f 2195/4555/2 2191/6136/2 2193/195/2
f 839/6137/7 843/6138/7 842/6139/7
f 2351/2529/5 2360/6140/5 2358/4767/5
f 326/6141/5 330/6142/5 328/6143/5
f 2960/6144/5 2963/6145/5 2962/6132/5
f 2737/6146/3 2722/6147/3 2729/3313/3
f 412/6148/2 520/6149/2 519/6150/2
f 2847/6151/5 2851/6152/5 2849/6153/5
f 2756/6154/3 2749/6155/3 2750/6092/3
f 386/4703/2 388/6156/2 391/6157/2
f 2608/6158/2 2625/370/2 2626/6159/2
f 1903/6160/2 1872/6161/2 1905/6162/2
f 2522/4712/7 2521/6163/7 2523/6164/7
f 2755/6165/1 2741/6166/1 2731/2845/1
f 2215/6167/3 2218/5564/3 2219/2477/3
f 2408/6168/7 2399/6169/7 2384/5882/7
f 2447/464/3 2432/6170/3 2429/4257/3
f 2098/6171/5 2100/6172/5 2099/5793/5
f 950/6173/7 861/6174/7 1125/6175/7
f 3442/6176/3 3436/6177/3 3440/6178/3
f 2562/6179/1 2555/6180/1 2554/6181/1
f 434/6182/1 511/6183/1 510/6184/1
f 2644/107/7 2628/3348/7 2627/3350/7
f 3016/6185/7 3020/6186/7 3017/6187/7
f 2701/6188/5 2687/6189/5 2686/5347/5
f 2275/6190/2 2274/6191/2 2272/6192/2
f 494/6193/5 269/6194/5 319/1136/5
f 2512/944/7 2510/4850/7 2509/4852/7
f 913/6195/4 1043/6196/4 1046/6197/4
f 2182/6198/2 2171/6199/2 2170/6200/2
f 2591/6201/4 2594/6202/4 2593/6203/4
f 429/6204/5 509/5634/5 434/6205/5
f 847/6206/2 1094/6207/2 850/6208/2
f 1953/6209/1 1954/6210/1 1952/6211/1
f 2609/6212/2 2611/6213/2 2596/6005/2
f 1427/6214/7 1473/6215/7 1270/6216/7
f 1995/6217/1 3084/6218/1 3085/2079/1
f 1759/6219/5 1762/6220/5 1760/6221/5
f 644/6222/4 658/6223/4 651/6224/4
f 1283/6225/7 1538/6226/7 1525/6227/7
f 2395/5884/7 2381/6228/7 2377/6229/7
f 49/6230/1 50/6231/1 56/5671/1
f 2079/6232/5 2081/6233/5 2083/6234/5
f 2411/6235/2 2415/6236/2 2416/6237/2
f 1557/6238/3 1288/6239/3 1558/6240/3
f 1378/6241/3 1376/6242/3 1379/6243/3
f 552/6244/3 553/6245/3 364/6194/3
f 2886/6246/1 2888/6247/1 2889/6248/1
f 2663/5789/7 2674/6249/7 2672/6090/7
f 263/1380/2 266/6250/2 846/6251/2
f 791/6252/2 792/6253/2 794/6254/2
f 2327/3551/2 2315/3306/2 2317/3305/2
f 226/6255/5 546/1075/5 230/2651/5
f 2220/6256/2 2221/6257/2 2209/2046/2
f 2729/6258/7 2719/1647/7 2734/1649/7
f 907/6259/2 908/3436/2 910/6260/2
f 655/5230/62 671/6261/62 654/34/62
f 1441/6262/3 1439/6263/3 1444/6264/3
f 1377/6265/3 1504/6266/3 1503/6267/3
f 984/6268/1 981/6269/1 982/5755/1
f 1521/6270/7 1505/6271/7 1518/6272/7
f 3386/6273/2 3379/6274/2 3384/6275/2
f 6/6276/4 2/623/4 7/6277/4
f 577/6278/2 575/6279/2 301/6280/2
f 465/3091/7 468/6281/7 467/6282/7
f 44/6283/4 38/6284/4 42/6285/4
f 1914/6286/1 1917/6287/1 1915/6288/1
f 448/5690/7 445/6289/7 449/6290/7
f 3418/5985/4 3416/6291/4 3415/6292/4
f 2289/3535/5 2290/1171/5 2287/4616/5
f 2567/6293/1 2570/6294/1 2569/6295/1
f 470/6282/7 456/6296/7 460/6297/7
f 657/6298/63 673/5231/63 656/6299/63
f 2487/5256/5 2479/2455/5 2488/5870/5
f 1331/6300/7 1795/6301/7 1794/6302/7
f 3047/6303/2 3049/6304/2 3048/6305/2
f 1303/6306/1 1305/5971/1 1304/6307/1
f 3413/6292/7 3412/6308/7 3417/6309/7
f 2727/6310/5 2717/6311/5 2716/6312/5
f 368/6313/5 882/6314/5 883/6315/5
f 698/1564/64 716/6316/64 710/3342/64
f 3278/5733/4 3276/6317/4 3279/6318/4
f 1934/6319/1 3221/6320/1 1931/6321/1
f 2255/1345/2 2254/4183/2 2244/1343/2
f 2663/6322/2 2669/1577/2 2666/6323/2
f 443/6324/5 338/6325/5 349/6326/5
f 534/1548/5 535/6327/5 867/5610/5
f 1090/6328/4 1092/6329/4 920/6330/4
f 2680/5165/5 2669/6331/5 2655/6332/5
f 2943/6333/7 2944/5696/7 2945/6334/7
f 2571/2039/2 2561/3600/2 2551/6335/2
f 2774/6336/1 2770/6200/1 2773/6337/1
f 1528/6338/3 1303/6339/3 1293/6340/3
f 1063/6341/2 1058/6342/2 1064/6343/2
f 2596/6005/2 2599/6344/2 2598/6345/2
f 560/6346/3 566/6347/3 356/6348/3
f 860/6349/1 1029/3961/1 1028/2908/1
f 2438/6041/2 2440/6350/2 2444/6351/2
f 2790/6352/2 2788/6353/2 2786/6354/2
f 2092/2703/1 3218/3960/1 2094/6355/1
f 2902/6356/5 2903/6357/5 2905/6358/5
f 2804/6359/3 2797/6360/3 2796/6361/3
f 2381/6362/3 2379/6363/3 2376/6359/3
f 793/6364/4 794/6365/4 792/6366/4
f 3390/6367/4 3387/6368/4 3392/6369/4
f 2627/1245/2 2616/6370/2 2614/4328/2
f 14/6371/5 18/6372/5 13/6373/5
f 136/6374/4 836/6375/4 135/6365/4
f 3316/6376/1 3312/6377/1 3314/6378/1
f 2790/4426/3 2792/6379/3 2771/1614/3
f 2920/6380/3 2918/6381/3 2923/6382/3
f 2763/5048/5 2764/6383/5 2751/6384/5
f 777/6385/7 768/6386/7 764/6387/7
f 2852/6388/2 2850/6389/2 2846/6390/2
f 1440/6391/7 1441/6392/7 1431/2447/7
f 2210/6393/7 2219/6394/7 2218/5544/7
f 1906/6395/5 1773/1479/5 1772/6396/5
f 2647/6397/5 2636/1248/5 2645/6398/5
f 3321/6399/5 3324/6400/5 3323/6401/5
f 3339/6378/2 3343/6402/2 3342/6403/2
f 637/3361/65 638/6404/65 623/4480/65
f 2775/6405/4 2770/6406/4 2772/6407/4
f 3454/6408/2 3458/6409/2 3457/6410/2
f 1016/6411/4 1013/6412/4 1015/6413/4
f 1267/6414/3 1399/6415/3 1398/6262/3
f 2437/6416/2 2424/6417/2 2436/6418/2
f 906/6419/2 1135/6420/2 1136/6421/2
f 550/6290/4 546/6422/4 386/6423/4
f 923/6424/4 1058/6425/4 1062/6412/4
f 3127/6426/3 3126/6427/3 3129/6428/3
f 2939/6429/3 2938/6430/3 2936/6431/3
f 2025/6432/7 3353/6433/7 3351/5903/7
f 1996/6434/1 1967/6435/1 1969/163/1
f 1592/6351/2 1593/6436/2 1594/6437/2
f 2155/1972/5 2146/3489/5 2144/3684/5
f 541/6438/2 889/2622/2 1156/6439/2
f 2690/4915/7 2675/6440/7 2684/6441/7
f 2394/1454/3 2370/6442/3 2383/703/3
f 3272/6443/3 3276/6444/3 3274/6445/3
f 139/6446/2 143/6447/2 141/6448/2
f 2145/788/2 2132/1603/2 2122/787/2
f 1848/6449/7 1851/6450/7 1850/6451/7
f 2137/4135/2 2116/6452/2 2136/4693/2
f 3389/6453/5 3390/6454/5 3392/6444/5
f 2626/6159/2 2642/2452/2 2644/6455/2
f 2408/6456/1 2390/2858/1 2389/2857/1
f 2223/6457/1 1254/5160/1 1253/5159/1
f 441/6458/5 294/6459/5 292/6460/5
f 3389/6369/7 3394/6461/7 3393/6462/7
f 2277/6463/5 2272/6464/5 2273/6465/5
f 2722/6466/5 2723/6467/5 2724/6468/5
f 895/6469/7 900/6470/7 978/6471/7
f 874/3409/7 872/6472/7 875/6473/7
f 196/6474/3 197/6446/3 199/6448/3
f 1746/6475/3 2955/6476/3 1709/4708/3
f 1676/6477/4 1672/6478/4 1675/6479/4
f 1980/6480/7 1979/6481/7 1983/3421/7
f 1661/6482/5 1647/6483/5 1643/6484/5
f 1945/6485/3 1950/6486/3 1948/6487/3
f 1991/6488/4 1992/6489/4 1990/6490/4
f 2067/6491/4 2066/6492/4 2028/6493/4
f 2294/3665/5 2268/6494/5 2266/5142/5
f 736/771/66 738/2595/66 723/6495/66
f 2127/6496/4 2124/6497/4 2126/6498/4
f 658/5926/67 670/6499/67 657/6298/67
f 872/6500/5 2343/6501/5 871/6502/5
f 2045/6503/4 2043/6504/4 2044/6505/4
f 1393/6506/5 1340/6507/5 1334/6508/5
f 3347/6509/5 3349/6510/5 3216/3392/5
f 1765/6511/1 1770/6512/1 1771/6513/1
f 2943/6514/5 2946/6515/5 2948/6516/5
f 1513/6517/1 1514/6518/1 1511/6519/1
f 2644/6520/2 2631/6521/2 2630/6522/2
f 1722/6523/5 1726/6524/5 1725/6525/5
f 437/6526/1 461/2217/1 439/2176/1
f 351/6527/7 858/4466/7 284/6528/7
f 886/3792/2 887/2621/2 891/6529/2
f 420/5078/1 424/6530/1 423/6531/1
f 3366/6532/3 3364/6533/3 3369/6534/3
f 1701/6535/7 1698/6536/7 1703/6537/7
f 2235/4452/4 2234/6538/4 2233/6539/4
f 987/6540/5 989/6541/5 1052/6542/5
f 3037/6543/5 3044/6544/5 3043/6545/5
f 1271/6546/1 1306/3401/1 1448/6547/1
f 2225/6548/1 2228/6549/1 2229/5534/1
f 2221/6550/7 2210/6393/7 1251/6551/7
f 3261/6552/1 3257/6553/1 3259/6554/1
f 992/5657/2 324/6555/2 852/6556/2
f 2950/6557/5 1838/6558/5 1873/6559/5
f 1912/6479/4 1909/6560/4 1910/4232/4
f 295/6474/4 294/6561/4 863/6562/4
f 77/6563/7 73/6564/7 78/6565/7
f 3315/6566/3 3318/6567/3 3313/6568/3
f 3079/6569/2 3078/6570/2 3082/6571/2
f 375/6572/5 889/6573/5 972/6574/5
f 1382/6301/4 1424/6575/4 1349/6302/4
f 522/6576/1 524/6577/1 521/6578/1
f 2378/6579/5 2375/6580/5 2380/6463/5
f 2380/6581/4 2376/5759/4 2379/5758/4
f 1779/6582/5 1609/4171/5 1780/5744/5
f 3368/6583/5 3370/6584/5 3367/6585/5
f 1744/6586/3 1776/4709/3 1747/6587/3
f 1539/6071/4 1359/6588/4 1360/6069/4
f 975/6589/3 893/6590/3 976/6591/3
f 989/6592/4 985/6593/4 1052/6594/4
f 802/6595/4 818/6596/4 821/2803/4
f 3100/6597/3 3099/6598/3 3104/6599/3
f 1326/6600/1 1443/3192/1 1325/6601/1
f 2451/6602/2 2447/101/2 2445/5381/2
f 842/6603/5 844/6604/5 840/6605/5
f 2259/1041/7 2267/6606/7 2254/6607/7
f 952/6001/5 1194/1058/5 1191/6608/5
f 1604/6609/5 1606/5092/5 1605/6610/5
f 1790/6611/2 1792/593/2 1788/592/2
f 365/6612/7 563/6613/7 364/6614/7
f 3405/6615/5 3410/6616/5 3408/6617/5
f 1617/6618/2 1786/6619/2 1618/6620/2
f 3199/5685/2 3194/6621/2 3201/6622/2
f 3131/6623/1 3134/5578/1 3135/5577/1
f 2901/6624/1 2905/6625/1 2906/6626/1
f 2338/6627/1 2326/2048/1 2314/6628/1
f 2553/6629/5 2556/6630/5 2555/6631/5
f 2984/6632/7 2988/6334/7 2983/6633/7
f 3373/6634/3 3378/6635/3 3371/6636/3
f 549/4657/3 548/6637/3 550/4656/3
f 3094/6638/3 3092/6639/3 3091/6640/3
f 310/6641/3 970/6642/3 1055/1475/3
f 3097/5170/4 3092/6643/4 3095/6644/4
f 2081/6645/4 2080/6646/4 2083/6647/4
f 510/6648/4 857/6649/4 512/6650/4
f 1403/6651/4 1328/6652/4 1392/6575/4
f 2260/6653/1 2269/6654/1 2264/6655/1
f 857/6656/2 859/6657/2 861/6658/2
f 2448/2236/5 2431/2818/5 2433/3488/5
f 1466/6659/7 1468/6660/7 1467/6661/7
f 2893/6662/2 2894/6663/2 2895/6664/2
f 2491/63/2 2495/5826/2 2494/441/2
f 2645/6398/5 2627/4896/5 2628/5171/5
f 3473/6665/3 3468/6666/3 3474/6667/3
f 1828/6668/7 1831/6669/7 1829/6670/7
f 2110/6671/4 2111/6539/4 2109/6538/4
f 3332/6672/4 3330/6673/4 3333/6674/4
f 368/6675/1 879/3576/1 360/6676/1
f 2489/6677/2 2497/6678/2 2502/6679/2
f 2743/6680/7 2722/6681/7 2729/6258/7
f 395/6682/7 377/6683/7 378/6649/7
f 2299/6684/7 2300/6685/7 2311/6686/7
f 3395/6687/1 3400/6688/1 3396/6689/1
f 3066/6690/2 3062/6691/2 3068/6062/2
f 3306/6692/1 3307/6693/1 3310/6694/1
f 1837/6695/2 1876/6696/2 1838/4163/2
f 566/6697/5 357/6698/5 362/6699/5
f 307/6423/4 461/6700/4 481/6701/4
f 3331/6674/7 3334/6702/7 3329/6703/7
f 2304/6704/2 2307/6705/2 2305/6706/2
f 2203/3810/1 2189/6707/1 2177/633/1
f 1283/6708/1 1526/6709/1 1282/6710/1
f 764/6711/5 776/3181/5 774/6712/5
f 1561/6519/1 1288/6713/1 1287/6714/1
f 3027/6715/4 3024/6716/4 3026/6717/4
f 2808/6718/7 2815/6719/7 2807/6720/7
f 2191/1670/3 2172/971/3 2182/5275/3
f 2197/6721/2 2199/6722/2 2196/6723/2
f 128/6724/3 127/6725/3 126/6726/3
f 1581/6727/3 2463/6728/3 1574/462/3
f 3449/6554/2 3445/6729/2 3450/6730/2
f 1219/6731/5 1221/6732/5 1218/6733/5
f 2971/6026/7 2966/6734/7 2965/4744/7
f 1019/6735/5 1021/3460/5 1024/6736/5
f 2175/1536/2 2165/6737/2 2180/3051/2
f 3304/6738/3 3310/6739/3 3305/6740/3
f 2807/6741/3 2805/6742/3 2811/6743/3
f 1421/6744/5 1410/6745/5 1425/6746/5
f 359/4521/2 356/6747/2 358/2124/2
f 573/6748/5 397/5478/5 377/6749/5
f 466/6297/4 452/6750/4 444/6751/4
f 3469/6752/5 3472/6753/5 3471/6754/5
f 945/6755/4 970/6756/4 1039/6757/4
f 2655/6758/1 2670/3420/1 2680/6759/1
f 1578/6760/4 1576/2991/4 1577/6761/4
f 830/215/2 811/6762/2 829/6763/2
f 2953/6764/5 2954/5514/5 2955/6765/5
f 298/6766/7 461/6767/7 439/6683/7
f 3338/6703/7 3341/6768/7 3339/6769/7
f 1159/6770/1 1157/6771/1 898/6772/1
f 2863/6773/7 2865/6774/7 2864/6775/7
f 1377/6776/5 1264/6777/5 1503/6778/5
f 2741/6779/1 2740/6780/1 2736/6781/1
f 849/6782/4 992/1990/4 856/6311/4
f 2189/780/7 2182/6783/7 2172/2317/7
f 2944/6784/3 2947/6785/3 2942/6786/3
f 869/6787/4 290/6788/4 288/6767/4
f 1789/3537/7 1792/6789/7 1791/6790/7
f 834/6791/7 243/6792/7 836/6793/7
f 2263/5046/2 2247/6794/2 2250/3825/2
f 843/6795/2 850/6208/2 844/6796/2
f 1911/6797/2 3083/4865/2 1912/6798/2
f 2555/6799/4 2557/6660/4 2554/6800/4
f 1799/6801/1 1631/6802/1 1803/6803/1
f 365/6804/3 368/6753/3 367/6805/3
f 2337/4920/2 2304/6806/2 2324/6087/2
f 1515/6807/4 1512/6808/4 1514/6809/4
f 103/6810/4 99/2049/4 100/6811/4
f 377/6749/5 376/6812/5 379/6813/5
f 2947/6814/7 1775/6815/7 1745/5105/7
f 1877/6816/7 1883/4232/7 1878/6560/7
f 3377/6403/1 3374/6817/1 3372/6818/1
f 2372/859/2 2356/6819/2 2360/6820/2
f 2576/1124/3 2553/6821/3 2558/86/3
f 2684/6441/7 2682/3159/7 2671/3158/7
f 2817/6822/2 2103/5034/2 1598/6823/2
f 2167/2819/5 2160/1970/5 2168/1247/5
f 1794/6824/3 1642/6825/3 1640/6826/3
f 2410/6827/1 2384/840/1 2409/1578/1
f 2326/1012/7 2313/6828/7 2327/1013/7
f 2252/1553/3 2236/6829/3 2238/315/3
f 3132/6830/5 3136/6831/5 3134/6832/5
f 3073/6833/4 3075/6834/4 3074/6835/4
f 2166/6836/2 2162/6837/2 2161/6838/2
f 1849/6839/2 1853/6840/2 1854/6841/2
f 1480/6842/1 1482/6843/1 1486/6844/1
f 505/6845/5 503/6846/5 321/6847/5
f 1365/6848/5 1800/6849/5 1366/2848/5
f 427/6850/4 592/6851/4 595/6852/4
f 3211/6853/1 2001/6854/1 2000/6855/1
f 1580/6856/1 1578/6857/1 1577/6858/1
f 909/6859/2 1094/6714/2 1093/6860/2
f 1389/6861/5 1388/6746/5 1390/6862/5
f 1678/6863/2 1682/6864/2 1680/6865/2
f 2252/3700/2 2235/6866/2 2233/968/2
f 1814/6867/7 1811/6868/7 1804/4468/7
f 1519/6725/4 1521/6869/4 1518/6652/4
f 2147/6870/2 2151/6871/2 2154/6872/2
f 965/6873/2 961/6874/2 959/6875/2
f 1242/6876/7 2816/6877/7 1241/6878/7
f 2700/4314/2 2689/6879/2 2687/6880/2
f 818/6881/3 793/6882/3 792/6883/3
f 2361/6884/7 2362/6885/7 2373/6886/7
f 2276/6887/3 2251/3582/3 2247/1551/3
f 1011/6888/2 1013/6875/2 1010/6889/2
f 2102/1032/1 2216/6890/1 1252/1030/1
f 3280/6891/7 3286/4458/7 3285/6892/7
f 1051/6893/4 1052/6894/4 1049/6808/4
f 2577/6895/5 1583/6896/5 2564/2008/5
f 2439/6897/1 2422/6898/1 2442/5146/1
f 26/411/1 25/2242/1 27/2244/1
f 2458/379/7 2459/6899/7 2449/380/7
f 425/6813/3 433/419/3 427/6900/3
f 1201/1255/5 2681/6901/5 2692/5164/5
f 487/6902/1 262/6903/1 260/6904/1
f 2458/1146/3 2442/5471/3 2438/4136/3
f 3386/6835/4 3385/6905/4 3383/148/4
f 267/6906/1 265/6907/1 264/6908/1
f 678/6909/68 648/6910/68 649/6911/68
f 2017/6912/2 2022/6913/2 2023/6914/2
f 1580/6915/5 2451/4757/5 2456/1285/5
f 3107/6916/1 3112/6917/1 3106/6918/1
f 1735/6919/2 1739/6920/2 1738/6921/2
f 2670/6922/5 2664/6923/5 2662/6924/5
f 2275/5737/3 2264/4617/3 2276/6887/3
f 3411/6925/1 3415/6926/1 3416/6927/1
f 2765/6928/2 2760/6929/2 2759/6930/2
f 2601/442/2 2590/6931/2 2615/858/2
f 3357/6932/1 3359/3678/1 3358/6933/1
f 2521/6934/2 2524/6935/2 2527/6936/2
f 3280/6937/5 3287/6938/5 3282/6939/5
f 1320/6940/7 1627/6869/7 1626/6941/7
f 1159/6942/4 1161/6943/4 1160/6944/4
f 2613/5172/5 2615/300/5 2600/4564/5
f 2655/6758/1 2658/6945/1 2668/921/1
f 2714/6946/1 2713/1969/1 2705/6947/1
f 1510/6948/4 1505/5989/4 1353/6949/4
f 451/6950/2 452/3965/2 455/6951/2
f 2314/6628/1 2312/6952/1 2316/2689/1
f 2165/3878/3 2157/6953/3 2156/5127/3
f 594/6954/7 584/6955/7 425/6956/7
f 87/6957/5 90/6958/5 89/6725/5
f 2213/4659/7 2197/6959/7 2190/1455/7
f 2778/6960/1 2785/6961/1 2787/6962/1
f 1414/6963/5 1416/6964/5 1417/6965/5
f 1593/6966/4 1591/6967/4 1594/6968/4
f 2493/2708/5 2481/6969/5 2480/754/5
f 502/6970/2 497/6971/2 496/6972/2
f 1031/6940/7 1033/6973/7 939/6974/7
f 1000/6975/2 1001/6889/2 1004/3662/2
f 2049/6976/7 2047/6977/7 2050/6978/7
f 575/1562/7 567/6979/7 578/1560/7
f 1652/6980/2 1608/6981/2 1606/6982/2
f 2657/6983/7 2658/6984/7 2643/984/7
f 851/6985/5 1095/6986/5 849/6987/5
f 2231/188/7 2225/6988/7 2242/6989/7
f 2559/4849/5 2536/5134/5 2537/5307/5
f 1846/6990/3 1842/6991/3 1847/6992/3
f 138/6993/1 142/6994/1 145/6788/1
f 1328/6995/2 1330/6996/2 1332/6997/2
f 570/4720/2 383/6998/2 384/6999/2
f 2339/7000/1 2331/7001/1 2328/7002/1
f 2778/4848/5 2781/197/5 2774/5134/5
f 1841/7003/7 1846/7004/7 1843/7005/7
f 203/7006/7 207/7007/7 205/6994/7
f 3320/7008/1 3323/3679/1 3325/3678/1
f 2423/1577/1 2422/6898/1 2421/7009/1
f 1195/7010/5 2699/7011/5 1201/1255/5
f 3308/7012/5 3309/7013/5 3307/6400/5
f 2332/3868/4 2331/7014/4 2333/7015/4
f 1076/7016/5 899/7017/5 1080/7018/5
f 258/7019/5 261/7020/5 262/7021/5
f 1719/7022/2 1723/4708/2 1726/6476/2
f 2361/371/2 2385/4100/2 2386/372/2
f 2448/7023/1 2443/7024/1 2441/6856/1
f 3196/7025/1 3198/7026/1 3195/7027/1
f 3172/7028/5 3177/7029/5 3173/6831/5
f 2220/7030/3 1253/7031/3 1256/7032/3
f 2570/7033/4 2568/7034/4 2569/7035/4
f 1939/7036/5 1942/7037/5 1941/7029/5
f 2074/7038/5 2068/1986/5 2073/6172/5
f 1186/7039/2 980/7040/2 979/7041/2
f 814/7042/2 807/7043/2 797/1440/2
f 2913/7044/1 2912/7045/1 2910/127/1
f 2149/4133/2 2166/7046/2 2147/7047/2
f 400/7048/2 509/7049/2 402/7050/2
f 3452/7051/1 3455/7052/1 3453/7053/1
f 799/7054/3 802/7055/3 821/1405/3
f 2098/7056/7 3217/4227/7 2101/5552/7
f 2644/6953/3 2619/626/3 2626/1483/3
f 2501/7057/4 2497/7058/4 2500/7033/4
f 2818/7059/7 1596/7060/7 1597/1266/7
f 1109/7061/1 990/7062/1 1112/7063/1
f 2806/7064/5 2810/7065/5 2809/7066/5
f 2484/7067/2 2495/7068/2 2506/2888/2
f 803/7069/5 804/7070/5 801/7071/5
f 2145/1550/3 2130/7072/3 2131/7073/3
f 2812/4560/1 2800/4478/1 2784/1192/1
f 962/7074/7 965/7075/7 963/7076/7
f 552/4986/2 563/7077/2 561/7078/2
f 1788/1783/3 1683/7079/3 1790/1261/3
f 969/7080/7 1040/7081/7 1207/7082/7
f 2029/7083/4 2027/7084/4 2028/7085/4
f 1090/7086/2 1088/7087/2 1091/6259/2
f 566/5804/1 564/7088/1 565/4362/1
f 2157/5099/1 2144/7089/1 2143/7090/1
f 2488/7091/1 2503/2846/1 2487/7092/1
f 1419/7093/4 1417/7094/4 1416/7095/4
f 1060/7096/3 1062/7097/3 1058/7098/3
f 678/6909/69 650/5012/69 686/5011/69
f 245/7099/4 243/7100/4 244/7007/4
f 2574/7101/7 2571/7102/7 2562/1584/7
f 1349/7103/7 1346/7104/7 1412/7105/7
f 3021/7106/1 3026/7107/1 3024/7108/1
f 1839/470/4 1836/3979/4 1838/2178/4
f 3095/7109/1 3090/7110/1 3093/7111/1
f 966/7112/4 961/7113/4 964/7114/4
f 1170/7115/5 1173/383/5 1172/7116/5
f 903/6949/4 1136/7117/4 1138/6948/4
f 2917/7118/1 2922/5345/1 2918/5344/1
f 2326/5471/5 2317/7119/5 2312/1411/5
f 385/7120/1 888/7121/1 382/7122/1
f 3477/7123/3 3475/7124/3 3482/7125/3
f 1139/7126/2 1140/7127/2 897/7128/2
f 3039/7129/3 3040/7130/3 3042/7131/3
f 2966/7132/5 2968/7133/5 2969/7134/5
f 2718/7100/4 2716/7135/4 2717/7136/4
f 1620/7137/7 1621/7138/7 1352/7139/7
f 3169/7140/2 3162/7141/2 3166/7142/2
f 1613/7143/3 1796/7144/3 1614/7145/3
f 2516/4892/2 2515/4152/2 2496/5601/2
f 561/7146/7 551/7147/7 552/7148/7
f 2900/7149/1 2897/7150/1 2898/7151/1
f 2820/4129/2 2799/5795/2 2798/1230/2
f 2204/2235/5 2193/1302/5 2192/2818/5
f 3123/7152/7 3127/7153/7 3124/7154/7
f 2590/6931/2 2587/7155/2 2586/6819/2
f 79/7156/4 75/7157/4 76/7158/4
f 2695/7159/3 1590/1202/3 2696/2980/3
f 528/7160/4 156/7161/4 159/4883/4
f 991/7162/5 1098/7128/5 993/7163/5
f 770/7164/2 772/7165/2 776/3485/2
f 1985/7166/4 1982/7167/4 1984/7168/4
f 2734/7169/3 2721/7170/3 2725/3364/3
f 2739/7171/4 2740/7172/4 2738/7173/4
f 1518/5354/2 1537/1491/2 1359/7174/2
f 2690/7175/2 2699/5145/2 2700/341/2
f 1260/7176/5 1262/7177/5 1263/7178/5
f 1202/7179/2 1239/7180/2 1204/7181/2
f 2343/5564/3 2314/5722/3 2313/2478/3
f 2438/4136/3 2422/1411/3 2437/4954/3
f 1979/7182/3 1982/7183/3 1986/7184/3
f 2462/7185/7 1582/7186/7 1580/7187/7
f 2571/7188/3 2554/7189/3 2557/7190/3
f 3143/7191/4 3139/7192/4 3145/7193/4
f 856/7194/4 855/7195/4 1027/7196/4
f 3241/7197/1 3244/7198/1 3240/7199/1
f 518/7135/7 523/7200/7 522/7136/7
f 2259/7201/3 2257/7202/3 2261/7203/3
f 2002/7204/1 2003/7205/1 2006/7206/1
f 2437/6416/2 2435/7207/2 2438/6096/2
f 3426/7208/4 3424/7209/4 3423/7210/4
f 2133/15/1 2121/7211/1 2134/7212/1
f 3070/7213/5 3073/7214/5 3074/7037/5
f 2793/7215/1 2778/4292/1 2783/7/1
f 563/111/5 366/5498/5 369/7216/5
f 2753/5136/5 2756/4133/5 2744/7217/5
f 211/7218/3 216/7200/3 212/7219/3
f 2482/7220/1 2492/2889/1 2485/5714/1
f 2215/7221/2 1256/237/2 1255/236/2
f 929/1491/1 1003/7222/1 932/1489/1
f 2401/2550/7 2410/2894/7 2409/2551/7
f 3052/7223/3 3051/7224/3 3049/7225/3
f 1165/7226/7 1175/2160/7 1167/405/7
f 2480/7227/1 2492/3492/1 2493/6025/1
f 1685/7228/2 1624/4895/2 1687/543/2
f 210/7229/2 212/7218/2 213/7230/2
f 1392/7231/1 1395/7232/1 1391/7233/1
f 1714/7234/1 1716/7235/1 1717/7236/1
f 2521/6163/7 2520/7237/7 2523/6164/7
f 1995/7238/5 1997/7239/5 3085/3000/5
f 2545/1231/2 2532/7240/2 2529/2975/2
f 2646/1734/2 2648/7241/2 2636/1243/2
f 470/7242/2 474/6951/2 473/7243/2
f 831/7244/5 818/7245/5 822/996/5
f 2248/7246/4 2246/7247/4 2249/7248/4
f 908/6043/3 1005/1489/3 910/7222/3
f 2615/7249/3 2604/7250/3 2607/7251/3
f 2764/2611/2 2737/63/2 2742/440/2
f 1869/1512/1 1865/2331/1 1871/5208/1
f 2818/7252/3 2806/7253/3 2808/2207/3
f 2218/7254/1 2204/7255/1 2190/3130/1
f 465/7256/5 466/6086/5 444/7257/5
f 1730/7258/1 1732/5743/1 1728/7259/1
f 219/7230/7 225/7260/7 221/7229/7
f 3108/7111/2 3113/7261/2 3111/7262/2
f 1396/7263/4 1335/7264/4 1334/6973/4
f 2575/7265/2 2576/7266/2 1583/4128/2
f 2561/675/3 2538/7267/3 2552/3182/3
f 63/7268/3 66/7269/3 68/6958/3
f 2061/7270/4 2058/7271/4 2057/5865/4
f 869/7272/5 884/7273/5 1019/7274/5
f 279/2278/3 1061/7275/3 870/7276/3
f 3006/4213/7 3007/7277/7 3009/7278/7
f 2737/7279/2 2739/7280/2 2738/7281/2
f 661/6023/70 659/3308/70 684/7282/70
f 1019/7283/3 1022/1572/3 1024/6043/3
f 204/7284/2 206/7285/2 202/7286/2
f 1212/6680/7 2567/2328/7 2581/7287/7
f 1582/7288/2 1574/5272/2 2451/6602/2
f 2685/7289/1 2686/6880/1 2688/6879/1
f 2832/6187/7 2829/7290/7 2833/7291/7
f 3296/7292/2 3300/7293/2 3302/7294/2
f 2539/574/1 2512/7295/1 2528/7296/1
f 1383/7297/1 1384/7298/1 1382/7299/1
f 885/965/5 887/7300/5 1087/7301/5
f 2921/7302/5 2924/7303/5 2922/7130/5
f 2326/7304/1 2319/7281/1 2318/7305/1
f 1650/6592/7 1653/7306/7 1652/7307/7
f 2624/30/5 2596/7308/5 2610/5178/5
f 2262/4617/5 2250/3156/5 2265/3582/5
f 1816/4468/4 1813/2855/4 1670/2797/4
f 2134/7212/1 2119/7309/1 2118/7310/1
f 110/7311/3 116/7312/3 112/7269/3
f 167/7313/4 169/7314/4 168/2755/4
f 2674/5907/5 2646/1246/5 2647/6397/5
f 2863/7315/5 2868/7316/5 2866/7317/5
f 2609/7318/7 2603/7319/7 2608/4427/7
f 2614/7320/3 2618/7321/3 2621/7322/3
f 2489/1173/3 2492/7323/3 2495/3156/3
f 787/3138/1 759/7324/1 760/7325/1
f 1528/7326/5 1530/7327/5 1293/7328/5
f 2463/5452/1 2448/7329/1 2446/7330/1
f 285/7331/4 446/7332/4 447/7333/4
f 2751/6384/5 2742/7334/5 2752/3946/5
f 2708/3176/3 2702/5524/3 2709/7335/3
f 2915/6462/4 2912/7336/4 2916/4572/4
f 2531/7337/5 2530/7338/5 2535/7339/5
f 3291/7340/5 3294/7341/5 3293/7342/5
f 1039/7343/1 1038/7344/1 1156/7345/1
f 3203/7346/5 3207/7347/5 3206/7348/5
f 483/7349/5 488/7350/5 254/7351/5
f 3447/7352/5 3450/7353/5 3448/7354/5
f 2522/5308/5 2516/7217/5 2512/5593/5
f 2781/7355/3 2773/7356/3 2775/7357/3
f 2174/7358/4 2171/7248/4 2173/7247/4
f 398/2333/2 539/7359/2 542/7360/2
f 2705/2455/5 2706/2949/5 2703/5871/5
f 1964/7271/4 1965/7361/4 1963/7362/4
f 2150/7363/5 2154/7364/5 2153/7365/5
f 766/5524/2 778/7366/2 784/3759/2
f 2335/7367/1 2323/7368/1 2320/112/1
f 2377/6229/7 2386/7369/7 2378/6115/7
f 1981/7370/1 1984/7371/1 1982/7372/1
f 2811/7373/4 2809/7374/4 2810/7375/4
f 3016/7376/5 3019/7377/5 3018/7378/5
f 3037/7379/7 3039/7380/7 3041/7381/7
f 1025/7382/4 1022/7383/4 1128/7384/4
f 340/3949/3 1027/7385/3 855/7386/3
f 867/7387/5 945/7388/5 1039/2472/5
f 2647/7389/7 2650/7390/7 2646/7391/7
f 2300/6685/7 2291/2362/7 2302/2363/7
f 2626/5487/7 2613/7392/7 2614/2530/7
f 2643/7393/2 2639/7394/2 2638/7395/2
f 1745/7396/7 1746/7397/7 2948/7398/7
f 817/3954/5 824/7399/5 823/7400/5
f 2612/5331/1 2600/451/1 2617/450/1
f 809/7401/4 810/7402/4 762/5604/4
f 3272/7403/7 3275/7404/7 3273/7405/7
f 1648/7406/1 1643/5712/1 1646/7407/1
f 2516/7408/3 2511/7409/3 2514/7410/3
f 747/7411/5 742/7412/5 746/3679/5
f 843/6795/2 1107/7413/2 846/7414/2
f 1777/3939/1 1780/7415/1 1668/7416/1
f 2997/7417/1 3001/7418/1 3003/7106/1
f 3247/5739/4 3240/7419/4 3244/7420/4
f 825/7286/7 817/7421/7 830/7284/7
f 2119/2528/5 2107/4074/5 2106/6140/5
f 568/7422/1 869/7423/1 291/7424/1
f 2683/5272/2 2671/102/2 2684/101/2
f 411/7425/2 413/7426/2 412/7427/2
f 3319/7428/2 3313/7429/2 3317/7430/2
f 2807/6720/7 1598/5546/7 2802/5545/7
f 868/7431/2 1055/7432/2 945/7433/2
f 777/4491/3 774/7434/3 766/7435/3
f 273/7377/1 275/7436/1 274/7437/1
f 2758/7438/5 2759/7439/5 2761/7440/5
f 98/7441/2 103/7442/2 100/7443/2
f 1328/6995/2 1391/7444/2 1392/7445/2
f 2131/7073/3 2113/4618/3 2112/7446/3
f 3268/7447/4 3265/6519/4 3266/7448/4
f 2728/7449/7 2714/7450/7 2730/2927/7
f 2350/7451/2 2355/7452/2 2372/7453/2
f 2565/2010/5 2545/7454/5 2544/5665/5
f 88/7455/7 86/2049/7 91/7456/7
f 628/7457/71 640/7458/71 639/1417/71
f 2153/7459/4 2151/7460/4 2152/6581/4
f 2125/927/1 2143/7090/1 2144/7089/1
f 1234/5672/2 1233/7461/2 1235/5282/2
f 205/7462/1 209/7463/1 208/7421/1
f 1445/7464/3 1448/7465/3 1447/7466/3
f 1517/7467/7 1281/7468/7 1522/7469/7
f 2820/7470/7 2806/7471/7 2808/6718/7
f 1949/7472/5 1944/6516/5 1943/7473/5
f 1151/7474/3 1155/7475/3 1153/7476/3
f 2590/1900/7 2602/7477/7 2584/7478/7
f 568/7479/1 578/7480/1 567/7481/1
f 2582/7482/1 2567/7483/1 2581/2661/1
f 2237/1552/5 2239/1049/5 2240/6829/5
f 2643/849/3 2633/624/3 2644/6953/3
f 518/7484/3 521/7485/3 520/7486/3
f 3356/7487/3 3358/7488/3 3362/7489/3
f 591/7490/4 492/7333/4 486/7332/4
f 15/7491/3 20/7492/3 19/6372/3
f 2093/7493/1 2066/7494/1 2063/7495/1
f 1308/7496/4 1291/7497/4 1292/7498/4
f 756/7499/2 757/7500/2 761/7501/2
f 3281/7502/1 3282/7503/1 3284/7504/1
f 1783/1823/3 1801/7505/3 1786/161/3
f 2880/7291/7 2884/7506/7 2883/7507/7
f 1955/7508/5 1957/7509/5 1954/7510/5
f 3288/7511/3 3290/7512/3 3295/7513/3
f 773/7514/7 770/4358/7 764/4357/7
f 2181/197/2 2166/7046/2 2160/5135/2
f 977/7515/4 976/7516/4 893/7517/4
f 164/7518/3 167/7519/3 168/7520/3
f 1878/7521/1 1880/7522/1 1884/7523/1
f 2933/7524/5 2940/7525/5 2937/7526/5
f 2767/7527/1 2744/7296/1 2755/6165/1
f 3002/7278/4 3003/7528/4 3001/189/4
f 2382/7529/7 2361/6884/7 2373/6886/7
f 1807/7530/5 1657/5681/5 1809/7531/5
f 1073/7532/7 1071/7533/7 1070/7534/7
f 2323/87/5 2324/5419/5 2310/4245/5
f 454/7535/4 452/7536/4 447/7516/4
f 2291/1413/5 2283/7537/5 2294/3665/5
f 1225/7538/7 1227/7539/7 1229/7540/7
f 2861/7541/1 2866/7542/1 2862/7543/1
f 2560/4292/1 2537/7544/1 2538/8/1
f 3432/7545/4 3433/7546/4 3430/7547/4
f 560/7548/2 363/7549/2 562/1342/2
f 1221/2178/4 1223/7550/4 1218/470/4
f 2615/4429/7 2617/7551/7 2601/5485/7
f 2059/7552/1 2062/7553/1 2061/7554/1
f 1746/7555/7 1710/7556/7 2953/7557/7
f 2667/7558/2 2654/2095/2 2652/7559/2
f 2940/7448/4 2938/6714/4 2937/431/4
f 2824/7560/1 2826/7561/1 2822/7562/1
f 3189/6769/7 3186/7563/7 3192/7564/7
f 3122/7565/1 3125/7262/1 3126/7261/1
f 2685/1286/5 2684/2236/5 2675/5906/5
f 995/7566/3 941/7476/3 997/7567/3
f 2499/7568/5 2502/7569/5 2501/7570/5
f 1617/7571/1 1619/7572/1 1618/2506/1
f 3151/7573/4 3148/7574/4 3150/7575/4
f 1641/3286/1 1645/7576/1 1642/7577/1
f 3292/7578/2 3295/7579/2 3294/7580/2
f 1470/7581/5 1302/7582/5 1297/7583/5
f 3321/7584/7 3326/7585/7 3322/7586/7
f 2386/7587/2 2376/7588/2 2375/7589/2
f 2801/7590/1 2794/7591/1 2797/7592/1
f 2988/7593/3 2981/7594/3 2986/6544/3
f 1125/7595/3 1127/7596/3 952/4401/3
f 3072/7597/2 3076/7598/2 3073/7599/2
f 2667/4019/7 2647/7389/7 2646/7391/7
f 2537/7600/1 2535/7601/1 2533/6336/1
f 2934/6865/2 2936/7602/2 2940/7603/2
f 2015/7604/2 2014/7605/2 2013/1863/2
f 3471/7606/1 3467/6/1 3469/7607/1
f 2808/7608/2 2811/7609/2 2810/7610/2
f 3248/7611/3 3255/7612/3 3249/7613/3
f 799/7614/7 831/7615/7 820/7616/7
f 3410/7617/4 3404/7618/4 3408/7619/4
f 1265/7620/7 1375/7621/7 1378/7536/7
f 2960/7622/7 2957/7623/7 2958/7624/7
f 1103/7625/1 1106/7626/1 1105/2916/1
f 2877/7627/1 2879/7628/1 2878/7629/1
f 1104/7630/5 1101/4623/5 1106/7631/5
f 2579/7632/1 2564/7633/1 2578/999/1
f 890/3400/3 1014/1275/3 889/7634/3
f 1737/7635/7 1740/7636/7 1736/7637/7
f 3271/7638/3 3265/7639/3 3269/7612/3
f 291/7640/4 566/7641/4 568/7642/4
f 2768/9/1 2753/574/1 2767/7527/1
f 2446/7330/1 2433/7643/1 2432/1084/1
f 2456/7644/1 2454/7645/1 2452/7289/1
f 862/470/7 863/7646/7 519/468/7
f 2774/4025/7 2782/3966/7 2781/4026/7
f 1297/7583/5 1300/7647/5 1301/7648/5
f 1424/1183/2 1381/7649/2 1349/7650/2
f 2813/3673/5 2789/7651/5 2800/2221/5
f 2207/3716/4 2205/7015/4 2206/7014/4
f 3176/7652/3 3170/7653/3 3174/4724/3
f 2509/7654/5 2508/7655/5 2513/7656/5
f 1887/7657/5 1890/7658/5 1888/7659/5
f 3165/7660/5 3166/7661/5 3167/7653/5
f 349/7662/5 348/7663/5 344/7664/5
f 2814/7665/3 1598/2504/3 2802/4108/3
f 2908/7666/3 2906/6786/3 2904/3316/3
f 3109/7667/3 3106/7668/3 3113/7669/3
f 2839/7670/3 2844/482/3 2837/6100/3
f 629/904/72 613/7671/72 628/7672/72
f 1875/7673/3 1902/7674/3 1872/1702/3
f 2506/1936/3 2482/7675/3 2484/7249/3
f 408/7676/7 529/7677/7 530/7463/7
f 1755/7678/5 1754/4829/5 1748/3330/5
f 2558/86/3 2547/7679/3 2542/5419/3
f 1217/7680/1 1583/412/1 1212/7681/1
f 875/7682/3 871/7683/3 878/6604/3
f 769/7684/1 764/7685/1 768/7686/1
f 2844/7687/1 2838/7688/1 2842/7689/1
f 2633/7690/5 2630/7691/5 2629/7692/5
f 2515/5086/3 2503/7693/3 2505/1337/3
f 547/7694/3 556/7695/3 386/257/3
f 25/7696/5 31/7697/5 27/7698/5
f 1782/7699/4 1780/7700/4 1609/7701/4
f 3214/7420/4 2000/7702/4 2001/7703/4
f 2034/2875/7 2037/7704/7 2032/2876/7
f 2290/5044/2 2281/7705/2 2275/7706/2
f 2741/3510/7 2732/3452/7 2745/3511/7
f 1662/7707/2 1651/7708/2 1649/6801/2
f 1391/7700/7 1402/7709/7 1405/7701/7
f 799/7710/1 800/7711/1 821/7712/1
f 3157/7713/7 3155/7586/7 3161/7714/7
f 3250/7715/5 3254/7716/5 3253/7661/5
f 2340/7717/1 2339/7718/1 2338/6627/1
f 2963/7719/4 2961/7720/4 2962/7721/4
f 2601/7722/3 2602/7723/3 2584/3211/3
f 614/3094/73 622/7724/73 616/5550/73
f 2004/5552/7 1995/7725/7 2005/7726/7
f 533/7727/4 532/7728/4 531/7729/4
f 811/7730/5 815/7731/5 817/3954/5
f 3041/7732/2 3042/7733/2 3044/7734/2
f 2118/7310/1 2106/7735/1 2105/7540/1
f 1900/7736/4 1896/2612/4 1898/7737/4
f 1044/7738/3 1046/7739/3 1043/7740/3
f 2295/7741/4 2298/7742/4 2297/7743/4
f 3401/7619/4 3396/7744/4 3400/653/4
f 1434/7745/5 1778/7746/5 1324/7747/5
f 2690/1362/3 2670/1670/3 2663/4644/3
f 978/7748/5 901/7749/5 977/7750/5
f 1644/7751/2 1645/7752/2 1647/205/2
f 880/7753/7 360/7754/7 881/7755/7
f 962/7756/1 966/7757/1 964/7758/1
f 474/7759/1 276/7760/1 279/7761/1
f 2510/7762/2 2514/7763/2 2508/7764/2
f 2897/7765/5 2899/7766/5 2898/7767/5
f 1014/7768/7 1011/7769/7 896/7613/7
f 3202/7770/3 3209/7771/3 3208/7772/3
f 2752/7773/7 2737/3509/7 2742/4976/7
f 582/7774/5 252/5399/5 585/6637/5
f 3110/7775/5 3111/7776/5 3112/7777/5
f 2801/3899/5 2779/195/5 2778/4848/5
f 502/7778/3 336/7779/3 854/7780/3
f 1400/7781/1 1334/3521/1 1399/1837/1
f 98/7782/7 102/7783/7 101/7784/7
f 255/7785/5 837/7786/5 253/7787/5
f 297/7788/2 299/7789/2 296/7790/2
f 2726/3948/5 2728/7791/5 2727/6310/5
f 3201/7792/4 3195/7793/4 3198/7794/4
f 1505/6130/5 1356/3263/5 1357/7795/5
f 1196/7796/1 2685/7797/1 1590/4203/1
f 2481/5827/2 2464/7798/2 2467/2148/2
f 52/7443/5 54/7799/5 50/7441/5
f 2129/478/7 2117/7800/7 2118/1098/7
f 1450/7768/7 1449/7612/7 1452/7801/7
f 2369/705/3 2359/7802/3 2356/7803/3
f 3184/7804/4 3181/7805/4 3183/7806/4
f 2409/7807/5 2400/7808/5 2405/7809/5
f 503/7810/3 322/7811/3 324/7812/3
f 3187/7813/1 3190/7142/1 3191/7141/1
f 2363/1168/5 2345/7814/5 2349/7815/5
f 1047/7816/2 1052/7817/2 1053/7818/2
f 1131/7819/3 883/7820/3 1129/7821/3
f 341/7822/4 343/7823/4 340/7728/4
f 1884/182/4 1882/7726/4 1881/7725/4
f 2655/6332/5 2657/7824/5 2656/7825/5
f 1431/7826/1 1434/2432/1 1437/7827/1
f 2532/4246/3 2523/7828/3 2521/1346/3
f 3114/7829/1 3119/7830/1 3118/7831/1
f 2831/7150/1 2834/7832/1 2836/7151/1
f 2732/2700/3 2720/7833/3 2733/3174/3
f 3216/7834/5 2028/7835/5 2066/4887/5
f 2299/98/5 2288/1346/5 2289/3535/5
f 422/2335/2 392/7836/2 398/2333/2
f 2266/7837/1 2273/7838/1 2271/7839/1
f 2591/7840/2 2611/7841/2 2590/7451/2
f 1553/7842/1 1311/7843/1 1310/7844/1
f 3351/7430/2 3354/7845/2 3352/7846/2
f 2628/7847/1 2629/7848/1 2632/7849/1
f 992/7850/3 1101/7851/3 994/6811/3
f 1229/7852/3 1230/7853/3 1231/1774/3
f 2283/7854/3 2284/7855/3 2286/7856/3
f 881/7857/3 879/7858/3 884/7859/3
f 1558/7860/2 1559/7861/2 1557/7862/2
f 3013/7863/1 3018/7864/1 3015/7832/1
f 2576/7865/2 2568/7866/2 2566/7867/2
f 3349/7794/4 3350/39/4 3216/38/4
f 3273/7868/1 3279/7869/1 3276/7870/1
f 3045/7871/1 3050/7872/1 3051/7873/1
f 1777/7874/7 1814/5285/7 1667/5284/7
f 2744/7217/5 2745/4135/5 2741/4692/5
f 2907/7875/2 2904/7876/2 2903/7877/2
f 1268/7878/3 1387/7879/3 1385/7880/3
f 1270/7881/5 1321/7882/5 1430/7883/5
f 2658/7884/5 2638/7885/5 2640/7886/5
f 1088/7887/3 1092/7888/3 1091/7455/3
f 464/7889/3 447/7890/3 452/3034/3
f 3342/7806/4 3336/7891/4 3340/7892/4
f 1861/7893/4 1857/7894/4 1859/301/4
f 3069/7895/3 3075/7896/3 3076/7897/3
f 2689/7898/4 2686/7899/4 2687/7900/4
f 2528/7296/1 2498/7901/1 2504/6166/1
f 894/7902/5 1152/7903/5 892/7904/5
f 1580/7187/7 2460/7905/7 2461/5617/7
f 1361/7624/2 1363/7906/2 1362/7907/2
f 2189/7908/1 2174/7909/1 2173/7910/1
f 2845/7911/1 2849/7912/1 2848/7913/1
f 191/7914/1 186/7915/1 193/7916/1
f 2401/1578/2 2424/6417/2 2411/1579/2
f 2219/7917/2 2205/7918/2 2208/7919/2
f 401/7920/5 402/7921/5 403/3185/5
f 2433/2685/7 2437/4398/7 2422/4400/7
f 1928/7922/4 1926/7168/4 1927/7923/4
f 351/7924/3 860/1475/3 859/5660/3
f 1055/7925/5 1057/7926/5 969/7902/5
f 2330/7927/3 2328/7928/3 2332/7929/3
f 2504/6166/1 2487/7092/1 2503/2846/1
f 1816/7930/2 1814/1439/2 1804/593/2
f 445/7931/3 446/4181/3 450/3402/3
f 763/7932/1 768/7933/1 785/7934/1
f 1834/7935/5 1836/7936/5 1833/7937/5
f 1219/7938/4 944/7939/4 948/7940/4
f 2270/3998/3 2267/6887/3 2254/625/3
f 2116/7919/2 2124/7941/2 2123/7942/2
f 1819/7943/1 1821/7944/1 1820/7945/1
f 2422/7946/5 2425/7947/5 2428/7948/5
f 1511/7949/7 1413/7639/7 1513/7669/7
f 3055/7950/5 3058/340/5 3059/7951/5
f 2656/4786/1 2633/4029/1 2658/6945/1
f 3235/7952/5 3239/7953/5 3236/7954/5
f 853/1991/7 324/7955/7 851/7956/7
f 1598/2662/1 2801/4290/1 2793/7215/1
f 1740/7957/5 1738/7958/5 1742/7959/5
f 3161/7960/2 3154/7961/2 3159/7962/2
f 1518/7963/1 1357/7964/1 1354/7965/1
f 2018/7966/1 2021/7967/1 2020/7968/1
f 2580/7969/3 1587/7970/3 1586/7971/3
f 508/7972/5 857/7973/5 511/7974/5
f 1375/7975/1 1503/3779/1 1376/2233/1
f 2140/7976/1 2144/7977/1 2133/7978/1
f 3403/7979/3 3404/7980/3 3409/7981/3
f 2663/6322/2 2681/6897/2 2690/7175/2
f 930/7982/3 1169/7983/3 931/932/3
f 502/7984/7 333/7985/7 334/7915/7
f 2925/7986/3 2928/7489/3 2932/7987/3
f 225/7988/5 218/7989/5 224/7990/5
f 2575/7991/5 1215/7992/5 1583/6896/5
f 1996/2513/3 1999/7993/3 1969/2511/3
f 2895/7994/3 2900/7995/3 2893/7996/3
f 3086/7997/3 3083/2413/3 3089/7998/3
f 497/7999/3 501/3647/3 496/2237/3
f 4/8000/7 1/8001/7 5/861/7
f 1435/8002/4 1437/8003/4 1434/8004/4
f 734/1739/74 693/8005/74 735/769/74
f 1167/8006/3 1163/2576/3 1168/8007/3
f 2342/8008/2 882/8009/2 2343/601/2
f 3219/8010/2 3223/8011/2 3222/8012/2
f 1897/8013/3 1900/1135/3 1898/1829/3
f 574/8014/4 397/8015/4 570/8016/4
f 347/7988/4 348/8017/4 346/8018/4
f 800/8019/2 805/8020/2 804/8021/2
f 697/8022/75 712/3343/75 717/3486/75
f 2552/6686/7 2537/2749/7 2538/6684/7
f 854/8023/2 855/1796/2 1100/8024/2
f 1945/7005/7 1949/8025/7 1947/7003/7
f 3407/8026/1 3408/8027/1 3404/6688/1
f 2437/8028/2 2426/2313/2 2425/2312/2
f 2644/6455/2 2657/6827/2 2643/5395/2
f 722/3837/76 727/4177/76 721/4178/76
f 68/2051/4 62/8029/4 65/2049/4
f 1570/8030/7 1568/8031/7 1572/8032/7
f 3164/8033/1 3167/7962/1 3168/7961/1
f 1075/364/7 1081/8034/7 1076/8035/7
f 2311/6089/2 2281/7705/2 2288/8036/2
f 3456/8037/3 3453/8038/3 3458/7594/3
f 2325/5722/3 2308/4245/3 2304/97/3
f 2819/8039/7 1599/8040/7 2818/7059/7
f 1259/8041/7 1257/8042/7 2341/1239/7
f 546/4732/2 228/7414/2 229/7413/2
f 2865/8043/3 2862/8044/3 2867/8045/3
f 2750/8046/4 2746/8047/4 2748/284/4
f 3262/8048/3 3256/8049/3 3263/8050/3
f 2139/8051/2 2146/8052/2 2142/8053/2
f 1405/8054/1 1404/8055/1 1403/1834/1
f 1121/8056/5 1123/8057/5 1120/8058/5
f 2876/4910/2 2870/8059/2 2873/4911/2
f 3421/7868/2 3426/8060/2 3425/8061/2
f 2551/8062/3 2548/8063/3 2546/7969/3
f 1084/2458/1 973/8064/1 1083/8065/1
f 2266/5142/5 2259/8066/5 2269/3605/5
f 1935/8067/3 1940/8068/3 1936/8069/3
f 3203/8070/7 3202/7714/7 3205/6774/7
f 1855/8071/4 1854/8072/4 1853/8025/4
f 1570/8073/3 1290/3777/3 1314/7975/3
f 1571/8074/2 1568/8075/2 1573/8076/2
f 1811/8077/1 1813/8078/1 1815/8079/1
f 3419/8080/5 3426/428/5 3423/8038/5
f 1366/4068/3 1632/8081/3 1631/1823/3
f 2498/4834/7 2489/2977/7 2499/2979/7
f 2523/1527/1 2519/8082/1 2509/920/1
f 1321/5475/2 1781/8083/2 1778/4370/2
f 2616/5386/3 2617/8084/3 2601/7722/3
f 881/5718/2 870/8085/2 884/5716/2
f 151/8086/2 152/8087/2 147/8088/2
f 1312/7306/4 1299/8089/4 1298/7307/4
f 2222/8090/5 850/8091/5 1251/8092/5
f 3419/7703/7 3421/8093/7 3425/1495/7
f 2282/8094/5 2285/8095/5 2280/8096/5
f 913/8097/1 1045/8098/1 915/8099/1
f 1352/8100/7 1685/8101/7 1347/8102/7
f 2393/8103/7 2388/8104/7 2408/6168/7
f 625/8105/7 619/8106/7 630/8107/7
f 2551/6335/2 2552/4062/2 2536/916/2
f 1246/8108/1 1249/8109/1 1248/8110/1
f 1020/8111/2 1017/8112/2 1021/8113/2
f 397/8114/2 380/8115/2 376/8116/2
f 1411/7328/5 1409/8117/5 1269/7326/5
f 880/8118/3 1129/8119/3 882/8091/3
f 2258/8120/2 2259/8121/2 2261/8122/2
f 461/8123/5 296/8124/5 300/8125/5
f 981/8126/7 833/8127/7 982/7897/7
f 3388/8128/1 3392/8129/1 3387/8130/1
f 2383/6116/7 2382/7529/7 2370/6117/7
f 786/8131/7 783/8132/7 785/8133/7
f 402/7050/2 512/8134/2 857/8135/2
f 1423/8136/3 1347/8137/3 1348/8138/3
f 406/8139/3 529/8140/3 407/8141/3
f 2714/8142/5 2710/8143/5 2712/8144/5
f 730/8145/77 696/8146/77 718/8147/77
f 5/2113/3 8/2072/3 6/8148/3
f 2656/7825/5 2642/8149/5 2634/982/5
f 1103/8150/7 1100/7897/7 1104/7896/7
f 2913/8151/5 2915/8152/5 2916/6616/5
f 1622/2515/4 1618/8153/4 1619/8154/4
f 3123/8155/5 3128/541/5 3125/7716/5
f 625/5064/78 633/8156/78 632/1718/78
f 2243/1/1 2230/2900/1 2234/2/1
f 2853/4/1 2855/8157/1 2857/5/1
f 2783/7/1 2778/4292/1 2774/8/1
f 2159/10/2 2156/5228/2 2158/11/2
f 2150/13/1 2148/5734/1 2135/14/1
f 2859/16/3 2853/8158/3 2854/17/3
f 153/19/4 146/259/4 147/20/4
f 2470/22/2 2473/5066/2 2469/23/2
f 1158/25/3 1157/8159/3 1160/26/3
f 2623/28/5 2625/983/5 2609/29/5
f 971/31/3 1084/8160/3 1083/32/3
f 654/34/6 671/6261/6 675/35/6
f 3005/37/4 3010/4185/4 3011/38/4
f 1302/40/2 1299/8161/2 1295/41/2
f 3071/43/1 3070/8162/1 3074/44/1
f 2096/46/1 2098/8163/1 2099/47/1
f 478/49/3 479/8164/3 317/50/3
f 1474/52/5 1475/8165/5 1476/53/5
f 387/55/1 556/8166/1 390/56/1
f 1194/58/4 1193/4785/4 1190/59/4
f 2507/61/2 2510/5241/2 2489/62/2
f 1387/64/4 1390/8167/4 1388/65/4
f 414/67/1 415/8168/1 523/68/1
f 1920/70/2 1913/5815/2 1919/71/2
f 786/73/3 785/4206/3 789/74/3
f 1704/76/1 1703/8169/1 1698/77/1
f 364/79/1 563/8170/1 369/80/1
f 1597/82/2 2814/8171/2 2802/83/2
f 2334/85/5 2336/1124/5 2337/86/5
f 1026/88/5 1027/8172/5 1169/89/5
f 581/91/3 385/8173/3 382/92/3
f 1266/94/2 1268/8174/2 1385/95/2
f 2304/97/3 2308/4245/3 2309/98/3
f 2673/100/2 2672/1732/2 2684/101/2
f 948/103/2 969/8175/2 1208/104/2
f 2634/106/7 2633/8176/7 2644/107/7
f 561/109/5 562/3445/5 363/110/5
f 2320/112/1 2323/7368/1 2310/113/1
f 2949/115/7 1904/8177/7 3086/116/7
f 61/118/5 64/228/5 65/119/5
f 2672/121/3 2674/8178/3 2661/122/3
f 1048/124/7 987/8179/7 1047/125/7
f 3473/127/2 3474/337/2 3472/128/2
f 2134/130/5 2116/8180/5 2123/131/5
f 1710/133/5 1708/8181/5 1707/134/5
f 3007/136/3 3008/8182/3 3005/137/3
f 2146/139/3 2144/179/3 2141/140/3
f 706/142/8 701/2011/8 724/143/8
f 172/145/7 170/1310/7 176/146/7
f 3082/148/4 3078/6905/4 1903/149/4
f 1070/151/4 833/597/4 987/152/4
f 3361/154/4 3362/8183/4 3358/155/4
f 1320/157/5 1626/4548/5 1630/158/5
f 1653/160/5 1662/8184/5 1649/161/5
f 1369/163/2 1800/6435/2 1367/164/2
f 2486/166/1 2488/7091/1 2477/167/1
f 1826/169/2 1828/7967/2 1827/170/2
f 890/172/7 375/857/7 390/173/7
f 444/175/1 349/1630/1 344/176/1
f 2496/178/3 2498/282/3 2500/179/3
f 1987/180/7 1989/398/7 1993/181/7
f 490/183/7 491/8185/7 489/184/7
f 2252/186/7 2230/4256/7 2243/187/7
f 2924/189/4 2923/7528/4 2918/190/4
f 1489/192/3 1490/8186/3 1492/193/3
f 2193/195/2 2191/6136/2 2182/196/2
f 1392/198/7 1328/2483/7 1503/199/7
f 1922/201/2 1923/8187/2 1924/202/2
f 1347/204/5 1685/8188/5 1687/205/5
f 1488/207/2 1489/8189/2 1491/208/2
f 3428/210/1 3431/8190/1 3430/211/1
f 814/213/3 813/8191/3 816/214/3
f 1275/216/5 1488/8192/5 1277/217/5
f 1746/219/2 1744/7270/2 1747/220/2
f 1132/222/5 1133/8193/5 1130/223/5
f 3346/225/1 3347/1157/1 3216/226/1
f 109/228/5 111/8194/5 113/229/5
f 933/230/7 855/124/7 928/126/7
f 873/232/5 874/8195/5 876/233/5
f 2213/235/1 2190/515/1 2200/236/1
f 1147/238/2 930/8196/2 931/239/2
f 454/241/5 282/8197/5 283/242/5
f 2485/244/4 2483/8198/4 2484/245/4
f 2694/247/1 2697/327/1 1591/248/1
f 2492/250/5 2495/2257/5 2483/251/5
f 1168/253/4 1163/8199/4 1164/254/4
f 440/256/2 436/8200/2 446/257/2
f 381/259/4 379/359/4 376/260/4
f 463/261/3 438/5124/3 461/262/3
f 811/264/7 828/8201/7 831/265/7
f 455/267/5 350/8202/5 354/268/5
f 1472/270/4 1483/8203/4 1297/271/4
f 2041/273/2 2042/8204/2 2044/274/2
f 505/276/7 493/8205/7 495/277/7
f 1688/279/5 1789/204/5 1683/206/5
f 2431/281/3 2433/8206/3 2427/282/3
f 1341/283/4 1410/8207/4 1407/284/4
f 3291/286/7 3289/8208/7 3288/287/7
f 785/289/4 768/8209/4 765/290/4
f 609/292/9 606/3144/9 607/293/9
f 363/295/2 365/397/2 367/296/2
f 2377/298/5 2381/2164/5 2371/299/5
f 1733/301/4 1727/8210/4 1728/302/4
f 1791/304/5 1792/5941/5 1787/305/5
f 1365/307/1 1677/2341/1 1679/308/1
f 1483/310/1 1481/8189/1 1470/207/1
f 363/312/4 356/8198/4 566/244/4
f 2242/314/3 2225/1553/3 2229/315/3
f 1072/317/3 1073/8211/3 1074/318/3
f 1314/320/5 1319/8212/5 1316/321/5
f 1614/323/4 1610/8213/4 1793/270/4
f 1143/324/7 1142/8214/7 1139/325/7
f 2460/327/2 1582/247/2 1576/328/2
f 771/330/3 773/8215/3 775/331/3
f 2765/333/3 2758/1615/3 2766/334/3
f 3444/336/1 3447/8216/1 3448/128/1
f 3228/338/5 3226/8217/5 3231/339/5
f 2700/341/2 2699/5145/2 2698/342/2
f 489/344/5 491/8218/5 492/345/5
f 3098/347/1 3102/8219/1 3101/348/1
f 306/350/1 869/8220/1 1019/351/1
f 2868/353/4 2867/8221/4 2862/354/4
f 2428/356/4 2425/8222/4 2426/357/4
f 214/359/1 215/8223/1 217/360/1
f 2289/361/7 2282/8224/7 2281/362/7
f 1638/364/7 1644/8035/7 1661/365/7
f 550/367/7 386/422/7 556/368/7
f 2387/370/1 2362/6212/1 2373/371/1
f 1493/326/7 1279/387/7 1495/373/7
f 2390/375/4 2391/952/4 2392/376/4
f 2456/378/7 2451/8225/7 2458/379/7
f 1174/381/5 1186/8226/5 1187/382/5
f 708/384/10 709/8227/10 733/385/10
f 1475/387/7 1474/8228/7 1473/388/7
f 1199/390/4 1201/8229/4 1590/391/4
f 2782/393/3 2768/2181/3 2767/394/3
f 350/396/2 352/8230/2 351/397/2
f 1823/398/4 1824/180/4 1820/399/4
f 683/401/11 665/805/11 667/402/11
f 1186/404/7 1174/7226/7 1184/405/7
f 1800/407/1 1784/8231/1 1785/408/1
f 32/410/2 31/8232/2 29/411/2
f 2975/413/1 2974/1169/1 2977/414/1
f 1960/416/1 1961/2443/1 1966/417/1
f 433/419/3 435/5412/3 136/420/3
f 450/422/7 293/559/7 441/423/7
f 1720/185/7 1719/8233/7 1722/424/7
f 1851/426/5 1849/8234/5 1854/427/5
f 630/294/12 607/293/12 611/429/12
f 2825/431/7 2824/6714/7 2821/432/7
f 1696/434/3 1690/8235/3 1692/435/3
f 3469/437/7 3467/8236/7 3473/438/7
f 2742/440/2 2737/63/2 2729/441/2
f 1252/443/7 843/8237/7 846/444/7
f 3472/446/4 3474/8238/4 3468/447/4
f 2585/449/1 2602/3496/1 2617/450/1
f 1254/452/4 1255/8239/4 1256/453/4
f 2697/455/5 1592/647/5 1594/456/5
f 1925/203/1 1921/3177/1 1927/458/1
f 41/459/5 39/8240/5 42/460/5
f 1574/462/3 2463/6728/3 2446/463/3
f 399/465/1 401/8241/1 403/466/1
f 2955/468/4 1706/8242/4 1707/469/4
f 937/471/7 1119/8243/7 1122/472/7
f 2816/474/5 2819/8244/5 2820/475/5
f 2131/477/7 2132/8245/7 2129/478/7
f 3060/480/3 3057/8246/3 3054/481/3
f 3370/483/4 3369/8247/4 3364/484/4
f 1837/486/7 2950/5301/7 1875/487/7
f 1114/489/5 1115/8248/5 1118/319/5
f 1381/491/7 1420/8249/7 1380/492/7
f 122/494/7 123/4904/7 124/495/7
f 845/497/4 1107/5473/4 844/498/4
f 2000/500/2 1996/8250/2 1969/501/2
f 3038/503/1 3037/8251/1 3043/504/1
f 1528/506/7 1527/8252/7 1570/507/7
f 1244/509/4 2817/8253/4 1598/510/4
f 117/512/7 118/8254/7 120/513/7
f 2247/515/2 2255/235/2 2248/516/2
f 1387/518/1 1386/8255/1 1389/519/1
f 1602/521/4 1603/8256/4 1600/522/4
f 3412/524/3 3411/8257/3 3416/525/3
f 1540/527/2 1546/8258/2 1542/528/2
f 2100/530/4 3218/8259/4 2097/531/4
f 3286/533/3 3281/8260/3 3284/534/3
f 937/536/1 1121/568/1 1120/537/1
f 3080/539/3 3077/1712/3 1903/540/3
f 1627/542/3 1628/7228/3 1629/543/3
f 2430/545/3 2418/4258/3 2420/546/3
f 924/548/1 1019/6708/1 1024/549/1
f 1762/551/4 1763/8261/4 1761/552/4
f 840/554/4 844/8262/4 850/555/4
f 345/557/2 466/581/2 346/534/2
f 352/559/7 350/8263/7 455/560/7
f 1950/561/4 1943/8264/4 1944/562/4
f 2931/564/1 2928/8265/1 2927/565/1
f 1122/567/2 1119/537/2 936/568/2
f 1239/570/4 1245/8266/4 1240/571/4
f 2538/8/1 2537/7544/1 2522/573/1
f 996/575/7 995/8267/7 860/69/7
f 3058/577/2 3056/8268/2 3060/578/2
f 320/580/2 503/666/2 324/581/2
f 3207/582/4 3208/8269/4 3209/583/4
f 2036/585/4 2038/2596/4 2031/586/4
f 149/588/1 150/8270/1 146/589/1
f 1661/591/3 1662/3601/3 1649/592/3
f 313/594/7 457/8271/7 458/595/7
f 889/597/4 1014/8272/4 978/598/4
f 2341/600/2 2342/8008/2 2343/601/2
f 1246/603/7 1247/762/7 1236/604/7
f 2700/606/7 2701/8273/7 2685/607/7
f 485/609/2 486/8274/2 488/610/2
f 2071/612/7 2070/8275/7 2074/613/7
f 86/615/1 87/8276/1 89/616/1
f 599/620/79 598/8277/79 633/8278/79
f 633/8278/4 643/8279/4 597/8280/4
f 597/8280/4 642/8281/4 596/8282/4
f 596/8282/4 640/8283/4 613/618/4
f 613/618/4 612/8284/4 611/8285/4
f 611/8285/80 607/8286/80 606/8287/80
f 606/8287/81 605/8288/81 608/8289/81
f 608/8289/4 614/8290/4 616/619/4
f 616/619/4 604/8291/4 603/8292/4
f 603/8292/4 602/8293/4 601/8294/4
f 601/8294/82 638/8295/82 600/8296/82
f 600/8296/83 636/8297/83 599/620/83
f 599/620/84 633/8278/84 597/8280/84
f 597/8280/4 596/8282/4 613/618/4
f 613/618/4 611/8285/4 606/8287/4
f 606/8287/4 608/8289/4 616/619/4
f 616/619/4 603/8292/4 601/8294/4
f 601/8294/85 600/8296/85 599/620/85
f 599/620/4 597/8280/4 613/618/4
f 613/618/4 606/8287/4 616/619/4
f 616/619/4 601/8294/4 599/620/4
f 918/621/5 1089/8298/5 1090/622/5
f 2147/624/3 2150/3998/3 2133/625/3
f 2227/627/4 2229/671/4 2228/628/4
f 3324/630/4 3327/8299/4 3325/631/4
f 2177/633/1 2189/6707/1 2179/634/1
f 1747/636/4 1776/8300/4 1743/637/4
f 346/542/1 853/2077/1 856/639/1
f 2833/641/2 2829/6388/2 2830/642/2
f 2683/608/7 2685/607/7 1590/644/7
f 2523/646/5 2521/8301/5 2527/647/5
f 1807/648/3 1805/279/3 1810/280/3
f 36/650/4 34/8302/4 33/651/4
f 3068/653/4 3062/7744/4 3065/654/4
f 1745/656/1 2948/8303/1 1743/657/1
f 1170/659/7 1169/8304/7 1175/660/7
f 1129/662/7 883/8305/7 1133/663/7
f 370/665/3 371/8306/3 373/666/3
f 991/667/1 993/8307/1 1101/668/1
f 2106/670/4 2107/628/4 2104/671/4
f 2572/673/3 2574/5609/3 2560/674/3
f 415/676/5 411/3136/5 412/677/5
f 1818/679/7 1819/8308/7 1817/680/7
f 3102/682/5 3103/8309/5 3105/683/5
f 1149/685/5 1147/8310/5 1146/686/5
f 2418/688/1 2419/1085/1 2403/689/1
f 1597/691/3 1596/8311/3 1603/692/3
f 679/694/13 646/1053/13 647/695/13
f 529/697/5 407/740/5 532/698/5
f 477/700/5 480/4011/5 481/701/5
f 2383/703/3 2370/6442/3 2357/704/3
f 722/708/7 721/8312/7 720/8313/7
f 720/8313/7 728/8314/7 719/8315/7
f 719/8315/7 730/8316/7 718/8317/7
f 718/8317/86 717/8318/86 712/706/86
f 712/706/7 716/8319/7 715/8320/7
f 715/8320/87 714/8321/87 713/8322/87
f 713/8322/7 704/8323/7 726/8324/7
f 726/8324/7 725/8325/7 724/707/7
f 724/707/7 707/8326/7 708/8327/7
f 708/8327/87 732/8328/87 734/8329/87
f 734/8329/7 735/8330/7 736/8331/7
f 736/8331/86 723/8332/86 722/708/86
f 722/708/7 720/8313/7 719/8315/7
f 719/8315/7 718/8317/7 712/706/7
f 712/706/7 715/8320/7 713/8322/7
f 713/8322/7 726/8324/7 724/707/7
f 724/707/7 708/8327/7 734/8329/7
f 734/8329/7 736/8331/7 722/708/7
f 722/708/7 719/8315/7 712/706/7
f 712/706/7 713/8322/7 724/707/7
f 724/707/7 734/8329/7 722/708/7
f 2454/709/4 2455/8333/4 2453/710/4
f 1581/712/1 1575/4111/1 2450/713/1
f 507/715/3 504/5040/3 586/716/3
f 197/718/4 198/727/4 200/719/4
f 1257/721/1 1260/5158/1 1263/722/1
f 2040/724/5 2041/772/5 2043/725/5
f 864/727/4 300/8334/4 296/728/4
f 134/730/4 241/8335/4 427/731/4
f 1933/733/2 1930/2310/2 1968/734/2
f 74/736/5 77/1050/5 76/737/5
f 458/739/5 457/8336/5 316/740/5
f 3439/741/4 3440/8337/4 3436/742/4
f 2989/433/7 2990/432/7 2996/744/7
f 2954/746/4 2956/8338/4 1772/747/4
f 1850/749/1 1851/6972/1 1852/750/1
f 1201/752/7 2701/8273/7 2700/606/7
f 2480/754/5 2481/6969/5 2467/755/5
f 3289/757/1 3291/8339/1 3293/758/1
f 1751/760/7 1749/8340/7 1755/761/7
f 67/763/1 61/4588/1 62/764/1
f 1134/766/4 1130/1451/4 1128/767/4
f 735/769/14 693/8005/14 737/770/14
f 3275/772/5 3277/8341/5 3278/773/5
f 1260/774/7 1259/8041/7 886/775/7
f 448/777/5 449/8342/5 285/778/5
f 2176/363/7 2175/8343/7 2189/780/7
f 466/781/3 444/8344/3 347/782/3
f 594/784/5 425/8345/5 427/785/5
f 2122/787/2 2146/12/2 2158/11/2
f 112/789/4 116/8346/4 114/790/4
f 333/792/1 337/7481/1 336/793/1
f 853/795/5 854/8347/5 1100/796/5
f 2985/798/4 2986/8348/4 2981/799/4
f 814/801/7 796/8349/7 799/802/7
f 683/401/15 663/3307/15 664/804/15
f 1793/806/4 1787/8350/4 1790/807/4
f 492/809/2 491/1379/2 490/810/2
f 790/812/5 824/8351/5 765/813/5
f 2335/815/5 2329/8352/5 2333/816/5
f 194/818/1 201/8353/1 198/819/1
f 1611/821/1 1613/8354/1 1614/822/1
f 1312/824/3 1553/6019/3 1310/825/3
f 1858/827/1 1860/8355/1 1859/828/1
f 3440/830/2 3439/8356/2 3441/831/2
f 1460/833/3 1461/8357/3 1459/834/3
f 2540/836/3 2522/1637/3 2526/837/3
f 2386/372/2 2385/4100/2 2398/839/2
f 838/841/5 846/8358/5 1107/842/5
f 878/844/4 871/8359/4 877/845/4
f 2667/847/3 2668/5275/3 2658/848/3
f 1195/850/1 1201/1042/1 2701/851/1
f 429/853/1 434/1137/1 435/854/1
f 1314/856/7 1315/8360/7 1566/173/7
f 2383/858/2 2369/6931/2 2372/859/2
f 1034/861/5 1031/8361/5 1032/862/5
f 863/864/3 864/8362/3 866/865/3
f 1366/867/7 1799/8363/7 1798/868/7
f 955/870/3 1237/3214/3 1239/871/3
f 883/873/5 1023/8364/5 1025/874/5
f 989/876/2 988/3784/2 1111/877/2
f 1534/879/5 1531/3940/5 1535/880/5
f 749/882/7 748/8365/7 754/883/7
f 2007/885/4 3085/8366/4 2006/886/4
f 322/888/4 323/8367/4 325/889/4
f 956/891/1 958/980/1 957/892/1
f 2324/894/7 2310/945/7 2308/895/7
f 270/897/7 271/8368/7 269/898/7
f 2224/900/3 2222/2865/3 1251/901/3
f 610/430/88 611/429/88 612/903/88
f 1633/905/1 1627/8369/1 1635/906/1
f 2253/908/2 2252/3826/2 2238/909/2
f 1720/911/3 1721/8370/3 1724/912/3
f 1532/914/7 1285/575/7 1531/576/7
f 2536/916/2 2552/4062/2 2541/917/2
f 2758/919/1 2763/1527/1 2751/920/1
f 1552/922/7 1549/8371/7 1555/923/7
f 2129/925/1 2130/1689/1 2128/926/1
f 2243/928/5 2231/1860/5 2226/929/5
f 1570/931/5 1572/7982/5 1571/932/5
f 1437/934/4 1444/922/4 1439/924/4
f 1124/936/7 1125/8372/7 865/915/7
f 1125/938/1 952/8373/1 951/939/1
f 1230/941/1 1227/8374/1 1226/942/1
f 2517/894/7 2516/8375/7 2512/944/7
f 1768/946/7 1766/1626/7 1764/947/7
f 3036/949/3 3029/8376/3 3032/950/3
f 2274/952/4 2271/375/4 2273/953/4
f 1485/955/4 1480/8377/4 1486/956/4
f 955/958/4 968/1992/4 969/959/4
f 929/961/7 934/955/7 1000/957/7
f 862/963/5 519/8378/5 865/964/5
f 2222/776/7 2224/775/7 2220/966/7
f 2771/968/2 2781/8379/2 2775/969/2
f 2292/971/3 2301/99/3 2278/972/3
f 818/974/7 791/1044/7 795/975/7
f 1777/977/2 1667/3196/2 1669/978/2
f 1061/980/1 1059/8380/1 923/981/1
f 2634/982/5 2642/8149/5 2625/983/5
f 2643/984/7 2658/6984/7 2645/985/7
f 960/987/3 962/981/3 964/988/3
f 2302/990/3 2291/8381/3 2296/991/3
f 81/993/7 82/8382/7 84/994/7
f 257/996/4 253/1810/4 837/997/4
f 2578/999/1 2564/7633/1 2565/1000/1
f 3159/1002/4 3154/8383/4 3158/1003/4
f 3022/1005/3 3021/8384/3 3024/1006/3
f 64/1008/7 61/4621/7 67/1009/7
f 2325/1011/7 2320/2087/7 2326/1012/7
f 3120/1014/4 3115/4857/4 3118/1015/4
f 2241/787/1 2256/4918/1 2267/1017/1
f 1523/1019/3 1283/1138/3 1282/1020/3
f 2580/1022/2 1217/82/2 1212/84/2
f 924/1024/7 1018/8385/7 1020/1025/7
f 970/1027/7 1055/2822/7 967/1028/7
f 1252/1030/1 838/1881/1 845/1031/1
f 565/1033/5 567/1448/5 568/1034/5
f 2958/1036/2 2957/8386/2 2964/1037/2
f 2276/1039/7 2264/8387/7 2269/1040/7
f 1201/1042/1 2692/3419/1 2691/1043/1
f 360/1044/4 362/1186/4 357/1045/4
f 2469/1047/3 2465/3157/3 2468/1048/3
f 3/1050/5 4/8388/5 7/1051/5
f 679/694/17 689/1852/17 690/1052/17
f 1642/961/4 1645/962/4 1639/1054/4
f 1040/1056/5 948/5052/5 1210/1057/5
f 3299/1059/1 3301/8389/1 3298/1060/1
f 2843/1062/4 2837/8390/4 2844/1063/4
f 901/1065/2 900/8391/2 975/1066/2
f 3254/655/4 3249/654/4 3255/1068/4
f 1398/1070/4 1399/8392/4 1334/1071/4
f 545/1073/5 547/8393/5 386/1074/5
f 1259/1076/3 1260/5687/3 2335/85/3
f 2037/1078/3 2033/2186/3 2031/1079/3
f 1334/1081/3 1336/8394/3 1338/1082/3
f 2432/1084/1 2433/7643/1 2419/1085/1
f 2443/1086/4 2444/3562/4 2440/1087/4
f 759/1089/5 756/8395/5 761/1090/5
f 574/1092/5 570/8396/5 384/1093/5
f 1737/1095/3 1736/8397/3 1741/1096/3
f 2118/1098/7 2117/7800/7 2120/1099/7
f 1512/1101/2 1412/8398/2 1413/1102/2
f 1207/1104/1 1040/4766/1 1211/1105/1
f 271/1107/2 270/8399/2 848/1108/2
f 1547/1110/2 1550/8400/2 1534/1111/2
f 595/1113/1 242/8401/1 246/1114/1
f 1665/1116/4 1668/8402/4 1669/1117/4
f 448/1119/7 464/8403/7 451/1120/7
f 1584/1122/3 2579/8404/3 2578/1123/3
f 470/1125/5 460/8405/5 459/1126/5
f 435/1115/1 133/1114/1 137/1128/1
f 1107/1130/2 1108/8406/2 1110/1131/2
f 1972/1133/3 1974/8407/3 1975/1134/3
f 417/853/1 418/6193/1 419/1136/1
f 1490/1138/1 1275/1019/1 1276/1139/1
f 1143/1141/1 1141/8000/1 1144/1142/1
f 2460/1144/3 2461/5658/3 2449/1145/3
f 3360/1147/7 3357/8408/7 3356/1148/7
f 2725/1150/4 2721/8409/4 2724/1151/4
f 1817/1153/3 1819/8410/3 1820/1154/3
f 3380/1156/1 3381/1680/1 3383/1157/1
f 397/1158/4 398/8411/4 392/1159/4
f 2075/1161/4 2073/8412/4 2068/1162/4
f 523/678/5 412/677/5 519/1164/5
f 2362/1166/5 2374/3722/5 2364/1167/5
f 3478/1169/1 3480/8413/1 3479/1170/1
f 2510/1171/3 2509/1347/3 2499/1172/3
f 703/1174/18 713/8414/18 714/1175/18
f 1589/1177/4 1585/1330/4 1586/1178/4
f 1098/1180/4 994/8415/4 1101/1181/4
f 1424/1183/2 1349/7650/2 1350/1184/2
f 525/1186/7 526/8416/7 419/1187/7
f 3177/800/4 3174/799/4 3170/1189/4
f 1467/1191/3 1468/1643/3 1302/1140/3
f 2784/1192/1 2800/4478/1 2776/1193/1
f 298/1195/3 439/8417/3 864/1196/3
f 919/1198/1 1087/8418/1 1086/1132/1
f 1196/1200/3 1197/8419/3 1198/1201/3
f 479/1203/7 478/8420/7 480/1204/7
f 1789/592/1 1791/2848/1 1793/1206/1
f 378/1208/1 377/8421/1 379/1209/1
f 2503/1211/7 2505/2086/7 2506/1212/7
f 1894/1214/2 1897/8422/2 1898/1215/2
f 2744/1217/1 2766/1312/1 2746/517/1
f 2351/1219/1 2357/4078/1 2370/1220/1
f 902/1222/5 905/2584/5 906/1223/5
f 40/1225/1 41/8423/1 38/1226/1
f 830/1227/4 822/8424/4 795/1228/4
f 2798/1230/2 2799/5795/2 2790/1231/2
f 105/1233/7 106/3461/7 108/1234/7
f 852/1236/2 330/8425/2 327/1237/2
f 2341/1239/7 1257/8042/7 2340/1100/7
f 165/1240/1 166/8426/1 163/1241/1
f 2636/1243/2 2648/7241/2 2637/1244/2
f 2419/1246/5 2434/2819/5 2402/1247/5
f 453/1249/5 451/49/5 455/51/5
f 301/1251/2 302/8427/2 304/1252/2
f 1200/1254/5 1195/7010/5 1201/1255/5
f 636/1257/19 635/3359/19 624/1258/19
f 1781/1260/3 1777/8428/3 1668/1261/3
f 310/1263/4 311/8429/4 309/1264/4
f 1597/1266/7 1596/7060/7 2103/1267/7
f 3152/1269/2 3146/8430/2 3153/1270/2
f 2735/1272/3 2737/6146/3 2747/335/3
f 832/1273/3 834/4989/3 835/1274/3
f 1336/1276/5 1340/8431/5 1339/1277/5
f 3450/1279/4 3445/8432/4 3446/1280/4
f 1084/1282/2 1082/8433/2 1085/1199/2
f 2694/1284/5 2693/6915/5 2683/1285/5
f 1320/1287/2 1316/4835/2 1319/1288/2
f 2186/1290/7 2202/2123/7 2191/1291/7
f 1274/1293/1 1454/8434/1 1455/1294/1
f 3300/1296/4 3303/1915/4 3301/1297/4
f 700/1299/20 726/2121/20 704/1300/20
f 2186/1302/5 2202/4954/5 2175/1303/5
f 2279/1305/1 2266/2771/1 2269/1018/1
f 1455/1306/7 1454/8435/7 1456/1307/7
f 166/1309/5 162/2281/5 169/146/5
f 2815/1311/1 2806/8436/1 2809/1312/1
f 4/1313/2 5/8437/2 6/1314/2
f 783/1316/5 778/8438/5 784/1317/5
f 1556/1319/1 1553/8439/1 1552/1320/1
f 2369/1322/7 2372/8440/7 2351/1323/7
f 1843/867/2 1846/869/2 1847/1325/2
f 2873/355/4 2870/354/4 2875/1327/4
f 2535/1329/4 2530/8441/4 2534/1330/4
f 235/1331/4 234/8442/4 236/1332/4
f 1214/1334/4 1212/8443/4 1583/1335/4
f 2505/1337/3 2503/7693/3 2486/1338/3
f 2090/1340/5 2084/2258/5 2085/1341/5
f 2244/1343/2 2242/8444/2 2231/1344/2
f 2521/1346/3 2523/7828/3 2509/1347/3
f 3294/1348/4 3295/8445/4 3290/1349/4
f 1822/1351/2 1817/8446/2 1824/1352/2
f 1995/1354/3 2002/8447/3 2006/1355/3
f 1505/1357/4 1459/1306/4 1462/1308/4
f 2971/1359/3 2965/8448/3 2970/1360/3
f 2221/902/3 1251/901/3 2211/1362/3
f 668/1364/21 669/3604/21 660/1365/21
f 796/1367/5 814/8449/5 797/1368/5
f 3121/1370/2 3117/8450/2 3115/1371/2
f 556/1373/5 386/8451/5 391/1374/5
f 1538/1376/7 1537/8452/7 1517/1377/7
f 491/1379/2 492/809/2 263/1380/2
f 3259/1069/7 3257/1068/7 3262/1382/7
f 2747/1384/7 2766/8453/7 2744/1385/7
f 1236/1387/5 1038/8454/5 1240/1388/5
f 848/1390/3 851/8455/3 849/1391/3
f 2187/1393/4 2183/3866/4 2184/1394/4
f 2070/1396/2 2071/8456/2 2072/1397/2
f 195/1399/2 196/8457/2 199/1400/2
f 201/1402/5 195/1515/5 200/1403/5
f 821/1405/3 802/7055/3 763/1406/3
f 2838/1408/5 2841/8458/5 2843/1409/5
f 2312/1411/5 2317/7119/5 2302/1412/5
f 409/1414/2 405/1599/2 537/1415/2
f 639/1417/22 640/7458/22 596/1418/22
f 2860/1420/4 2858/1062/4 2854/1064/4
f 416/1422/2 406/2718/2 407/1423/2
f 2827/1425/4 2828/8459/4 2822/1426/4
f 1800/1428/2 1798/8460/2 1802/1429/2
f 1569/1431/1 1570/8461/1 1314/1432/1
f 1566/1434/3 1315/8462/3 1318/1435/3
f 1371/1437/7 1497/8463/7 1370/1438/7
f 797/1440/2 807/7043/2 762/1441/2
f 1534/1443/3 1548/6018/3 1298/824/3
f 1468/1445/7 1470/8464/7 1481/1446/7
f 567/1448/5 576/3056/5 577/1449/5
f 1097/1450/4 909/8465/4 1093/1451/4
f 2407/1452/3 2393/1880/3 2395/1453/3
f 2190/1455/7 2197/6959/7 2195/1456/7
f 1015/1458/4 974/8466/4 1083/1459/4
f 2065/1461/3 2093/1973/3 2063/1462/3
f 1781/1464/4 1327/8467/4 1326/1465/4
f 568/1467/2 567/8468/2 569/1468/2
f 1251/425/4 850/8469/4 1094/1470/4
f 124/1472/1 123/1978/1 121/1473/1
f 1055/1475/3 970/6642/3 1207/1476/3
f 1050/1478/5 1047/8470/5 1053/1479/5
f 3350/1481/7 3217/8471/7 2092/1482/7
f 2626/1483/3 2619/626/3 2603/1484/3
f 865/1486/4 995/8472/4 866/1487/4
f 1094/1489/3 1095/1571/3 1098/1490/3
f 254/1492/1 487/8473/1 482/1493/1
f 2921/1495/7 2917/8093/7 2920/1496/7
f 1524/1498/7 1367/8474/7 1365/1499/7
f 1345/1501/1 1336/8475/1 1338/1502/1
f 2648/1504/3 2649/2607/3 2635/1505/3
f 1623/1507/3 1352/648/3 1622/649/3
f 2654/954/4 2653/953/4 2651/1509/4
f 547/1511/2 386/4703/2 558/1512/2
f 154/1514/5 155/8476/5 158/1515/5
f 3141/1516/2 3138/1170/2 3144/1517/2
f 1188/1519/2 1187/8477/2 1186/1520/2
f 738/1524/4 737/8478/4 693/8479/4
f 693/8479/4 692/8480/4 733/8481/4
f 733/8481/4 709/8482/4 702/8483/4
f 702/8483/4 701/8484/4 706/1522/4
f 706/1522/4 700/8485/4 705/8486/4
f 705/8486/4 703/8487/4 699/8488/4
f 699/8488/4 698/8489/4 710/8490/4
f 710/8490/4 711/8491/4 697/1523/4
f 697/1523/4 696/8492/4 731/8493/4
f 731/8493/4 695/8494/4 729/8495/4
f 729/8495/4 694/8496/4 727/8497/4
f 727/8497/4 739/8498/4 738/1524/4
f 738/1524/4 693/8479/4 733/8481/4
f 733/8481/4 702/8483/4 706/1522/4
f 706/1522/4 705/8486/4 699/8488/4
f 699/8488/4 710/8490/4 697/1523/4
f 697/1523/4 731/8493/4 729/8495/4
f 729/8495/4 727/8497/4 738/1524/4
f 738/1524/4 733/8481/4 706/1522/4
f 706/1522/4 699/8488/4 697/1523/4
f 697/1523/4 729/8495/4 738/1524/4
f 2339/1525/7 2338/1457/7 2343/1456/7
f 2792/1194/1 2776/1193/1 2763/1527/1
f 1715/1528/5 1713/2162/5 1718/1529/5
f 1341/1531/3 1345/5938/3 1343/1532/3
f 2202/1534/2 2188/4342/2 2176/1535/2
f 228/1537/7 545/8499/7 226/1538/7
f 2334/1540/1 2335/7367/1 1260/1541/1
f 3128/1543/4 3129/8500/4 3126/1544/4
f 420/1546/5 421/2891/5 409/1547/5
f 2158/1549/3 2143/1483/3 2128/1485/3
f 2247/1551/3 2251/3582/3 2230/1552/3
f 1345/1554/5 1410/8501/5 1344/1555/5
f 2791/1557/2 2771/2975/2 2765/1558/2
f 499/1560/7 498/8502/7 497/1561/7
f 699/1176/23 714/1175/23 715/1563/23
f 2477/1565/4 2478/8503/4 2475/1566/4
f 2788/1568/4 2787/8504/4 2785/1569/4
f 921/1571/1 1114/1489/1 925/1572/1
f 1561/1574/5 1559/6963/5 1560/1575/5
f 2423/1577/1 2410/6827/1 2409/1578/1
f 953/1580/2 870/8505/2 955/1573/2
f 2393/1581/1 2408/5750/1 2377/1582/1
f 2562/1584/7 2571/7102/7 2558/1585/7
f 3166/1587/4 3162/8506/4 3168/1588/4
f 2754/395/3 2767/394/3 2755/1590/3
f 1217/1592/3 2582/8507/3 2581/1593/3
f 355/1595/4 353/8508/4 354/1596/4
f 233/1598/3 553/1705/3 236/1599/3
f 1174/1600/2 1175/8509/2 1163/1601/2
f 2132/1603/2 2131/8510/2 2112/1604/2
f 2823/1606/2 2821/8511/2 2828/1607/2
f 1587/1609/1 1588/8512/1 2579/1610/1
f 3438/1545/7 3435/1544/7 3442/1612/7
f 2771/1614/3 2792/6379/3 2758/1615/3
f 39/1616/2 43/1226/2 44/1617/2
f 3116/1619/7 3114/2811/7 3117/1620/7
f 1157/1622/7 1158/8513/7 1156/1623/7
f 2091/1625/4 2088/1911/4 2085/1626/4
f 2607/1627/4 2604/7459/4 2605/1628/4
f 317/1630/1 458/1761/1 318/1631/1
f 2048/1513/1 2049/4161/1 2052/1632/1
f 2042/1634/7 2041/7719/7 2040/652/7
f 2202/1636/3 2186/8514/3 2185/1637/3
f 839/1315/1 842/8515/1 840/1638/1
f 2000/1639/7 1995/8516/7 1998/1640/7
f 1564/1642/1 1563/2017/1 1565/1643/1
f 1596/1644/5 1597/2370/5 2807/1645/5
f 2719/1647/7 2720/8517/7 2733/1648/7
f 1280/1650/3 1511/8518/3 1514/1651/3
f 1486/1653/7 1553/8519/7 1312/1654/7
f 2543/1656/5 2529/5666/5 2518/1657/5
f 2991/1659/2 2996/8520/2 2995/1660/2
f 1269/1662/7 1409/8521/7 1406/1663/7
f 248/1665/3 592/4682/3 250/1666/3
f 2197/1668/3 2190/2478/3 2194/1669/3
f 471/1671/3 472/8522/3 469/1672/3
f 2487/1213/7 2506/1212/7 2495/1674/7
f 1440/1676/5 1431/8523/5 1437/1677/5
f 3363/1679/1 3368/2218/1 3367/1680/1
f 2578/1681/7 2576/2329/7 1583/1682/7
f 1241/1684/5 2816/474/5 2817/476/5
f 2247/1686/7 2251/1693/7 2241/1687/7
f 2241/1687/7 2256/1683/7 2244/1682/7
f 2130/1689/1 2129/925/1 2114/1690/1
f 2250/1692/7 2265/4966/7 2251/1693/7
f 1588/1694/7 2580/4967/7 1584/1695/7
f 1273/1697/4 1451/357/4 1293/285/4
f 1837/1698/7 1835/2179/7 1834/1699/7
f 1874/1701/3 1875/7673/3 1872/1702/3
f 509/1704/3 434/8524/3 510/1705/3
f 3259/1706/5 3258/8525/5 3260/1707/5
f 1679/1709/4 1372/59/4 1374/1710/4
f 3212/1712/5 3213/8526/5 3214/1713/5
f 579/1714/1 559/8527/1 558/1715/1
f 602/1717/24 619/4259/24 620/1718/24
f 507/1720/2 329/8528/2 503/1721/2
f 426/1723/2 425/2632/2 427/1724/2
f 1322/1726/3 1437/8529/3 1323/1727/3
f 2733/1729/2 2708/6548/2 2707/1730/2
f 2672/1732/2 2673/100/2 2650/1733/2
f 2364/1735/2 2355/2385/2 2346/1736/2
f 732/386/25 733/385/25 692/1738/25
f 404/1740/1 421/8530/1 409/1741/1
f 3413/1743/5 3417/8531/5 3418/1744/5
f 1335/1746/2 1394/8532/2 1393/1747/2
f 302/1749/3 469/8533/3 306/1750/3
f 3025/1752/2 3022/8534/2 3028/1753/2
f 473/1127/5 459/1126/5 280/1755/5
f 1352/1757/2 1621/6618/2 1616/1758/2
f 479/1760/1 477/3749/1 458/1761/1
f 586/1762/4 321/8535/4 503/1763/4
f 1715/1765/7 1714/8536/7 1711/400/7
f 424/1767/5 398/8537/5 542/1768/5
f 2559/1770/7 2551/8538/7 2542/1771/7
f 1180/1773/5 1177/7852/5 1183/1774/5
f 3406/1776/2 3403/8539/2 3409/1777/2
f 501/1779/1 338/8540/1 342/1780/1
f 1667/1782/3 1814/8541/3 1670/1783/3
f 321/1785/1 319/4802/1 323/1786/1
f 1086/1788/4 1083/8542/4 1085/1789/4
f 207/1791/5 204/8543/5 202/1792/5
f 1203/1794/5 1202/8544/5 1204/1795/5
f 571/1797/7 559/8545/7 579/278/7
f 807/1798/4 821/8546/4 800/1799/4
f 591/1801/1 486/4695/1 485/1802/1
f 1599/1804/5 2818/8547/5 1601/1805/5
f 819/1807/2 799/8548/2 821/1808/2
f 370/1810/7 558/3942/7 557/1811/7
f 903/1812/1 1138/8549/1 1137/1813/1
f 2244/1815/3 2256/1551/3 2225/1553/3
f 2448/1816/7 2445/5964/7 2438/1817/7
f 1148/1819/4 1146/8550/4 931/1820/4
f 1638/1822/3 1648/4068/3 1646/1823/3
f 1701/1825/3 1703/8551/3 1704/1826/3
f 1908/1828/5 1911/8013/5 1912/1829/5
f 1634/680/2 1366/8552/2 1631/1831/2
f 1420/1833/1 1421/8553/1 1425/1834/1
f 1561/1836/3 1564/7781/3 1289/1837/3
f 1575/1839/5 1232/8554/5 1234/1840/5
f 1582/1842/3 1580/8555/3 1577/1843/3
f 2599/1845/4 2597/8556/4 2595/1846/4
f 1036/1848/1 1035/8557/1 1033/1849/1
f 680/1851/26 645/5039/26 690/1052/26
f 526/1853/2 525/1855/2 159/1781/2
f 392/1854/3 543/8558/3 540/1855/3
f 820/1856/1 831/4746/1 822/1857/1
f 2241/1859/5 2255/3606/5 2231/1860/5
f 2559/1861/1 2547/2091/1 2549/1610/1
f 1695/1863/2 1696/7605/2 1693/1864/2
f 760/1866/4 761/7514/4 757/1867/4
f 2308/114/1 2310/113/1 2299/1869/1
f 319/1871/4 269/8559/4 273/1872/4
f 1862/1874/2 1863/8560/2 1856/1875/2
f 228/1877/3 227/8561/3 231/1878/3
f 2393/1880/3 2407/1452/3 2417/547/3
f 838/1881/1 834/2973/1 835/1882/1
f 2519/1883/5 2507/4630/5 2491/1884/5
f 2832/1886/5 2833/8562/5 2835/1887/5
f 2216/1889/7 2215/2725/7 2214/1890/7
f 437/1892/7 436/4430/7 440/1893/7
f 1903/1895/7 1904/8563/7 1901/1896/7
f 2611/1898/7 2589/5662/7 2585/1899/7
f 3227/1901/3 3225/8564/3 3224/1902/3
f 1620/1904/5 1352/157/5 1622/159/5
f 2101/1906/2 3217/1396/2 3218/1398/2
f 2690/329/2 2684/328/2 2678/1908/2
f 2087/1910/7 2084/2104/7 2090/1911/7
f 1757/1912/2 1758/202/2 1763/1913/2
f 3297/1016/7 3298/1015/7 3296/1915/7
f 1724/1916/4 1725/8565/4 1726/1917/4
f 874/1919/2 875/8566/2 878/1920/2
f 3379/1922/3 3380/1950/3 3385/1923/3
f 1508/1925/1 1506/8567/1 1460/1926/1
f 1284/1928/7 1542/8568/7 1546/1929/7
f 1007/1931/5 1009/8569/5 907/1932/5
f 2388/1934/3 2408/8570/3 2389/1935/3
f 148/1937/3 149/1995/3 153/1938/3
f 1331/1940/4 1794/8571/4 1332/1941/4
f 3063/1943/7 3061/8572/7 3067/1944/7
f 1544/1930/4 1540/8573/4 1543/1946/4
f 2093/1947/7 2065/8574/7 2064/1948/7
f 1951/1950/3 1953/8575/3 1952/1951/3
f 2397/1953/5 2398/5274/5 2385/1954/5
f 3308/1956/7 3306/8576/7 3304/1957/7
f 870/1959/4 1061/5623/4 1019/1960/4
f 1691/1962/5 1695/8577/5 1697/1963/5
f 1320/1965/3 1655/1507/3 1658/1508/3
f 2465/1967/1 2472/8578/1 2471/1968/1
f 2179/1970/5 2180/2983/5 2159/1971/5
f 2093/1973/3 2092/8579/3 2094/1974/3
f 2766/921/1 2751/920/1 2752/1975/1
f 122/1977/2 128/1473/2 126/1978/2
f 854/1238/2 335/1237/2 332/1980/2
f 1233/1982/3 1581/6727/3 1574/462/3
f 1993/1984/5 1989/8580/5 1992/1985/5
f 1989/1987/2 1987/8581/2 1990/70/2
f 1316/1989/4 1320/2050/4 1318/1990/4
f 1029/1992/4 1169/8582/4 1030/1993/4
f 219/1994/3 221/8583/3 223/1995/3
f 485/1996/7 491/8584/7 589/1997/7
f 1662/1999/1 1664/8585/1 1663/2000/1
f 3381/2002/7 3380/8586/7 3379/2003/7
f 1162/2005/5 1165/8587/5 1166/2006/5
f 2564/2008/5 1583/6896/5 2563/2009/5
f 701/2011/27 702/8588/27 707/2012/27
f 1818/2013/5 1822/4175/5 1823/2014/5
f 1413/2016/1 1414/2347/1 1417/2017/1
f 3157/2018/5 3161/2772/5 3159/2019/5
f 3197/2021/7 3196/8589/7 3200/2022/7
f 2693/2024/3 2694/8590/3 1595/2025/3
f 1677/2027/5 1678/3583/5 1680/2028/5
f 1503/2030/4 1504/8550/4 1502/1819/4
f 1247/2032/3 1246/8591/3 1248/2033/3
f 758/2035/3 783/8592/3 787/2036/3
f 2573/1023/2 1212/84/2 2572/2038/2
f 1549/2040/5 1550/4388/5 1547/2041/5
f 1664/2043/5 1660/8593/5 1659/2044/5
f 2209/2046/2 2221/6257/2 2201/2047/2
f 69/2049/7 70/8594/7 72/2050/7
f 891/2052/3 390/8595/3 1084/2053/3
f 3163/2055/3 3164/3281/3 3168/2056/3
f 3020/2058/3 3013/8596/3 3015/2059/3
f 336/2061/4 337/8597/4 335/2062/4
f 1298/2064/1 1297/8598/1 1301/2065/1
f 3251/2067/1 3250/8599/1 3253/2068/1
f 79/2070/2 76/8600/2 77/2071/2
f 1331/2073/1 1794/4370/1 1640/2074/1
f 851/2076/1 849/5686/1 856/639/1
f 1998/2078/1 1995/6217/1 3085/2079/1
f 286/2081/4 281/8601/4 283/2082/4
f 1945/2084/2 1948/8602/2 1944/2085/2
f 2337/2086/7 2323/1211/7 2320/2087/7
f 1488/2088/7 1275/8603/7 1490/2089/7
f 2191/2091/2 2202/8604/2 2184/2092/2
f 2589/2094/1 2594/7559/1 2592/2095/1
f 2190/2097/5 2197/8605/5 2196/2098/5
f 1875/2100/1 2950/8606/1 1873/2101/1
f 1718/2103/4 1712/488/4 1717/2104/4
f 338/2106/5 339/8607/5 343/2107/5
f 884/2109/4 879/8608/4 883/2110/4
f 2268/2112/7 2266/4289/7 2279/2113/7
f 2949/2115/1 1834/8609/1 1833/2116/1
f 2469/2118/7 2481/5229/7 2480/2119/7
f 706/142/28 725/144/28 726/2121/28
f 2203/2122/7 2188/8039/7 2202/2123/7
f 802/2124/1 803/6747/1 801/2125/1
f 2411/2127/7 2424/8610/7 2423/2128/7
f 2847/2130/7 2845/2002/7 2846/2004/7
f 3431/2132/5 3429/8611/5 3432/2133/5
f 3296/2135/3 3298/2326/3 3301/2136/3
f 1840/2138/1 1841/8612/1 1844/2139/1
f 1499/2141/7 1500/8613/7 1498/2142/7
f 574/2144/1 572/8614/1 573/2145/1
f 2728/2147/2 2730/5827/2 2718/2148/2
f 1650/2150/3 1652/8615/3 1606/2151/3
f 3136/2153/2 3133/8616/2 3130/2154/2
f 1353/2156/2 1521/8617/2 1355/2157/2
f 541/2159/7 379/8618/7 888/2160/7
f 1731/2162/5 1734/2837/5 1733/2163/5
f 2135/2164/5 2137/3684/5 2136/2165/5
f 516/2166/1 513/8619/1 514/2167/1
f 1845/2169/4 1847/8620/4 1842/2170/4
f 1364/2172/4 1358/8621/4 1362/2173/4
f 448/2175/1 453/6526/1 454/2176/1
f 3084/2178/4 1934/3979/4 1932/2179/4
f 2780/2180/3 2783/5896/3 2768/2181/3
f 866/2182/7 942/8622/7 1056/2183/7
f 3350/2185/2 2093/8623/2 2063/2186/2
f 1795/2188/2 1613/3195/2 1614/977/2
f 2179/2190/1 2169/2467/1 2163/2093/1
f 1666/2191/5 1777/304/5 1668/306/5
f 3399/2193/5 3397/8624/5 3401/2194/5
f 389/2195/4 390/8625/4 391/2196/4
f 3464/1350/4 3460/1349/4 3461/2198/4
f 558/2200/4 386/8333/4 556/709/4
f 2449/2202/5 2458/8626/5 2455/2203/5
f 2709/2196/4 2702/8625/4 2703/2205/4
f 2808/2207/3 2806/7253/3 2812/2208/3
f 1942/2210/2 1938/8627/2 1935/2211/2
f 1406/2213/1 1409/8628/1 1407/2214/1
f 300/2216/1 864/2573/1 439/2176/1
f 740/2218/2 741/8629/2 743/2219/2
f 2800/2221/5 2789/7651/5 2791/2222/5
f 2903/1497/4 2904/1496/4 2906/2224/4
f 1524/2226/3 1533/8630/3 1368/2227/3
f 3044/2229/4 3042/8631/4 3040/2230/4
f 1418/2232/3 1413/7975/3 1412/2233/3
f 2456/1285/5 2451/4757/5 2445/2235/5
f 496/2237/3 501/3647/3 341/2238/3
f 3239/1945/4 3237/1944/4 3233/2240/4
f 16/2242/1 14/8632/1 13/2243/1
f 2445/2245/3 2448/8633/3 2441/2246/3
f 2122/2248/3 2125/2285/3 2126/2249/3
f 1691/2251/7 1690/8634/7 1696/2252/7
f 1360/2253/1 1462/8635/1 1358/2254/1
f 2603/2256/5 2608/3752/5 2606/2257/5
f 2071/2258/3 2069/2567/3 2075/2259/3
f 2064/2260/3 2025/8636/3 2029/2261/3
f 2891/2263/4 2892/8637/4 2889/2264/4
f 1630/2266/4 1635/8638/4 1629/2267/4
f 457/2269/2 313/8639/2 315/2194/2
f 242/2271/5 241/2303/5 243/2272/5
f 2925/2274/2 2932/8640/2 2930/2275/2
f 1456/2277/3 1454/2344/3 1274/2278/3
f 172/2280/3 175/8641/3 174/2281/3
f 2060/2187/5 2056/2422/5 2058/2282/5
f 2684/2284/3 2675/8642/3 2676/2285/3
f 2798/2286/7 2813/8643/7 2812/2287/7
f 1206/2289/4 1204/5155/4 1239/597/4
f 888/2291/1 379/8644/1 978/2292/1
f 2976/2294/2 2979/8645/2 2980/1661/2
f 399/2296/3 414/8646/3 516/2297/3
f 3480/2299/5 3476/3116/5 3481/2300/5
f 475/2302/5 301/8647/5 303/2303/5
f 527/2304/1 419/8648/1 862/2305/1
f 898/2307/5 1156/1931/5 1038/1933/5
f 1932/2309/2 1929/4694/2 1930/2310/2
f 2600/2311/1 2603/3053/1 2605/2312/1
f 431/2314/7 430/2415/7 429/2315/7
f 2172/2317/7 2182/6783/7 2181/2318/7
f 408/2320/3 530/8649/3 533/2321/3
f 3451/2323/7 3452/8650/7 3456/2324/7
f 3394/2326/3 3388/8651/3 3387/2327/3
f 2567/2328/7 2573/8652/7 2576/2329/7
f 2056/2330/2 2055/1632/2 2057/2331/2
f 398/2333/2 409/8653/2 421/2334/2
f 1899/1988/1 1893/8654/1 1895/2336/1
f 1618/2337/4 1786/8655/4 1801/1458/4
f 486/2338/7 591/8656/7 258/2339/7
f 1677/2341/1 1370/8657/1 1372/2342/1
f 1012/2343/3 1014/8658/3 1015/2344/3
f 121/2345/4 125/8659/4 126/1234/4
f 1495/2347/1 1279/2016/1 1278/2348/1
f 3270/2350/2 3271/8660/2 3269/2351/2
f 1352/2353/4 1347/8661/4 1351/2354/4
f 2286/2356/4 2284/8662/4 2280/2357/4
f 1271/2359/7 1445/2358/7 1442/2360/7
f 2291/2362/7 2301/8643/7 2292/2286/7
f 2871/2364/5 2876/8663/5 2873/2365/5
f 2304/896/7 2308/895/7 2312/2367/7
f 2215/2369/2 2219/8664/2 2217/1645/2
f 2402/2371/2 2417/1243/2 2407/1245/2
f 1030/2373/3 1028/1477/3 1190/2374/3
f 466/2376/7 345/8665/7 349/2377/7
f 1392/2379/3 1329/8666/3 1331/2380/3
f 3063/2381/5 3066/8667/5 3068/2382/5
f 2374/2384/2 2361/371/2 2355/2385/2
f 2812/2386/5 2799/8668/5 2795/2387/5
f 1080/2389/1 1079/8669/1 1075/2390/1
f 3466/1061/2 3459/8670/2 3460/2391/2
f 1969/2393/4 1999/6504/4 3085/2394/4
f 1096/2396/5 1099/8671/5 909/2397/5
f 2846/2399/3 2845/8672/3 2848/2400/3
f 2433/2402/1 2422/3080/1 2428/1909/1
f 2996/2403/3 2990/8673/3 2992/2404/3
f 585/2406/2 248/2465/2 249/2407/2
f 413/2298/3 516/2297/3 517/2409/3
f 1904/2411/3 1907/8674/3 1909/2412/3
f 529/2414/4 419/2833/4 526/2415/4
f 2155/2416/7 2159/8675/7 2147/2417/7
f 641/2419/29 642/3546/29 597/2420/29
f 3341/2422/3 3337/2449/3 3336/2423/3
f 1340/2425/2 1341/8676/2 1342/2426/2
f 503/2428/7 320/2517/7 319/2429/7
f 1323/2431/1 1437/7827/1 1434/2432/1
f 3457/2434/4 3458/8677/4 3453/2435/4
f 2268/2437/3 2266/8678/3 2271/2438/3
f 2420/2440/7 2417/5540/7 2402/2441/7
f 1956/2443/2 1951/416/2 1958/2444/2
f 987/2446/7 986/6391/7 1111/2447/7
f 2055/2449/3 2059/2500/3 2061/2450/3
f 2397/2452/1 2387/370/1 2378/372/1
f 2719/2453/5 2734/4693/5 2707/2454/5
f 390/2456/1 375/8679/1 972/2457/1
f 557/2459/1 556/1492/1 555/1494/1
f 2714/851/1 2727/3490/1 2716/2461/1
f 2851/2462/4 2852/2229/4 2848/2231/4
f 459/2464/2 277/8680/2 278/2465/2
f 2241/2466/1 2251/3134/1 2246/2467/1
f 1685/2468/1 1688/821/1 1689/2469/1
f 858/2471/5 857/7387/5 861/2472/5
f 3046/2474/7 3045/8681/7 3052/2475/7
f 2219/2477/3 2218/5564/3 2190/2478/3
f 418/2479/5 416/8682/5 526/2480/5
f 2012/198/7 2009/2252/7 2008/2482/7
f 2212/2484/3 2213/8683/3 2198/2485/3
f 1268/2266/7 1266/8684/7 1389/2487/7
f 1068/2361/4 1065/2570/4 1167/2489/4
f 1527/2490/1 1528/8685/1 1293/2491/1
f 2116/1484/3 2134/1815/3 2118/314/3
f 2872/2494/3 2869/8686/3 2875/2495/3
f 3182/2497/5 3178/8687/5 3184/2498/5
f 2016/2500/3 2018/2762/3 2020/2501/3
f 2103/2502/3 1242/8688/3 1243/2503/3
f 1778/2505/1 1604/7571/1 1605/2506/1
f 2413/2508/5 2411/8689/5 2416/2509/5
f 1969/2511/3 1970/5449/3 1968/2512/3
f 1007/2514/7 1006/8690/7 908/2515/7
f 413/2517/7 403/8691/7 513/2518/7
f 2368/2519/4 2365/8692/4 2366/1629/4
f 486/2520/3 487/3957/3 260/2521/3
f 1563/2523/5 1567/931/5 1562/933/5
f 277/2525/7 459/2556/7 473/2526/7
f 2382/300/5 2371/299/5 2372/2528/5
f 2614/2530/7 2613/7392/7 2612/2531/7
f 115/2533/1 109/8693/1 114/2534/1
f 111/2536/2 110/8694/2 112/2537/2
f 55/2539/4 56/8695/4 50/2540/4
f 2114/2542/4 2115/2756/4 2112/2543/4
f 855/2545/3 933/2396/3 1066/2398/3
f 2735/2547/5 2737/2780/5 2738/2548/5
f 2403/2442/7 2402/2441/7 2401/2550/7
f 231/2552/5 229/8696/5 235/2553/5
f 302/2525/7 301/8697/7 475/2555/7
f 1219/2557/1 948/8698/1 945/2558/1
f 553/2560/1 231/3543/1 232/2561/1
f 2930/2563/4 2932/8699/4 2928/2564/4
f 2168/1247/5 2160/1970/5 2149/1972/5
f 2008/2567/3 2009/2950/3 2010/2568/3
f 1061/2569/7 1060/2489/7 1063/2570/7
f 2117/2493/3 2118/314/3 2105/316/3
f 281/2573/1 286/8700/1 447/2177/1
f 1175/2574/3 1169/8701/3 1171/2575/3
f 458/2577/4 481/5708/4 476/2578/4
f 157/2580/3 161/2659/3 159/2581/3
f 1393/2583/3 1395/4498/3 1396/2349/3
f 19/2584/4 20/5448/4 13/2585/4
f 3309/2587/4 3305/8702/4 3310/2588/4
f 2069/2590/1 2074/4098/1 2073/2591/1
f 1794/2487/7 1637/8684/7 1638/2592/7
f 722/2594/30 723/6495/30 738/2595/30
f 2825/2597/5 2823/8703/5 2827/2598/5
f 2926/2600/7 2927/8704/7 2925/2601/7
f 1542/2603/3 1284/8705/3 1545/2604/3
f 2650/2606/3 2659/3374/3 2649/2607/3
f 1338/2608/4 1331/2964/4 1333/2609/4
f 2777/1559/2 2765/1558/2 2747/61/2
f 1434/116/7 1437/8706/7 1322/2612/7
f 2434/2614/3 2419/3997/3 2412/2615/3
f 1972/2617/7 1973/8707/7 1977/2618/7
f 890/2620/2 891/6529/2 887/2621/2
f 2730/2623/3 2714/3314/3 2715/2624/3
f 945/2626/7 947/8708/7 946/2627/7
f 1154/2629/1 894/8709/1 892/2630/1
f 425/2632/2 584/8710/2 248/2633/2
f 550/2634/3 387/8711/3 389/2635/3
f 2290/2637/7 2287/8712/7 2277/2638/7
f 2033/2640/1 2034/5257/1 2035/2641/1
f 1526/2642/4 1360/8713/4 1524/2643/4
f 1698/2645/5 1699/8714/5 1700/2646/5
f 2871/2648/7 2869/8715/7 2872/2649/7
f 230/2651/5 546/1075/5 237/2652/5
f 1306/2654/4 1439/8716/4 1447/2655/4
f 233/2657/7 229/8717/7 231/2658/7
f 2103/2660/1 1596/7482/1 2815/2661/1
f 1327/2663/2 1781/8083/2 1322/2664/2
f 260/2666/4 262/8718/4 261/2667/4
f 170/2669/2 172/8719/2 173/2670/2
f 188/2672/3 191/8720/3 193/2673/3
f 1759/2675/7 1756/2617/7 1758/1539/7
f 193/2677/4 186/8721/4 190/2678/4
f 1192/2680/2 1030/8722/2 1193/2681/2
f 2432/2683/7 2429/8723/7 2431/2684/7
f 1734/2686/2 1729/6210/2 1727/2687/2
f 2316/2689/1 2312/6952/1 2291/1536/1
f 2434/2691/2 2430/1734/2 2417/1243/2
f 2457/342/1 2459/5145/1 2449/2692/1
f 221/2694/1 225/2697/1 224/2695/1
f 492/2697/7 263/8724/7 268/2698/7
f 2757/1591/3 2755/1590/3 2731/2699/3
f 2024/2701/2 2064/4038/2 2028/2702/2
f 2982/2704/1 2984/3571/1 2987/1754/1
f 2704/2705/1 2705/166/1 2703/168/1
f 2490/1885/5 2491/1884/5 2494/2707/5
f 517/2709/4 514/8725/4 858/2710/4
f 2020/2712/4 2021/8726/4 2023/2713/4
f 2841/2715/2 2839/8727/2 2837/2716/2
f 406/2718/2 410/8728/2 408/2719/2
f 2281/362/7 2282/8224/7 2294/2720/7
f 2361/2722/3 2373/1859/3 2347/2723/3
f 2223/967/7 2220/966/7 2215/2725/7
f 2439/2726/5 2435/5070/5 2436/2727/5
f 546/2729/2 548/8729/2 238/2730/2
f 2294/2720/7 2278/1891/7 2293/1890/7
f 329/2732/7 327/8730/7 326/2733/7
f 1306/2735/7 1303/1699/7 1294/2736/7
f 481/701/5 307/4012/5 309/2738/5
f 3140/2740/5 3141/8731/5 3143/2741/5
f 914/2743/2 946/8732/2 947/2744/2
f 1442/2746/2 1445/8733/2 1447/2747/2
f 2537/2749/7 2536/8734/7 2532/2750/7
f 2231/2752/3 2243/8735/3 2232/2753/3
f 164/2542/7 162/7313/7 166/2755/7
f 399/2757/7 411/8736/7 415/2758/7
f 3220/2760/3 1995/1354/3 3085/1356/3
f 3463/2762/5 3466/2805/5 3464/2763/5
f 1537/2765/3 1538/1443/3 1360/1444/3
f 2132/2767/3 2129/8737/3 2109/2768/3
f 2278/2770/1 2294/3051/1 2266/2771/1
f 1828/2772/3 1829/8738/3 1830/2773/3
f 2223/2774/5 2220/1144/5 2209/1146/5
f 174/2776/4 177/8739/4 171/2777/4
f 2216/2779/5 2215/8740/5 1255/2780/5
f 3277/2781/2 3272/8741/2 3274/2782/2
f 1402/2784/5 1401/8742/5 1328/2785/5
f 134/2787/2 433/8743/2 135/2788/2
f 604/2790/31 617/5551/31 618/2791/31
f 39/2793/7 41/8744/7 40/2794/7
f 1108/2796/3 1109/2784/3 1112/2786/3
f 252/2798/2 488/610/2 256/2799/2
f 3057/2801/1 3055/8745/1 3059/577/1
f 231/2802/4 230/6595/4 546/2803/4
f 2984/2805/5 2983/2869/5 2985/2806/5
f 442/2807/7 443/5647/7 465/2808/7
f 1468/2810/1 1464/8746/1 1370/1620/1
f 1032/2812/2 1031/8747/2 939/2813/2
f 1165/2815/2 1167/8748/2 1168/2816/2
f 2192/2818/5 2193/1302/5 2181/1304/5
f 1977/2820/5 1973/4469/5 1971/2821/5
f 860/2822/7 859/8749/7 1027/2823/7
f 358/2824/7 356/8750/7 566/2825/7
f 860/2827/4 1125/8751/4 861/2828/4
f 1532/2830/1 1534/8258/1 1299/527/1
f 422/2832/7 421/8752/7 420/2833/7
f 795/2834/5 791/8753/5 794/2835/5
f 2926/2837/5 2929/8754/5 2930/2838/5
f 741/2839/7 740/8755/7 747/2840/7
f 306/2842/4 305/8756/4 303/2843/4
f 2731/2845/1 2741/6166/1 2719/2846/1
f 1366/2848/5 1800/6849/5 1801/2849/5
f 728/2851/32 729/3481/32 695/2852/32
f 1111/2854/5 1107/2796/5 1113/2797/5
f 2399/2856/2 2388/8757/2 2392/2857/2
f 2335/2859/7 2329/4474/7 2336/2860/7
f 2682/2862/1 2675/4204/1 2674/2863/1
f 1592/2865/3 2697/6167/3 2701/2477/3
f 1609/2866/4 1605/8758/4 1606/2867/4
f 3004/2869/3 2997/8759/3 3003/2870/3
f 3175/2871/2 3176/8760/2 3174/2872/2
f 1115/2874/2 1116/8761/2 1117/2875/2
f 2042/2877/3 2039/8762/3 2045/2878/3
f 2608/1485/3 2603/1484/3 2589/2880/3
f 2403/2882/1 2409/8763/1 2405/2883/1
f 178/2885/5 181/8764/5 182/2886/5
f 2725/2888/2 2723/7068/2 2729/2889/2
f 421/2891/5 406/8765/5 407/2892/5
f 1299/1444/3 1298/824/3 1296/826/3
f 74/2894/1 75/8766/1 80/2071/1
f 368/2895/4 369/8767/4 366/2896/4
f 1062/2817/1 1203/4955/1 1206/2898/1
f 2129/2899/1 2118/3698/1 2110/2900/1
f 2590/2901/3 2585/8768/3 2592/2902/3
f 1095/2904/7 1094/2578/7 1099/2905/7
f 1473/2907/1 1474/3382/1 1477/2908/1
f 145/2910/4 142/2919/4 141/2911/4
f 1499/2913/2 1377/8769/2 1503/2914/2
f 51/2916/7 52/8770/7 49/2917/7
f 240/2919/4 885/8771/4 237/2920/4
f 3368/2921/7 3363/8772/7 3366/2922/7
f 1070/2924/5 1071/8773/5 904/2925/5
f 2730/2927/7 2714/7450/7 2705/2928/7
f 3023/2930/7 3021/2474/7 3022/2476/7
f 403/2932/2 413/8774/2 515/2933/2
f 1837/2935/3 2949/8775/3 1839/2936/3
f 1285/2938/3 1532/8776/3 1533/2939/3
f 270/2941/3 273/4928/3 274/2942/3
f 3226/2944/2 3227/8777/2 3229/2945/2
f 2120/2947/2 2117/5000/2 2104/2948/2
f 2087/2950/3 2086/5792/3 2091/2951/3
f 933/2952/1 1067/8778/1 1068/2953/1
f 308/2955/7 307/8779/7 481/2956/7
f 3179/2958/3 3180/8780/3 3181/2959/3
f 3376/2961/4 3371/8781/4 3378/2962/4
f 1347/2964/4 1343/8782/4 1344/2965/4
f 2869/2966/1 2871/8783/1 2874/2967/1
f 333/792/1 334/794/1 499/2969/1
f 886/2971/3 873/8784/3 877/2085/3
f 834/2973/1 836/8199/1 1070/2974/1
f 2529/2975/2 2532/7240/2 2521/2976/2
f 2489/2977/7 2491/4057/7 2490/2978/7
f 2696/2980/3 1590/1202/3 2682/2981/3
f 2189/1304/5 2175/1303/5 2180/2983/5
f 102/2984/1 97/3200/1 99/2985/1
f 1346/2987/5 1424/1727/5 1351/2988/5
f 487/2990/4 254/6761/4 488/2991/4
f 326/2993/1 328/8785/1 331/2994/1
f 816/2996/5 797/8786/5 810/2997/5
f 829/2999/3 831/8787/3 822/3000/3
f 3192/2873/2 3186/2872/2 3188/3002/2
f 1962/3004/7 1959/3856/7 1961/3005/7
f 864/3007/1 862/8788/1 949/3008/1
f 264/3010/4 265/8789/4 846/3011/4
f 2262/3013/7 2264/8387/7 2276/1039/7
f 590/3015/5 589/8790/5 263/3016/5
f 1264/3018/2 1265/8791/2 1378/3019/2
f 548/3021/3 239/3118/3 240/3022/3
f 2125/3024/7 2122/8792/7 2116/3025/7
f 870/3027/5 967/8793/5 968/3028/5
f 1906/3030/1 2953/3362/1 2955/3031/1
f 468/3033/3 464/7889/3 452/3034/3
f 509/3036/4 413/2655/4 403/3037/4
f 1959/3039/2 1962/8794/2 1963/3040/2
f 2765/3042/7 2758/8795/7 2753/3043/7
f 1067/3045/5 928/8796/5 1065/3046/5
f 3077/3048/1 3081/8797/1 2950/3049/1
f 2301/2690/1 2291/1536/1 2294/3051/1
f 2382/3052/1 2373/3070/1 2368/3053/1
f 753/3054/1 754/8798/1 755/609/1
f 227/3056/5 561/109/5 563/111/5
f 480/3057/2 478/256/2 476/258/2
f 3311/3059/2 3304/447/2 3305/3060/2
f 999/3062/5 860/3045/5 1028/3047/5
f 957/3064/4 954/8799/4 955/3065/4
f 140/3067/3 138/8800/3 145/3068/3
f 2361/3070/2 2371/3052/2 2366/3071/2
f 682/3073/33 660/8801/33 644/3074/33
f 584/3076/7 484/8802/7 583/3077/7
f 2675/3079/1 2691/3303/1 2679/3080/1
f 1646/3081/4 1643/8803/4 1647/3082/4
f 438/3084/1 480/8804/1 481/3085/1
f 969/3086/1 1054/8805/1 866/3087/1
f 459/3089/4 457/7641/4 458/3090/4
f 608/3092/34 621/3926/34 615/3093/34
f 2179/3095/7 2180/8806/7 2166/3096/7
f 575/3098/3 578/8807/3 475/3099/3
f 1656/3101/4 1658/8808/4 1809/3102/4
f 3234/3104/3 3232/3375/3 3233/3105/3
f 2541/3107/3 2539/3183/3 2528/3108/3
f 3353/3110/3 3217/4444/3 3218/3111/3
f 175/3113/1 176/8809/1 177/3114/1
f 2855/3116/5 2856/5663/5 2860/3117/5
f 476/3118/1 481/3021/1 311/3119/1
f 3105/3121/4 3104/8810/4 3099/3122/4
f 1435/3124/2 1432/8811/2 1438/3125/2
f 2953/3127/7 1906/8812/7 2951/3128/7
f 2190/3130/1 2204/7255/1 2192/3131/1
f 2753/3133/1 2758/3264/1 2761/3134/1
f 419/2481/5 526/2480/5 156/3136/5
f 785/3137/1 783/8813/1 787/3138/1
f 3322/3140/2 3326/8814/2 3327/3141/2
f 918/1447/7 916/2514/7 1088/2516/7
f 631/3143/35 605/3927/35 606/3144/35
f 2474/1339/3 2486/1338/3 2476/3145/3
f 462/3147/2 463/8815/2 297/3148/2
f 1119/3150/3 937/8816/3 938/3151/3
f 3034/3153/2 3036/8817/2 3030/3154/2
f 2495/3156/3 2492/7323/3 2465/3157/3
f 2442/1818/7 2438/1817/7 2435/3158/7
f 203/3160/3 205/3188/3 208/3161/3
f 2951/3163/3 1906/4863/3 1772/3164/3
f 3480/2602/7 3478/2601/7 3477/3166/7
f 3451/3168/5 3454/8818/5 3457/3169/5
f 3360/3171/5 3355/8819/5 3361/3172/5
f 2733/3174/3 2720/7833/3 2704/3175/3
f 1983/3177/2 1979/203/2 1986/1914/2
f 780/3179/5 777/8820/5 766/3180/5
f 2552/3182/3 2538/7267/3 2539/3183/3
f 410/3184/3 404/7920/3 405/3185/3
f 188/3160/7 187/8821/7 192/3187/7
f 3297/3189/5 3302/3669/5 3300/3190/5
f 1443/3192/1 1439/8822/1 1442/3193/1
f 1612/3195/2 1791/3790/2 1793/3196/2
f 1479/3197/4 1321/8823/4 1477/3198/4
f 123/3200/5 122/8824/5 125/3201/5
f 997/3202/3 1054/4263/3 1223/3203/3
f 1231/3205/2 1228/8825/2 1225/3206/2
f 1472/3208/2 1302/8826/2 1468/3209/2
f 2584/3211/3 2602/7723/3 2588/3212/3
f 1237/3214/3 1062/4076/3 1205/3215/3
f 521/3216/4 524/8827/4 519/3217/4
f 2573/3219/3 2567/8828/3 2569/3220/3
f 2989/3222/5 2991/8829/5 2994/3223/5
f 558/3225/2 370/3299/2 372/3226/2
f 887/3228/4 1084/1254/4 972/3229/4
f 3397/3231/2 3398/1776/2 3402/1778/2
f 567/3233/7 565/8830/7 564/3234/7
f 1251/3236/1 2210/5621/1 2213/3237/1
f 2238/3239/4 2236/8831/4 2240/3240/4
f 1313/3242/4 1309/8832/4 1310/3243/4
f 1459/3245/1 1461/8833/1 1494/3209/1
f 1469/3247/4 1302/3197/4 1370/3199/4
f 2999/3249/7 2997/8834/7 3004/3250/7
f 2079/3252/7 2077/8835/7 2076/3253/7
f 2251/3255/5 2247/8836/5 2249/3256/5
f 364/3258/4 553/8837/4 231/3259/4
f 1486/3261/5 1483/5575/5 1313/3262/5
f 2799/3264/2 2804/3133/2 2796/3265/2
f 2897/3267/7 2896/8838/7 2895/3268/7
f 187/3270/2 188/8839/2 189/3271/2
f 867/3273/7 314/4987/7 310/3274/7
f 2325/3266/2 2327/8840/2 2322/3276/2
f 1415/3278/2 1418/8841/2 1419/3279/2
f 3117/3281/3 3114/8842/3 3118/3282/3
f 751/3283/4 755/613/4 750/3284/4
f 519/3286/2 863/8843/2 995/3287/2
f 1129/3289/1 1132/8844/1 1134/3290/1
f 406/3292/7 421/8845/7 404/3293/7
f 1507/3294/7 1460/8846/7 1506/461/7
f 2952/3296/2 2951/8847/2 2956/3297/2
f 830/3299/1 817/8848/1 823/3300/1
f 2674/3302/1 2670/6039/1 2662/3303/1
f 2292/3304/2 2302/3753/2 2317/3305/2
f 663/3307/89 684/7282/89 659/3308/89
f 2941/3309/1 2943/8849/1 2948/3310/1
f 731/3312/37 730/8145/37 719/2853/37
f 2729/3313/3 2722/6147/3 2714/3314/3
f 2884/3315/3 2877/7666/3 2878/3316/3
f 525/3318/3 527/3385/3 528/3319/3
f 2064/3320/7 2024/4002/7 2026/3321/7
f 1184/3323/1 1174/8850/1 1173/3324/1
f 548/3326/7 546/8851/7 230/3327/7
f 1673/3329/5 1674/7678/5 1676/3330/5
f 1348/3332/2 1344/7103/2 1410/3333/2
f 2994/1427/4 2995/1426/4 2992/3335/4
f 980/3337/3 981/8852/3 983/3338/3
f 745/3340/4 746/8853/4 742/3341/4
f 710/3342/38 716/6316/38 712/3343/38
f 1433/3345/7 1431/8854/7 1438/3346/7
f 2628/3348/7 2635/8855/7 2637/3349/7
f 2779/3351/3 2778/8856/3 2787/3352/3
f 2933/3354/7 2935/8857/7 2939/3355/7
f 1142/3357/3 1143/3337/3 1145/3339/3
f 635/3359/39 636/1257/39 600/3360/39
f 2953/3362/1 1710/8858/1 1706/3363/1
f 2371/3364/3 2382/7170/3 2367/3365/3
f 2084/3367/2 2087/8859/2 2089/3368/2
f 2466/3370/4 2467/8860/4 2464/3371/4
f 2673/3373/3 2660/5174/3 2659/3374/3
f 1921/3375/5 1922/3944/5 1928/3376/5
f 2522/3377/1 2523/3615/1 2525/3277/1
f 578/3379/5 470/1125/5 473/1127/5
f 3463/3381/7 3462/8861/7 3459/3382/7
f 307/3384/2 308/8862/2 312/3385/2
f 571/3386/7 396/8863/7 573/3387/7
f 2532/970/2 2536/969/2 2534/3389/2
f 3345/3391/3 3346/6509/3 3350/3392/3
f 491/3394/3 485/3956/3 486/2520/3
f 3200/3396/3 3196/8864/3 3195/3397/3
f 1481/3399/2 1484/8865/2 1485/3400/2
f 450/3402/3 446/4181/3 295/3403/3
f 1749/2590/2 1751/8866/2 1753/3405/2
f 1923/3407/7 1922/8867/7 1921/3408/7
f 687/3410/40 651/5010/40 688/3411/40
f 815/3413/2 825/8868/2 826/3414/2
f 215/3416/5 210/3578/5 213/3417/5
f 2692/3419/1 2680/6759/1 2670/3420/1
f 1015/3421/2 1014/8869/2 971/3422/2
f 502/3424/4 496/8870/4 501/3425/4
f 2659/3427/1 2647/5702/1 2645/3428/1
f 536/3430/1 534/8871/1 867/3431/1
f 2200/3433/4 2196/8872/4 2199/3434/4
f 12/1101/4 10/224/4 9/32/4
f 1279/1915/5 1493/1015/5 1497/3437/5
f 333/3439/4 326/8873/4 586/3260/4
f 1494/3440/5 1463/3839/5 1361/3441/5
f 691/696/41 647/695/41 648/3443/41
f 554/3445/5 559/4679/5 558/3446/5
f 2431/3448/2 2429/1732/2 2430/1734/2
f 3264/3449/1 3267/8874/1 3266/2352/1
f 2776/3450/7 2792/8875/7 2771/3451/7
f 1179/3453/7 1178/8876/7 1177/3454/7
f 1731/3456/7 1730/8877/7 1729/3457/7
f 111/3459/7 109/8878/7 115/3460/7
f 1829/3462/1 1831/8879/1 1832/3463/1
f 2691/3465/5 2690/8880/5 2677/3466/5
f 3337/3468/1 3338/3503/1 3340/3469/1
f 2009/3471/1 2012/5122/1 2011/3472/1
f 1048/3474/1 1050/8881/1 1051/3475/1
f 581/3477/4 370/8882/4 558/3478/4
f 720/3480/42 694/8883/42 729/3481/42
f 782/3482/4 766/8884/4 784/3483/4
f 696/3485/43 697/8022/43 717/3486/43
f 2433/3488/5 2431/2818/5 2434/2819/5
f 2386/3489/3 2378/3605/3 2373/1859/3
f 2727/3490/1 2714/851/1 2722/3491/1
f 741/3142/3 744/8885/3 745/3493/3
f 1522/3494/5 1281/2040/5 1520/2042/5
f 2602/3496/1 2585/449/1 2583/3497/1
f 969/1477/3 1207/1476/3 1209/3499/3
f 998/3500/1 941/8886/1 996/3501/1
f 3375/3503/2 3373/3468/2 3371/3504/2
f 3171/3506/1 3172/8887/1 3173/3507/1
f 2737/3509/7 2735/8888/7 2741/3510/7
f 1307/2665/2 1294/4836/2 1308/3512/2
f 1974/3513/1 1977/8889/1 1978/3514/1
f 2175/3516/3 2189/8890/3 2173/3517/3
f 1548/3519/1 1549/8891/1 1312/3520/1
f 2979/3522/3 2975/8892/3 2973/3523/3
f 2887/3525/5 2890/8893/5 2891/3526/5
f 1430/3527/4 1321/8894/4 1429/3528/4
f 2300/3390/2 2302/8895/2 2295/3530/2
f 3093/3532/5 3096/8896/5 3097/3533/5
f 2300/99/3 2309/98/3 2282/3535/3
f 1916/2483/7 1914/2482/7 1913/3536/7
f 2639/3538/4 2641/8897/4 2640/3539/4
f 1574/3541/7 2451/8225/7 2456/378/7
f 231/3543/1 553/2560/1 551/3544/1
f 627/1419/44 596/1418/44 642/3546/44
f 773/3547/1 764/7685/1 774/3548/1
f 2330/602/2 2343/601/2 2313/3550/2
f 822/1857/1 795/4747/1 790/3552/1
f 1359/3454/7 1361/3407/7 1462/3554/7
f 591/3556/2 486/8898/2 259/3557/2
f 990/3559/4 1113/8899/4 1110/3560/4
f 2678/3562/4 2676/1086/4 2679/3563/4
f 229/3565/2 233/3586/2 234/3566/2
f 1057/3568/2 1056/8900/2 942/3569/2
f 2983/3571/2 2988/2704/2 2986/3572/2
f 883/3574/1 1128/8901/1 1022/3575/1
f 185/3416/4 179/8902/4 182/3577/4
f 1752/3579/4 1748/4431/4 1754/3580/4
f 2265/3582/5 2250/3156/5 2253/1047/5
f 1681/3583/3 1365/8903/3 1366/3584/3
f 133/3585/5 134/3789/5 836/3586/5
f 1120/3587/4 1123/8904/4 936/3588/4
f 1433/3590/5 1432/8905/5 1435/3591/5
f 2938/3593/1 2935/8906/1 2933/3594/1
f 2086/3596/1 2090/7605/1 2088/3597/1
f 2804/2038/2 2803/4748/2 2780/3599/2
f 1798/3601/3 1799/4870/3 1803/2848/3
f 321/1785/1 586/8907/1 504/3602/1
f 668/1364/45 666/403/45 667/402/45
f 2269/3605/5 2259/8066/5 2255/3606/5
f 1170/3607/2 1192/8908/2 861/3608/2
f 3058/3167/4 3053/3166/4 3054/3610/4
f 428/797/5 426/796/5 241/3612/5
f 2186/3614/1 2194/3618/1 2187/3615/1
f 2312/3617/1 2308/8909/1 2303/3618/1
f 424/3619/4 534/8910/4 409/3479/4
f 827/3620/4 823/3693/4 824/3621/4
f 407/1423/2 408/2719/2 531/3623/2
f 1024/3625/4 1021/3769/4 1017/3626/4
f 3156/3628/1 3157/4045/1 3160/3629/1
f 2558/3631/2 2571/8911/2 2557/3632/2
f 3245/3634/2 3246/8912/2 3243/3635/2
f 997/3637/7 1220/2178/7 1219/1698/7
f 585/3639/4 252/8913/4 488/3640/4
f 3447/3642/7 3444/8914/7 3443/3643/7
f 498/3645/3 465/8915/3 444/3646/3
f 501/3648/4 444/8916/4 349/3649/4
f 2264/3651/1 2262/4146/1 2265/3652/1
f 3182/3336/7 3180/3335/7 3179/3654/7
f 813/3656/1 811/8917/1 817/3657/1
f 872/3659/1 873/3896/1 877/3660/1
f 2735/1976/1 2752/1975/1 2726/3492/1
f 93/3662/7 94/6874/7 96/3663/7
f 2411/1303/3 2413/1413/3 2409/3665/3
f 1939/3666/7 1937/8918/7 1935/3667/7
f 2049/3669/5 2050/8919/5 2053/3670/5
f 2817/476/5 2820/475/5 2798/3672/5
f 2636/3674/3 2645/8920/3 2641/3675/3
f 2855/3677/7 2853/8921/7 2859/3678/7
f 749/3680/3 753/8922/3 751/3681/3
f 812/94/2 814/7042/2 797/1440/2
f 2144/3684/5 2146/3489/5 2122/2722/5
f 470/3685/7 578/1297/7 472/3686/7
f 1699/3688/2 1701/3177/2 1702/3178/2
f 3393/3690/2 3394/8923/2 3391/3691/2
f 382/3693/4 888/8924/4 384/3694/4
f 2627/3695/3 2628/8925/3 2632/3696/3
f 2117/3698/2 2132/2899/2 2111/3699/2
f 3287/3701/4 3283/6349/4 3284/3702/4
f 3481/3704/4 3482/8926/4 3475/3705/4
f 1170/3707/4 904/8927/4 1069/3708/4
f 2156/3710/7 2159/8675/7 2155/2416/7
f 991/3712/7 1100/8928/7 992/3713/7
f 2140/3715/4 2139/3765/4 2142/766/4
f 1471/3717/3 1481/833/3 1483/835/3
f 1513/3719/5 1413/8929/5 1412/3720/5
f 2387/1955/5 2385/1954/5 2374/3722/5
f 1235/3723/4 1574/8930/4 2450/3724/4
f 1003/3726/4 1004/8931/4 1001/3727/4
f 838/3729/7 261/8932/7 837/3730/7
f 2578/3732/5 2576/8933/5 2566/3733/5
f 1463/3735/7 1494/8934/7 1461/3736/7
f 3100/3738/7 3103/8935/7 3102/3739/7
f 1475/1544/2 1478/8500/2 1479/3741/2
f 1038/3743/2 1156/8936/2 1158/3744/2
f 2790/3746/7 2784/4612/7 2778/3747/7
f 477/3749/1 470/8937/1 473/3750/1
f 2373/3751/5 2361/8938/5 2365/3752/5
f 2302/3753/2 2292/3304/2 2293/3754/2
f 1215/3756/2 1213/8939/2 1216/3757/2
f 784/3759/2 778/7366/2 786/3760/2
f 1872/3762/4 1902/8940/4 3083/3763/4
f 2261/3765/4 2257/3715/4 2260/3766/4
f 1287/3768/7 1557/3626/7 1559/3769/7
f 2589/3771/5 2611/4231/5 2593/3772/5
f 1627/3774/7 1633/4686/7 1366/3775/7
f 928/3777/2 855/8941/2 1167/3778/2
f 2959/3780/1 2960/8942/1 2962/3781/1
f 837/3783/2 261/8943/2 1111/877/2
f 431/3785/7 425/8944/7 426/3786/7
f 339/3788/2 496/8945/2 340/3789/2
f 1259/3790/2 2329/8946/2 2336/3791/2
f 464/3793/1 465/5518/1 444/175/1
f 2172/3795/5 2182/3831/5 2170/3796/5
f 1156/3798/7 1037/8947/7 945/3799/7
f 1126/3801/1 1127/8948/1 1124/3802/1
f 3006/3804/5 3009/8949/5 3011/3805/5
f 1391/3807/5 1394/3590/5 1335/3592/5
f 2211/3238/1 2213/3237/1 2186/3809/1
f 947/3811/3 945/8950/3 948/3812/3
f 1889/3814/2 1891/8951/2 1892/3815/2
f 1349/3817/3 1412/8952/3 1352/3818/3
f 3355/3820/2 3356/8953/2 3362/3821/2
f 919/3823/7 1082/3768/7 1084/3770/7
f 2250/3825/2 2247/6794/2 2252/3826/2
f 57/3827/7 58/8112/7 60/3828/7
f 2230/3830/5 2252/8954/5 2233/3831/5
f 1293/2491/1 1292/8955/1 1291/3832/1
f 352/3035/3 452/3034/3 355/3833/3
f 834/3835/5 837/8956/5 988/3836/5
f 977/3838/5 1236/1387/5 1245/1389/5
f 1885/3840/1 1887/8957/1 1888/3841/1
f 2799/2288/7 2812/2287/7 2801/3843/7
f 17/3845/7 14/8958/7 16/2793/7
f 2165/3847/7 2180/8806/7 2179/3095/7
f 1352/3849/1 1412/8959/1 1346/3850/1
f 1876/3580/4 1872/4793/4 1873/3852/4
f 1521/3854/3 1518/4303/3 1354/3855/3
f 1327/2737/4 1308/2736/4 1304/3857/4
f 2645/3859/1 2658/8960/1 2640/3860/1
f 1028/3862/1 952/8961/1 1191/105/1
f 904/3863/2 1071/8962/2 1072/3864/2
f 2307/3866/4 2306/1393/4 2303/3867/4
f 97/3869/5 98/8963/5 100/3870/5
f 208/3872/4 209/8964/4 202/3873/4
f 2649/3429/1 2645/3428/1 2628/3875/1
f 2176/3877/3 2177/847/3 2178/849/3
f 1791/3879/3 1611/1784/3 1615/1262/3
f 958/3881/5 953/8965/5 954/3882/5
f 2999/3884/5 3000/8966/5 3002/3885/5
f 509/3887/7 402/8967/7 508/3888/7
f 2587/3890/4 2588/8968/4 2583/3891/4
f 3193/3893/4 3188/8969/4 3191/3894/4
f 873/3896/1 885/8970/1 1087/3897/1
f 2567/3898/5 2573/1646/5 2571/3899/5
f 2125/2165/5 2122/2722/5 2132/3901/5
f 3338/3903/5 3339/4561/5 3342/3904/5
f 1087/3906/5 1084/8971/5 1083/3907/5
f 2358/3909/4 2360/3969/4 2356/3892/4
f 2419/3910/1 2413/8972/1 2414/3911/1
f 2631/3913/4 2632/8973/4 2629/3914/4
f 2001/3916/5 1930/8974/5 1933/3917/5
f 2180/3919/3 2179/4088/3 2164/3920/3
f 2665/3564/4 2661/3563/4 2662/3922/4
f 707/2012/46 702/8588/46 709/807/46
f 3165/3924/7 3164/3677/7 3163/3679/7
f 621/3926/47 608/3092/47 605/3927/47
f 1778/3928/7 1779/8975/7 1777/3929/7
f 1500/3931/5 1499/8976/5 1501/3932/5
f 1036/3934/4 1032/4030/4 940/3935/4
f 1806/3937/2 1807/8977/2 1809/3938/2
f 942/3940/3 866/8978/3 1054/3941/3
f 373/3942/4 375/4051/4 374/3943/4
f 1831/3944/5 1826/8979/5 1825/3945/5
f 2752/3946/5 2742/7334/5 2743/3947/5
f 1027/3949/1 1149/8980/1 1148/1138/1
f 1483/3951/2 1312/8981/2 1309/3952/2
f 828/1673/5 811/7730/5 817/3954/5
f 485/3956/3 482/4761/3 487/3957/3
f 3217/3958/1 2025/5900/1 2029/3959/1
f 1680/3961/4 1682/8982/4 1366/3962/4
f 442/3964/2 498/3057/2 501/3058/2
f 2169/3097/7 2166/3096/7 2160/3966/7
f 248/3909/7 585/8983/7 247/3968/7
f 3097/3970/2 3096/8984/2 3094/3971/2
f 1507/3973/2 1509/8985/2 1510/3974/2
f 1397/3976/7 1393/8986/7 1400/3977/7
f 1343/3979/4 1338/4810/4 1339/3858/4
f 1379/3980/4 1376/8987/4 1503/3981/4
f 1568/3983/3 1569/4210/3 1315/3984/3
f 2479/3986/2 2474/1730/2 2475/3987/2
f 499/3989/5 500/8988/5 502/3990/5
f 313/3992/3 317/8989/3 314/3805/3
f 2210/3994/1 2218/8990/1 2207/3633/1
f 2646/3996/3 2647/8991/3 2653/3997/3
f 2166/848/3 2169/973/3 2150/3998/3
f 53/3999/3 49/8992/3 56/4000/3
f 1930/4002/7 1929/7083/7 1931/4003/7
f 267/4004/1 273/8993/1 493/4005/1
f 3180/3155/1 3182/8994/1 3183/4007/1
f 3314/4008/5 3319/8995/5 3317/4009/5
f 480/4011/5 462/8996/5 307/4012/5
f 543/4013/1 424/8997/1 541/4014/1
f 2756/1386/7 2744/1385/7 2755/4016/7
f 2669/3349/7 2655/8855/7 2668/4018/7
f 3231/4020/4 3229/3893/4 3224/3895/4
f 433/4022/7 134/8998/7 133/4023/7
f 2771/3451/7 2792/8875/7 2774/4025/7
f 688/3411/90 652/8999/90 676/4027/90
f 2634/839/1 2623/4100/1 2619/4028/1
f 1424/4030/4 1425/9000/4 1410/4031/4
f 1237/4032/1 1236/9001/1 1245/4033/1
f 1450/4035/1 1452/9002/1 1273/4036/1
f 2064/4038/2 2065/9003/2 2067/4039/2
f 581/4040/7 570/9004/7 574/4041/7
f 1801/2915/4 1802/2914/4 1803/4043/4
f 3213/4045/2 3210/3628/2 3215/4046/2
f 955/661/7 1038/9005/7 1236/4048/7
f 314/4049/1 867/7431/1 1039/2681/1
f 488/4051/7 252/9006/7 255/4052/7
f 2158/3014/7 2146/9007/7 2144/4053/7
f 1677/4054/7 1365/9008/7 1681/4055/7
f 2145/4057/7 2122/8792/7 2125/3024/7
f 1293/4058/7 1290/4457/7 1319/4059/7
f 2381/4061/2 2394/4328/2 2383/858/2
f 2779/3600/2 2780/3599/2 2782/2690/2
f 2077/4063/1 2079/9009/1 2083/4064/1
f 2553/1586/7 2558/1585/7 2563/4066/7
f 1209/4068/4 1211/4465/4 1210/4069/4
f 2789/1232/2 2790/1231/2 2771/2975/2
f 1370/4070/5 1497/8676/5 1374/4071/5
f 2129/3902/5 2132/3901/5 2115/4073/5
f 1226/4075/5 1225/9010/5 1228/4076/5
f 1338/1502/1 1336/8475/1 1329/4077/1
f 2357/4078/1 2351/1219/1 2358/4079/1
f 1937/4081/1 1939/9011/1 1941/4082/1
f 1554/4084/5 1555/4402/5 1551/4085/5
f 2745/4087/3 2741/9012/3 2736/4088/3
f 3443/4089/3 3444/9013/3 3446/4090/3
f 1860/4092/7 1858/6481/7 1863/4093/7
f 3172/4095/7 3171/9014/7 3176/4096/7
f 1674/4098/2 1906/2590/2 1772/3406/2
f 2623/4100/1 2624/9015/1 2603/4101/1
f 91/4102/3 86/9016/3 85/4103/3
f 3222/4105/4 3223/9017/4 3085/4106/4
f 2802/4108/3 1598/2504/3 2793/4109/3
f 1197/4111/1 1200/5283/1 1199/4112/1
f 1062/4113/7 1237/9018/7 1202/4114/7
f 1455/4116/5 1453/9019/5 1457/4117/5
f 2668/4119/5 2667/4226/5 2652/4120/5
f 1415/4122/7 1414/5773/7 1413/4123/7
f 1111/1643/3 986/9020/3 985/4125/3
f 2819/4127/2 2818/7265/2 2808/4128/2
f 915/4130/5 1042/9021/5 912/4131/5
f 2149/4133/2 2147/7047/2 2138/4134/2
f 2210/2775/5 2209/1146/5 2212/4136/5
f 3217/4138/5 3350/9022/5 2095/4139/5
f 1806/4141/7 1804/9023/7 1805/4142/7
f 2608/3072/2 2615/3071/2 2607/4144/2
f 2277/4145/1 2287/6095/1 2262/4146/1
f 3138/4147/3 3142/9024/3 3139/4148/3
f 436/4150/1 448/2175/1 447/2177/1
f 2745/4152/2 2732/4506/2 2733/1729/2
f 1100/4153/2 1102/9025/2 927/4154/2
f 1426/4156/3 1427/9026/3 1428/4157/3
f 1736/4159/1 1740/9027/1 1742/4160/1
f 1835/4162/2 1837/6695/2 1838/4163/2
f 1329/4165/5 1335/9028/5 1333/4166/5
f 1345/1501/1 1343/1503/1 1347/3851/1
f 1778/4168/4 1781/9029/4 1323/4092/4
f 1794/4169/5 1795/9030/5 1797/4170/5
f 192/4172/5 187/4191/5 190/4173/5
f 1877/4175/3 1878/9031/3 1884/4176/3
f 727/4177/49 694/8883/49 720/3480/49
f 436/4179/3 437/9032/3 439/4180/3
f 2268/4182/2 2270/5535/2 2254/4183/2
f 3136/4185/4 3137/37/4 3135/4186/4
f 2351/1323/7 2372/8440/7 2355/4188/7
f 216/4172/4 217/4220/4 213/4190/4
f 969/4192/4 1057/4207/4 943/4193/4
f 3235/3706/7 3232/3705/7 3234/4195/7
f 1704/4197/4 1705/6480/4 1700/4198/4
f 3000/3573/2 3004/3572/2 2998/4200/2
f 334/794/1 501/9033/1 498/4202/1
f 1590/4203/1 2685/7797/1 2675/4204/1
f 762/4205/3 763/9034/3 785/4206/3
f 1144/4207/4 897/4214/4 1140/4208/4
f 1381/4209/3 1383/881/3 1382/4210/3
f 3140/4211/7 3142/9035/7 3138/4212/7
f 998/4214/4 1028/9036/4 997/4215/4
f 3103/4216/2 3100/9037/2 3104/4217/2
f 220/4219/2 219/4190/2 222/4220/2
f 2792/4222/5 2771/9038/5 2772/4223/5
f 2118/4225/5 2117/9039/5 2108/4226/5
f 1249/4227/4 1245/9040/4 1250/4228/4
f 2347/4230/5 2355/9041/5 2354/4231/5
f 1942/4117/4 1936/9042/4 1940/4232/4
f 1438/4233/3 1431/9043/3 1437/4234/3
f 2729/441/2 2730/5827/2 2728/2147/2
f 592/4236/1 593/9044/1 594/4237/1
f 2377/4239/1 2378/9045/1 2380/4240/1
f 3285/4242/2 3286/9046/2 3283/4243/2
f 2310/4245/5 2324/5419/5 2311/4246/5
f 371/4247/1 557/9047/1 375/4248/1
f 140/4250/7 139/9048/7 144/4251/7
f 2766/4253/5 2747/9049/5 2748/4254/5
f 2253/477/7 2237/479/7 2230/4256/7
f 2429/4257/3 2432/6170/3 2418/4258/3
f 603/2792/50 618/2791/50 619/4259/50
f 1689/4260/4 1683/4323/4 1686/4261/4
f 1931/4263/5 1929/9050/5 1932/4264/5
f 2479/4265/3 2488/9051/3 2471/4266/3
f 3242/4196/7 3241/4195/7 3246/4268/7
f 836/4270/5 243/9052/5 833/4271/5
f 2349/4273/4 2345/9053/4 2346/4274/4
f 1307/4276/3 1439/9054/3 1326/4277/3
f 3417/4279/2 3412/9055/2 3414/4280/2
f 907/4282/4 910/3798/4 1005/3800/4
f 3329/4284/2 3334/3820/2 3335/3822/2
f 2399/1971/3 2384/5142/3 2378/3605/3
f 1721/4286/1 1722/9056/1 1725/4287/1
f 2275/2639/7 2277/2638/7 2266/4289/7
f 2574/4290/1 2562/5775/1 2559/4291/1
f 571/4293/3 572/9057/3 574/4294/3
f 3093/4296/7 3090/9058/7 3094/4297/7
f 843/4299/3 1252/9059/3 2102/4300/3
f 1516/4302/3 1517/9060/3 1518/4303/3
f 2978/4304/4 2980/9061/4 2973/4305/4
f 211/4307/7 210/4337/7 215/4308/7
f 2796/4215/4 2797/9062/4 2794/4310/4
f 2458/4312/2 2451/9063/2 2453/4313/2
f 2856/4315/2 2859/9064/2 2858/4316/2
f 241/1725/2 427/1724/2 244/4318/2
f 2619/4320/5 2626/4360/5 2620/4321/5
f 1809/4323/4 1810/4260/4 1816/4324/4
f 3070/2265/7 3071/2264/7 3069/4326/7
f 2614/4328/2 2616/6370/2 2601/442/2
f 1437/4329/2 1431/4641/2 1441/4330/2
f 2488/4332/7 2479/5369/7 2469/2118/7
f 3225/4333/1 3228/9065/1 3230/3636/1
f 1516/4334/2 1521/9066/2 1520/4335/2
f 161/4337/1 154/4518/1 156/4338/1
f 1054/4339/1 1219/9067/1 1218/4340/1
f 2212/2048/2 2201/2047/2 2188/4342/2
f 1804/1634/3 1811/1635/3 1815/3007/3
f 1380/4344/5 1420/9068/5 1424/3018/5
f 2355/2724/3 2347/2723/3 2348/930/3
f 2946/4346/4 2942/4304/4 2947/4306/4
f 1491/4348/4 1492/9069/4 1276/4349/4
f 2885/4351/3 2886/9070/3 2889/4352/3
f 1352/3849/1 1347/3851/1 1625/4354/1
f 774/4356/4 776/8032/4 772/4357/4
f 1406/835/2 1422/834/2 1423/3334/2
f 2579/4359/5 1584/4415/5 1585/4360/5
f 563/4361/1 566/5804/1 565/4362/1
f 2155/4364/1 2150/9071/1 2153/4365/1
f 394/4367/3 393/9072/3 395/4368/3
f 1778/4370/2 1781/8083/2 1782/4371/2
f 1126/4373/4 1220/9073/4 952/4374/4
f 3328/4376/1 3331/9074/1 3333/4377/1
f 1070/4379/3 950/9075/3 951/4380/3
f 2531/2751/7 2532/2750/7 2529/4382/7
f 1284/4384/1 1541/8459/1 1544/651/1
f 24/4386/4 22/7163/4 21/4387/4
f 1530/4389/4 1314/9076/4 1290/4390/4
f 3429/4392/2 3427/9077/2 3434/4393/2
f 1883/4395/5 1879/9078/5 1882/4396/5
f 2437/4398/7 2436/6091/7 2421/4399/7
f 129/4401/7 130/9079/7 132/4402/7
f 1462/3442/5 1361/3441/5 1362/4404/5
f 911/4406/5 865/4424/5 1220/4407/5
f 847/4409/7 2222/9080/7 851/4410/7
f 1586/4411/2 1585/9081/2 1584/4412/2
f 2461/4414/5 2460/4760/5 1579/4415/5
f 1640/4416/4 1797/9082/4 1614/4389/4
f 1685/4417/7 1684/9083/7 1789/4418/7
f 3017/4420/2 3020/9084/2 3014/4421/2
f 963/4423/5 965/9085/5 959/4424/5
f 2799/2209/3 2812/2208/3 2784/4425/3
f 2608/4427/7 2603/7319/7 2600/4428/7
f 1975/4430/4 1978/9086/4 1971/4431/4
f 1466/4432/2 1467/9087/2 1469/4433/2
f 431/4435/1 428/5468/1 134/4436/1
f 3398/4438/3 3395/9088/3 3396/4439/3
f 488/4441/3 254/4547/3 257/4442/3
f 3217/4444/3 2096/9089/3 2097/4445/3
f 1671/4446/1 1673/9090/1 1675/4447/1
f 3147/4449/1 3149/4581/1 3150/4047/1
f 1261/4450/4 1258/9091/4 1263/4451/4
f 1293/4453/5 1294/9092/5 1308/4454/5
f 2312/2367/7 2316/2319/7 2315/2318/7
f 1509/4456/3 1506/9093/3 1508/4457/3
f 1493/4458/2 1494/6026/2 1462/4459/2
f 2465/3490/1 2480/7227/1 2466/4461/1
f 2821/4462/3 2824/9094/3 2822/4463/3
f 952/4465/7 1028/4068/7 1030/1822/7
f 2013/3537/4 2014/3536/4 2010/4467/4
f 2004/4469/5 2005/9095/5 2007/4470/5
f 1176/4471/2 1183/9096/2 1177/4472/2
f 2329/4474/7 2335/2859/7 2339/1525/7
f 561/4475/7 565/9097/7 560/4476/7
f 2547/4478/1 2544/6045/1 2543/4479/1
f 623/4480/51 638/6404/51 601/4481/51
f 896/4483/5 1011/9098/5 1010/4484/5
f 1452/4486/5 1449/8111/5 1451/4487/5
f 779/4489/1 780/9099/1 782/4490/1
f 1220/4492/2 865/9100/2 1125/4493/2
f 2579/1696/7 1584/1695/7 2575/4494/7
f 987/4496/3 1048/9101/3 1049/4497/3
f 1628/4499/1 1320/6801/1 1656/4500/1
f 1299/4502/4 1535/4507/4 1286/4503/4
f 2756/4505/2 2757/5693/2 2732/4506/2
f 1566/4507/4 1560/9102/4 1558/4508/4
f 1673/4509/7 1671/9103/7 1906/4510/7
f 2313/2478/3 2314/5722/3 2316/97/3
f 1660/4512/2 1661/1999/2 1643/4513/2
f 892/4515/4 1152/4570/4 1153/4516/4
f 427/4518/7 241/9104/7 242/4519/7
f 288/1981/2 290/1980/2 577/4520/2
f 1041/4522/2 948/9105/2 945/4523/2
f 1841/4525/5 1843/9106/5 1845/4526/5
f 971/2448/7 1014/9107/7 972/4528/7
f 2336/4529/4 877/9108/4 1087/4530/4
f 88/4532/2 91/9109/2 92/4533/2
f 2512/4535/1 2509/9110/1 2513/4536/1
f 236/4538/1 872/3659/1 871/3661/1
f 3317/4540/4 3313/4346/4 3318/4347/4
f 2309/1870/1 2299/1869/1 2289/4542/1
f 3352/4056/4 3354/4055/4 3218/4544/4
f 282/4546/2 285/9111/2 284/4547/2
f 1655/4548/1 1807/4603/1 1809/4549/1
f 181/4551/2 180/9112/2 183/4552/2
f 2217/1645/2 2219/8664/2 2197/4554/2
f 285/4556/7 282/4643/7 454/4557/7
f 2806/4559/1 2817/999/1 2813/1001/1
f 2019/4561/5 2017/4673/5 2023/4562/5
f 2600/4564/5 2615/300/5 2590/2529/5
f 682/4568/7 681/9113/7 680/9114/7
f 680/9114/7 689/9115/7 679/9116/7
f 679/9116/7 691/9117/7 685/9118/7
f 685/9118/7 678/9119/7 686/4566/7
f 686/4566/86 687/9120/86 677/9121/86
f 677/9121/91 676/9122/91 675/9123/91
f 675/9123/7 671/9124/7 674/9125/7
f 674/9125/7 673/9126/7 670/4567/7
f 670/4567/7 672/9127/7 661/9128/7
f 661/9128/92 684/9129/92 663/9130/92
f 663/9130/87 683/9131/87 666/9132/87
f 666/9132/7 668/9133/7 682/4568/7
f 682/4568/7 680/9114/7 679/9116/7
f 679/9116/7 685/9118/7 686/4566/7
f 686/4566/7 677/9121/7 675/9123/7
f 675/9123/7 674/9125/7 670/4567/7
f 670/4567/7 661/9128/7 663/9130/7
f 663/9130/7 666/9132/7 682/4568/7
f 682/4568/7 679/9116/7 686/4566/7
f 686/4566/7 675/9123/7 670/4567/7
f 670/4567/7 663/9130/7 682/4568/7
f 1565/4569/4 1562/9134/4 1566/4516/4
f 1567/4571/2 1561/9135/2 1566/4524/2
f 3405/4572/7 3407/7336/7 3403/4573/7
f 499/4575/7 504/9136/7 588/4576/7
f 1027/4578/7 930/9137/7 1147/4579/7
f 2395/1583/1 2377/1582/1 2382/1221/1
f 3206/4581/1 3209/4449/1 3204/4582/1
f 1571/4584/4 1573/9138/4 1315/4585/4
f 64/4587/2 63/764/2 68/4588/2
f 949/4590/5 946/9139/5 914/4591/5
f 1904/4593/1 2949/2115/1 1839/2117/1
f 1498/1957/1 1500/8576/1 1502/4595/1
f 3111/4597/4 3113/9140/4 3106/4598/4
f 713/4600/52 703/9141/52 705/1301/52
f 329/717/3 586/716/3 331/4601/3
f 1789/4603/2 1684/4894/2 1686/4604/2
f 3186/4606/3 3187/9142/3 3191/4607/3
f 2231/1344/2 2242/8444/2 2227/4609/2
f 2789/4611/7 2800/9143/7 2784/4612/7
f 1592/4613/7 2697/4730/7 2694/4614/7
f 2287/4616/5 2290/1171/5 2263/1173/5
f 2611/2881/3 2589/2880/3 2597/2572/3
f 1901/4619/1 1904/4593/1 3083/4594/1
f 92/4621/4 85/1008/4 89/4622/4
f 3431/4624/7 3428/9144/7 3427/4625/7
f 1879/4627/2 1877/9145/2 1881/4628/2
f 2520/1658/5 2518/1657/5 2507/4630/5
f 3178/4631/2 3179/4420/2 3185/4632/2
f 1188/4229/4 1189/9146/4 1173/399/4
f 2536/4634/3 2537/9147/3 2533/4635/3
f 3031/4637/7 3029/9148/7 3036/4638/7
f 1024/4329/2 1025/9149/2 1023/4640/2
f 176/4642/5 170/9150/5 171/4557/5
f 2201/1363/3 2211/1362/3 2203/4644/3
f 1814/3938/1 1666/977/1 1665/4646/1
f 1961/4648/5 1959/9151/5 1965/4649/5
f 3399/4574/7 3395/4573/7 3398/4651/7
f 3149/4653/5 3152/9152/5 3151/4654/5
f 449/4656/2 445/3147/2 450/3149/2
f 2201/4658/7 2212/9153/7 2213/4659/7
f 1603/4661/1 1596/9154/1 1599/4662/1
f 3232/4664/1 3235/9155/1 3236/4665/1
f 1360/4667/2 1538/5489/2 1523/4668/2
f 1481/4670/7 1482/9156/7 1487/4671/7
f 3372/4673/5 3375/4897/5 3376/4674/5
f 1867/4676/3 1869/9157/3 1871/4677/3
f 559/4679/5 571/9158/5 570/4680/5
f 584/4681/3 593/9159/3 592/4682/3
f 1860/4683/5 1862/5083/5 1861/4684/5
f 1606/4686/4 1654/3774/4 1649/4687/4
f 1904/4689/5 1903/9160/5 1905/4690/5
f 2741/4692/5 2745/4135/5 2734/4693/5
f 1775/2309/1 1906/3030/1 1772/3032/1
f 546/4695/1 548/9161/1 544/4696/1
f 1661/4697/7 1660/9162/7 1664/4698/7
f 1893/4700/5 1894/1153/5 1896/1155/5
f 549/4702/2 550/9163/2 386/4703/2
f 883/4704/7 879/9164/7 1019/4705/7
f 1745/4707/3 1775/6475/3 1774/4708/3
f 2539/4710/7 2541/9165/7 2540/4711/7
f 3189/4713/5 3192/9166/5 3193/4714/5
f 2525/4716/4 2527/4781/4 2524/4578/4
f 571/4718/2 580/9167/2 581/4719/2
f 1533/4721/1 1365/307/1 1366/309/1
f 3116/4723/5 3121/7652/5 3120/4724/5
f 3132/4726/7 3131/9168/7 3130/4727/7
f 2698/4729/7 1195/7185/7 2697/4730/7
f 438/4731/5 440/9169/5 441/4732/5
f 538/4734/4 867/9170/4 535/4735/4
f 1478/4737/3 1473/9171/3 1321/4738/3
f 1453/4740/2 1456/9172/2 1458/4741/2
f 3110/4743/7 3107/9173/7 3109/4744/7
f 831/4746/1 828/9174/1 795/4747/1
f 2807/84/2 2802/83/2 2803/4748/2
f 3197/4749/5 3199/4772/5 3201/4750/5
f 1913/4752/3 1914/4929/3 1915/4753/3
f 2603/4101/1 2624/9015/1 2610/4754/1
f 1252/4756/5 2214/2774/5 2217/2775/5
f 1588/4758/5 2580/1644/5 2573/1646/5
f 2218/4759/5 2219/9175/5 2208/4760/5
f 484/4761/3 584/4681/3 248/1665/3
f 2945/4762/2 2944/9176/2 2942/4763/2
f 284/4764/1 858/9177/1 1125/4765/1
f 2585/4565/5 2590/2529/5 2586/4767/5
f 1607/4769/7 1652/9178/7 1604/4770/7
f 3242/4772/5 3245/9179/5 3247/4773/5
f 3048/4774/4 3049/9180/4 3051/4775/4
f 1443/4777/7 1439/9181/7 1307/4778/7
f 2513/4780/4 2508/4913/4 2514/4781/4
f 2138/626/3 2133/625/3 2134/1815/3
f 2063/4782/4 2094/9182/4 3218/4783/4
f 1181/552/4 1183/9183/4 1176/1710/4
f 2399/840/2 2398/839/2 2396/4786/2
f 3088/4787/2 3086/9184/2 3089/4788/2
f 530/4790/1 529/9185/1 868/4791/1
f 1970/4793/4 1969/3783/4 1967/4794/4
f 2264/4795/5 2276/9186/5 2258/4796/5
f 2531/1193/1 2543/4479/1 2520/4798/1
f 1446/4799/5 1442/9187/5 1439/4800/5
f 319/4802/1 321/1785/1 505/3603/1
f 1150/4804/2 1151/9188/2 1153/4805/2
f 2327/4807/3 2326/9189/3 2318/4808/3
f 1341/153/7 1340/9190/7 1336/4810/7
f 319/4811/5 320/9191/5 325/4812/5
f 2291/4814/1 2309/6198/1 2298/3531/1
f 3228/4815/7 3225/9192/7 3227/4816/7
f 1497/48/2 1371/9193/2 1373/4818/2
f 824/4819/2 762/9194/2 786/4820/2
f 1391/4822/3 1405/9195/3 1403/4823/3
f 1708/4825/2 1746/219/2 1709/221/2
f 2121/299/5 2136/2165/5 2120/3902/5
f 1764/4827/5 1766/9196/5 1767/4828/5
f 2838/4830/7 2840/4637/7 2839/4639/7
f 2504/4832/7 2515/7449/7 2496/4833/7
f 1316/4835/2 1308/3512/2 1294/4836/2
f 2693/4615/7 2694/4614/7 1196/4837/7
f 2626/4839/2 2614/9197/2 2621/4840/2
f 1907/4842/1 1908/9198/1 1910/4843/1
f 2308/4845/5 2304/4934/5 2305/4846/5
f 2562/3900/5 2571/3899/5 2551/4848/5
f 2510/4850/7 2507/6828/7 2519/4851/7
f 32/4853/4 26/9199/4 27/4854/4
f 1014/4856/1 896/3437/1 1016/1015/1
f 2421/2728/5 2436/2727/5 2424/4858/5
f 2542/4860/2 2551/9200/2 2546/4861/2
f 1906/4863/3 1671/9201/3 1672/4864/3
f 1973/4865/2 1972/9202/2 1976/4866/2
f 762/4868/7 824/9203/7 790/4869/7
f 3009/4871/2 3007/9204/2 3012/4633/2
f 1613/4873/5 1612/2191/5 1610/2192/5
f 1306/4875/5 1307/1276/5 1327/1278/5
f 1980/4877/5 1983/9205/5 1985/4878/5
f 148/4880/7 151/4940/7 150/4881/7
f 159/4883/4 156/7161/4 158/4884/4
f 2025/4886/5 3351/7834/5 3352/4887/5
f 1536/4889/5 1517/9206/5 1518/4890/5
f 2540/918/2 2541/917/2 2517/4505/2
f 1805/4893/1 1804/9207/1 1816/4894/1
f 2403/1248/5 2402/1247/5 2388/2566/5
f 2076/4897/3 2077/5058/3 2080/4898/3
f 1768/4900/3 1765/9208/3 1771/4901/3
f 1059/4903/5 1063/9209/5 1064/4904/5
f 392/4906/7 398/9210/7 424/4907/7
f 2891/4909/2 2890/9211/2 2885/4910/2
f 2472/4912/4 2473/9212/4 2470/4913/4
f 2692/4914/7 2691/9213/7 2690/4915/7
f 2243/4917/1 2225/6548/1 2256/4918/1
f 2336/3791/2 2329/8946/2 2325/4919/2
f 808/4921/1 816/9214/1 806/4922/1
f 3348/4924/2 3345/9215/2 3344/4925/2
f 490/4927/3 493/5466/3 273/4928/3
f 1916/4929/5 1920/3329/5 1918/3331/5
f 852/4930/3 853/9216/3 856/4931/3
f 2815/1646/5 2807/1645/5 2804/4555/5
f 2194/4933/5 2191/9217/5 2183/4934/5
f 1443/4935/5 1322/9218/5 1781/4936/5
f 29/4938/7 25/9219/7 28/4939/7
f 2388/2372/2 2407/1245/2 2394/4328/2
f 196/4940/7 195/9220/7 201/4941/7
f 1637/4942/2 1794/9221/2 1640/4943/2
f 2341/4945/3 1257/9222/3 1258/4946/3
f 2053/4948/4 2054/9223/4 2051/4949/4
f 2294/4951/1 2282/9224/1 2280/4952/1
f 2213/4137/5 2212/4136/5 2202/4954/5
f 1175/4955/1 1162/7180/1 1164/4956/1
f 2902/3269/7 2901/3268/7 2908/4957/7
f 779/4959/7 778/9225/7 777/4960/7
f 2419/4962/7 2434/5730/7 2411/2127/7
f 254/4963/1 255/9226/1 253/4964/1
f 2582/4966/7 1217/1692/7 2580/4967/7
f 2957/4968/3 2959/2132/3 2961/2134/3
f 274/4970/4 275/5096/4 272/4971/4
f 469/4973/1 475/5362/1 305/4974/1
f 2778/3747/7 2783/7773/7 2780/4976/7
f 1423/3729/7 1410/9227/7 1345/4977/7
f 48/4979/4 46/9228/4 45/3813/4
f 2458/2692/2 2450/6097/2 1575/850/2
f 1232/4981/7 1575/9229/7 1581/4982/7
f 493/4984/2 273/9230/2 269/4985/2
f 1621/4987/3 1617/542/3 1618/544/3
f 379/4989/5 541/9231/5 1156/4990/5
f 1627/4991/5 1634/1904/5 1636/1905/5
f 2457/4993/5 1575/1839/5 2450/1841/5
f 3438/4995/5 3441/949/5 3439/951/5
f 2990/4997/1 2989/5167/1 2993/4998/1
f 2136/4693/2 2116/6452/2 2117/5000/2
f 3067/5001/3 3061/9232/3 3065/5002/3
f 2005/5004/2 1995/9198/2 3085/5005/2
f 1008/5007/1 1005/5359/1 1006/5008/1
f 651/5010/53 687/3410/53 686/5011/53
f 807/5013/7 797/9233/7 816/5014/7
f 2784/5016/5 2790/9234/5 2786/5017/5
f 1154/5019/7 1151/9212/7 1150/5020/7
f 921/5022/7 1116/5019/7 1115/5021/7
f 2974/5024/5 2976/9235/5 2978/5025/5
f 750/5027/5 755/9236/5 754/5028/5
f 1422/5030/7 1406/5599/7 1421/5031/7
f 1242/5033/1 1241/9237/1 1244/5034/1
f 1028/5036/2 860/9238/2 995/5037/2
f 681/3075/54 644/3074/54 645/5039/54
f 504/5040/3 499/9239/3 334/5041/3
f 406/5042/7 416/5252/7 418/4884/7
f 2290/5044/2 2275/7706/2 2276/5045/2
f 2776/2223/5 2791/2222/5 2777/5047/5
f 972/5049/5 1014/4903/5 1015/5050/5
f 1039/2472/5 945/7388/5 948/5052/5
f 1751/5053/3 1750/4900/3 1752/4902/3
f 899/5055/2 1081/9240/2 1077/5056/2
f 1848/5058/3 1850/5156/3 1855/5059/3
f 2492/1675/7 2495/1674/7 2494/5061/7
f 626/2421/55 597/2420/55 643/5063/55
f 2711/5065/2 2710/9241/2 2730/5066/2
f 507/5067/7 506/9242/7 505/5068/7
f 2459/4994/5 2450/1841/5 2435/5070/5
f 1102/5071/3 1103/5049/3 1105/5072/3
f 1080/5073/4 899/5988/4 1078/5074/4
f 333/5076/5 332/9243/5 335/5025/5
f 587/5078/5 588/6133/5 326/5079/5
f 1519/4596/1 1518/8424/1 1517/5081/1
f 1891/5083/3 1885/5140/3 1886/5084/3
f 2517/3109/3 2528/3108/3 2504/5085/3
f 395/5087/3 378/9244/3 381/5088/3
f 1638/5090/5 1637/9245/5 1639/5091/5
f 1035/5093/3 940/9246/3 939/5094/3
f 162/5095/2 164/4971/2 168/5096/2
f 2178/635/1 2179/634/1 2155/5098/1
f 1484/5100/3 1487/9247/3 1480/5101/3
f 3149/5103/7 3147/4830/7 3146/4831/7
f 1890/5105/4 1892/9248/4 1886/5106/4
f 2230/5108/1 2237/5873/1 2240/5109/1
f 1776/5111/4 1774/5742/4 1772/1463/4
f 778/5113/3 779/2035/3 781/2037/3
f 1649/5115/4 1663/9249/4 1659/5116/4
f 180/5118/7 181/5294/7 178/5119/7
f 1988/5121/1 1993/9250/1 1994/5122/1
f 584/5123/1 582/262/1 585/5124/1
f 1741/303/4 1742/5561/4 1738/5126/4
f 2156/5127/3 2157/6953/3 2143/1483/3
f 2707/5128/3 2705/9251/3 2713/5129/3
f 1538/5131/1 1536/9252/1 1539/5132/1
f 2774/5134/5 2781/197/5 2769/5135/5
f 847/5137/3 839/9253/3 841/5138/3
f 3155/5140/3 3156/9254/3 3158/5141/3
f 2401/2983/3 2409/3665/3 2384/5142/3
f 1943/5143/1 1950/9255/1 1947/5144/1
f 2459/5145/1 2439/6897/1 2442/5146/1
f 925/5147/4 1118/9256/4 1117/5148/4
f 2078/5150/2 2076/6798/2 2082/5151/2
f 2342/5153/7 872/4529/7 236/5154/7
f 3459/5156/3 3462/5233/3 3461/5157/3
f 1259/5158/2 2341/721/2 1261/5159/2
f 393/1915/7 394/9257/7 422/3687/7
f 2700/901/3 2701/2477/3 2691/1668/3
f 287/5161/3 291/5312/3 869/5162/3
f 2692/5164/5 2681/6901/5 2666/3380/5
f 2763/3848/7 2758/8795/7 2765/3042/7
f 3476/5166/2 3477/4998/2 3482/5167/2
f 1220/3404/2 997/4340/2 1222/5169/2
f 2628/5171/5 2627/4896/5 2614/298/5
f 1625/5173/4 1687/5198/4 1624/3103/4
f 2671/2982/3 2682/2981/3 2660/5174/3
f 1018/5175/3 924/9258/3 926/5176/3
f 2610/5178/5 2596/7308/5 2598/5179/5
f 1368/5181/4 1366/5920/4 1800/5182/4
f 1040/5184/4 948/9259/4 1041/5185/4
f 3262/5187/2 3263/9260/2 3260/5188/2
f 2451/5190/3 2456/5306/3 2452/5191/3
f 2760/5148/4 2762/9261/4 2761/5193/4
f 2636/986/7 2645/985/7 2649/5195/7
f 1316/5197/7 1807/9262/7 1655/5198/7
f 2437/4954/3 2422/1411/3 2413/1413/3
f 3246/5199/3 3241/9263/3 3240/5200/3
f 814/5202/7 812/9264/7 811/1504/7
f 461/5204/4 441/9265/4 446/5205/4
f 1761/5207/1 1756/9266/1 1759/5208/1
f 3221/5210/5 3219/3916/5 3222/3918/5
f 1541/5212/5 1546/9267/5 1540/5213/5
f 1002/5215/5 1000/514/5 1004/876/5
f 400/5217/7 401/9268/7 399/5218/7
f 1173/5220/4 1163/9269/4 1171/5221/4
f 3087/5223/4 3089/9270/4 3083/5224/4
f 1830/5226/4 1832/7166/4 1825/5227/4
f 2180/3051/2 2165/6737/2 2156/5228/2
f 2804/3844/7 2801/3843/7 2793/2119/7
f 655/5230/56 656/6299/56 673/5231/56
f 2047/5233/3 2048/5387/3 2051/5234/3
f 881/5236/7 869/9271/7 306/5237/7
f 43/5239/3 40/9272/3 37/3757/3
f 2518/1558/2 2521/2976/2 2510/5241/2
f 956/5242/7 870/9273/7 953/5243/7
f 2647/5245/1 2668/9274/1 2651/5246/1
f 2711/5248/4 2713/9275/4 2712/5249/4
f 435/5251/4 434/9276/4 509/5252/4
f 2589/4755/1 2610/4754/1 2595/5253/1
f 2498/5255/5 2496/4692/5 2506/2453/5
f 2039/5257/1 2040/9277/1 2046/5258/1
f 2769/5259/3 2753/5293/3 2762/5260/3
f 763/5262/4 801/9278/4 804/5263/4
f 1750/5265/1 1755/9279/1 1748/3513/1
f 2705/2928/7 2704/4383/7 2708/4382/7
f 783/5267/7 758/9280/7 756/5268/7
f 2693/5270/2 2695/9281/2 2696/5271/2
f 2410/5273/5 2396/5594/5 2398/5274/5
f 2182/5275/3 2172/971/3 2169/973/3
f 3210/5276/3 3211/9282/3 2000/5277/3
f 2032/5279/2 2037/5258/2 2038/5280/2
f 1201/5282/2 1195/7461/2 1196/4112/2
f 2408/4896/5 2388/2566/5 2381/2164/5
f 1611/4528/7 1791/9107/7 1612/5284/7
f 314/5286/4 318/9283/4 316/5287/4
f 1713/5289/2 1711/9284/2 1712/5290/2
f 2255/5292/3 2241/9285/3 2245/5293/3
f 2102/4757/5 2217/2775/5 2195/4137/5
f 157/5294/7 155/5458/7 154/5295/7
f 1135/5296/3 1137/9286/3 1138/1747/3
f 2465/5298/5 2469/9287/5 2473/5299/5
f 1930/5301/7 2001/9288/7 1996/947/7
f 2347/5302/1 2363/6005/1 2349/5303/1
f 2683/5305/3 2685/9289/3 2688/5306/3
f 2537/5307/5 2536/5134/5 2540/5136/5
f 1319/5309/3 1290/9290/3 1291/5310/3
f 239/5312/1 230/9291/1 885/5313/1
f 1897/5315/7 1894/7704/7 1893/4468/7
f 1037/5316/3 1156/9292/3 1038/5317/3
f 1599/5319/1 2816/7632/1 2817/999/1
f 2347/4189/7 2355/4188/7 2364/4017/7
f 2971/5320/2 2972/9293/2 2968/5321/2
f 1626/5323/2 1627/1757/2 1635/1759/2
f 2194/1292/7 2191/1291/7 2193/1322/7
f 2055/5325/7 2056/5844/7 2060/5326/7
f 1321/5328/2 1473/9294/2 1426/5329/2
f 2635/3876/1 2628/3875/1 2613/5330/1
f 3372/5332/7 3374/5103/7 3373/5104/7
f 2320/5334/5 2325/5508/5 2321/5335/5
f 632/5337/57 633/9295/57 598/5338/57
f 1236/5340/2 1247/9296/2 1250/5341/2
f 2919/5343/2 2920/9297/2 2923/5344/2
f 2414/5346/4 2416/5613/4 2415/3915/4
f 2384/5347/5 2399/6189/5 2391/5348/5
f 540/5350/4 541/9298/4 542/5351/4
f 1525/5353/5 1538/5433/5 1360/5354/5
f 821/5356/7 800/9299/7 803/5357/7
f 920/5359/1 1092/9300/1 916/5360/1
f 472/5361/1 578/7480/1 475/5362/1
f 1908/4511/7 1907/4510/7 1904/5363/7
f 3381/5365/5 3382/5373/5 3386/5366/5
f 2486/5368/7 2474/5661/7 2479/5369/7
f 1109/5370/7 1108/5250/7 1107/5371/7
f 3334/5373/3 3328/9301/3 3330/5374/3
f 2144/4053/7 2146/9007/7 2138/5376/7
f 269/5378/5 271/9302/5 272/5379/5
f 2445/5381/2 2447/101/2 2429/1732/2
f 1427/5382/1 1270/9303/1 1430/5383/1
f 2637/1506/3 2635/1505/3 2612/5385/3
f 3427/5387/3 3428/5669/3 3433/5388/3
f 547/5389/7 545/9304/7 544/5390/7
f 1549/5392/2 1312/9305/2 1551/5393/2
f 2643/5395/2 2657/6827/2 2669/1577/2
f 580/5397/3 579/5727/3 370/5398/3
f 17/5400/2 15/9306/2 19/5401/2
f 1334/5403/7 1335/9307/7 1329/5404/7
f 2353/5406/4 2354/9308/4 2350/5370/4
f 882/5408/4 1129/5237/4 871/5409/4
f 431/5411/3 432/9309/3 435/5412/3
f 1711/5413/3 1714/9310/3 1717/5414/3
f 3435/5416/1 3438/9311/1 3437/5417/1
f 2705/166/1 2704/2705/1 2720/2847/1
f 2561/4494/7 2551/8538/7 2559/1770/7
f 2542/5419/3 2547/7679/3 2531/5420/3
f 2969/5421/1 2970/9312/1 2965/5422/1
f 592/5424/1 247/9313/1 251/5425/1
f 1141/5427/5 1139/5175/5 897/5428/5
f 798/5430/3 799/7054/3 821/1405/3
f 1464/5432/5 1466/9314/5 1465/5433/5
f 1216/5434/3 1217/1592/3 1212/1594/3
f 2188/4645/3 2203/4644/3 2177/847/3
f 3008/5436/1 3006/9315/1 3010/5437/1
f 3019/5439/4 3014/9316/4 3015/5440/4
f 358/5442/3 361/5447/3 360/5443/3
f 3331/5445/5 3329/9317/5 3332/5446/5
f 970/5448/1 870/1222/1 955/1224/1
f 2462/5450/1 1580/9318/1 2456/5451/1
f 1316/4835/2 1320/1287/2 1656/5453/2
f 1871/5455/4 1865/9319/4 1866/5456/4
f 2315/1669/3 2316/97/3 2301/99/3
f 496/5458/7 339/5490/7 338/5459/7
f 1169/5460/2 1027/9320/2 859/5461/2
f 835/5463/4 988/7498/4 1111/5464/4
f 493/5466/3 505/9321/3 321/5467/3
f 393/5468/1 396/9322/1 397/5469/1
f 2339/1145/5 2330/5659/5 2327/5470/5
f 891/5472/7 885/1504/7 873/5473/7
f 1331/2073/1 1329/4077/1 1503/5475/1
f 396/5476/5 422/9323/5 398/5477/5
f 3130/5479/3 3131/9324/3 3135/5480/3
f 3081/150/7 3077/149/7 3080/1436/7
f 2881/4817/4 2882/4816/4 2878/5483/4
f 2625/5485/7 2623/7551/7 2619/5486/7
f 1535/5488/2 1531/9325/2 1285/5489/2
f 279/5490/4 276/9326/4 280/5491/4
f 1449/5492/2 1528/9327/2 1293/5493/2
f 396/5494/2 571/4718/2 570/4720/2
f 475/3426/4 568/9328/4 577/5496/4
f 557/3447/5 558/3446/5 374/5497/5
f 912/5499/2 1042/9329/2 1044/5500/2
f 3260/5502/4 3263/4368/4 3256/5503/4
f 408/5505/4 405/9308/4 409/5406/4
f 2169/5507/5 2166/9330/5 2161/5508/5
f 3326/5509/3 3320/5781/3 3325/5510/3
f 2948/5512/5 1746/9331/5 1709/5513/5
f 144/5515/5 139/9332/5 141/5516/5
f 465/5518/1 443/1760/1 349/1630/1
f 101/5519/3 102/9333/3 104/5520/3
f 767/5522/2 765/9334/2 777/5523/2
f 2133/5525/5 2138/9335/5 2139/5526/5
f 1170/5528/1 1074/9336/1 1073/5529/1
f 1130/5531/2 1133/9337/2 883/5532/2
f 2707/1730/2 2708/6548/2 2709/5534/2
f 2283/3755/2 2293/3754/2 2270/5535/2
f 223/5536/4 224/9338/4 218/5537/4
f 2509/920/1 2519/8082/1 2490/5539/1
f 2150/2418/7 2147/2417/7 2149/5540/7
f 1505/5541/2 1361/9339/2 1463/5542/2
f 2218/5544/7 2219/6394/7 2217/5545/7
f 155/5547/2 157/9340/2 160/5548/2
f 616/5550/58 622/7724/58 617/5551/58
f 1318/5552/1 1315/1433/1 1314/1432/1
f 1771/5554/4 1770/5649/4 1767/5555/4
f 2317/5557/3 2312/5630/3 2306/5558/3
f 968/5560/2 967/5126/2 1055/5561/2
f 2342/5563/3 2340/1076/3 2338/1077/3
f 3423/4394/1 3424/4393/1 3420/5565/1
f 676/4027/93 652/8999/93 653/5567/93
f 2549/5569/4 2550/9341/4 2546/5570/4
f 2835/5572/4 2830/5439/4 2836/5441/4
f 1482/5574/5 1481/9342/5 1483/5575/5
f 3124/5576/2 3127/9343/2 3129/5577/2
f 1962/5579/3 1960/5703/3 1964/5580/3
f 150/5582/5 151/9344/5 147/5547/5
f 1169/5583/1 1170/9345/1 1172/4199/1
f 3238/5585/2 3234/9346/2 3237/5586/2
f 230/5588/1 231/3543/1 227/3545/1
f 513/5590/5 403/9347/5 858/5591/5
f 2512/5593/5 2516/7217/5 2496/4692/5
f 2423/4859/5 2424/4858/5 2396/5594/5
f 2016/5595/7 2017/5945/7 2019/5596/7
f 1045/5598/7 1044/5031/7 1042/5599/7
f 2496/5601/2 2515/4152/2 2505/1731/2
f 405/5603/7 409/7401/7 534/5604/7
f 1297/5606/7 1298/9348/7 1299/5607/7
f 1212/1594/3 2581/1593/3 2574/5609/3
f 430/5610/3 399/2296/3 413/2298/3
f 2405/5612/4 2400/5757/4 2406/5613/4
f 984/5614/4 1186/5724/4 979/5615/4
f 2461/5617/7 2460/7905/7 1575/5618/7
f 2222/5620/1 2223/9349/1 2210/5621/1
f 346/5622/7 340/2159/7 854/5623/7
f 427/5625/3 595/5668/3 245/5626/3
f 1784/5628/5 1617/2827/5 1618/1904/5
f 2209/5629/3 2210/9350/3 2206/5630/3
f 2254/625/3 2267/6887/3 2256/1551/3
f 1602/5631/2 1601/9351/2 2818/5632/2
f 326/5634/2 588/9352/2 504/5635/2
f 2781/4062/2 2782/2690/2 2754/5637/2
f 2194/3132/1 2192/3131/1 2167/5638/1
f 1930/5640/3 3221/9353/3 3084/5641/3
f 1116/5643/3 921/9354/3 922/5644/3
f 474/5646/4 469/2808/4 475/5647/4
f 1697/5649/4 1693/5554/4 1692/5650/4
f 261/5652/3 838/9355/3 845/5653/3
f 994/5655/2 1098/9356/2 1095/5656/2
f 1257/5658/5 2341/9357/5 2330/5659/5
f 859/5660/3 860/1475/3 1028/1477/3
f 2596/5661/7 2610/5368/7 2589/5662/7
f 2909/5663/3 2910/9358/3 2912/5664/3
f 2544/5665/5 2545/7454/5 2529/5666/5
f 807/5667/3 808/9359/3 809/5668/3
f 2034/5669/5 2032/5719/5 2036/5670/5
f 51/5671/2 53/9360/2 55/5672/2
f 1178/5674/3 1179/9361/3 1182/5675/3
f 2498/5677/1 2499/9362/1 2501/5678/1
f 1687/5680/3 1686/7079/3 1684/5681/3
f 3205/5683/2 3202/9363/2 3208/5684/2
f 851/2076/1 2222/5620/1 1251/3236/1
f 2344/5687/5 886/1122/5 2336/1124/5
f 480/5688/7 438/9364/7 463/5689/7
f 3462/5691/1 3463/6408/1 3465/5566/1
f 2769/917/2 2754/5637/2 2757/5693/2
f 3029/5694/1 3031/9365/1 3033/5695/1
f 250/5697/4 251/5783/4 832/5698/4
f 2968/5700/4 2972/5572/4 2970/5573/4
f 2660/2864/1 2674/2863/1 2647/5702/1
f 1923/5703/3 1925/5810/3 1926/5704/3
f 2401/5705/2 2402/9366/2 2406/5706/2
f 485/5708/7 484/5976/7 483/5709/7
f 1652/5710/1 1653/4512/1 1654/5711/1
f 2721/5713/1 2719/7220/1 2722/5714/1
f 884/5716/2 882/8009/2 880/5717/2
f 3421/5719/3 3420/6131/3 3424/5720/3
f 2329/1077/3 2335/85/3 2320/87/3
f 1462/5723/4 1496/5615/4 1278/5724/4
f 460/5726/2 456/5398/2 457/5727/2
f 2418/5729/7 2430/9367/7 2434/5730/7
f 3267/5731/7 3264/9368/7 3271/5732/7
f 2148/5734/1 2150/13/1 2169/5735/1
f 2505/1731/2 2474/1730/2 2479/3986/2
f 2293/973/3 2278/972/3 2279/5737/3
f 3212/4269/7 3211/4268/7 3210/5738/7
f 1864/5740/2 1867/9369/2 1868/2262/2
f 2050/5742/2 2047/2330/2 2054/2332/2
f 1812/5744/5 1814/4171/5 1670/5745/5
f 3314/5747/7 3312/9370/7 3315/5748/7
f 2420/690/1 2403/689/1 2408/5750/1
f 1729/5751/3 1730/9371/3 1728/5752/3
f 977/5754/1 893/6268/1 895/5755/1
f 2621/5757/4 2618/5612/4 2622/5758/4
f 2949/5760/5 3088/9372/5 3087/5761/5
f 870/5763/3 956/5643/3 935/5645/3
f 268/5765/5 263/9373/5 846/5766/5
f 2281/972/3 2282/3535/3 2277/4616/3
f 2138/5376/7 2137/9374/7 2135/5768/7
f 1231/5769/4 1230/9375/4 1224/5770/4
f 1564/5772/7 1561/4123/7 1567/5773/7
f 2581/2661/1 2567/7483/1 2562/5775/1
f 2547/1772/7 2542/1771/7 2545/5776/7
f 452/5778/1 455/9376/1 353/5779/1
f 2829/5781/3 2831/9377/3 2836/5782/3
f 331/5783/4 328/6031/4 330/5784/4
f 816/5785/4 817/9378/4 815/5786/4
f 2666/5787/7 2680/9379/7 2670/5788/7
f 3250/4327/7 3251/4326/7 3248/5790/7
f 2012/5792/5 2015/6171/5 2013/5793/5
f 1583/4128/2 2576/7266/2 2558/5794/2
f 1867/5796/7 1864/6976/7 1870/4094/7
f 1354/3244/4 1357/9380/4 1356/5797/4
f 2309/5798/5 2300/9381/5 2297/5799/5
f 1556/5801/4 1551/5808/4 1312/5802/4
f 566/5804/1 362/9382/1 360/5805/1
f 583/5807/2 484/611/2 488/610/2
f 952/5808/4 1192/9383/4 1170/5809/4
f 1870/5810/5 1864/5942/5 1866/5811/5
f 2911/5812/2 2915/9384/2 2914/5813/2
f 1766/5815/2 1768/9385/2 1769/5816/2
f 78/5817/3 73/7237/3 80/5818/3
f 2163/5820/4 2161/5968/4 2162/5821/4
f 405/5823/3 536/5838/3 538/5824/3
f 2495/5826/2 2469/9386/2 2481/5827/2
f 1185/5828/3 1184/1531/3 1189/1533/3
f 2563/5795/2 2558/5794/2 2542/5830/2
f 934/5831/3 929/9387/3 932/5832/3
f 1038/5834/2 955/9388/2 1238/5835/2
f 308/5837/3 476/5850/3 310/5838/3
f 1300/5839/4 1295/9389/4 1296/5840/4
f 1197/3499/7 1196/9390/7 1195/5842/7
f 1955/5843/7 1953/5326/7 1951/5844/7
f 3347/5846/7 3346/9391/7 3345/5847/7
f 2663/4644/3 2670/1670/3 2668/5275/3
f 277/5849/3 474/9392/3 279/5850/3
f 492/5851/3 267/9393/3 264/5852/3
f 2747/5854/2 2756/9394/2 2750/5855/2
f 467/854/2 468/9395/2 352/5857/2
f 3142/5858/1 3140/9396/1 3145/5859/1
f 2442/5861/5 2438/9397/5 2444/5862/5
f 1957/5864/4 1958/2064/4 1952/5865/4
f 2148/2566/5 2149/1972/5 2137/3684/5
f 285/5867/3 447/5902/3 286/5868/3
f 2488/5870/5 2479/2455/5 2478/5871/5
f 2251/3653/1 2265/3652/1 2237/5873/1
f 1690/5874/1 1691/9398/1 1694/5875/1
f 1095/5877/1 1096/9399/1 1097/5878/1
f 1393/5879/7 1394/9400/7 1391/5880/7
f 2384/5882/7 2399/6169/7 2398/5883/7
f 2899/4958/4 2893/4957/4 2900/5885/4
f 1503/5887/5 1328/9401/5 1332/5888/5
f 2372/5890/3 2351/9402/3 2352/5891/3
f 273/5893/4 267/9403/4 492/5894/4
f 2803/4110/3 2793/4109/3 2783/5896/3
f 1408/5897/3 1406/9404/3 1410/5898/3
f 2025/5900/1 2026/4162/1 2030/868/1
f 825/5901/3 830/5967/3 827/5902/3
f 3221/5903/7 1995/6433/7 3220/5904/7
f 2675/5906/5 2684/2236/5 2672/3488/5
f 2547/5908/5 2542/9405/5 2550/5909/5
f 3267/5911/5 3270/9406/5 3268/5912/5
f 243/5914/2 832/9407/2 987/5915/2
f 2947/5917/2 1745/9408/2 1776/5918/2
f 768/814/5 765/813/5 767/948/5
f 1182/4819/1 1179/4821/1 1180/5921/1
f 1359/2766/3 1360/1444/3 1364/2893/3
f 662/5924/60 661/9409/60 672/5925/60
f 1422/5927/3 1420/9410/3 1424/5928/3
f 634/5339/61 598/5338/61 599/1259/61
f 1/5930/1 3/118/1 2/120/1
f 748/5932/2 749/9411/2 752/5933/2
f 774/5935/4 769/9412/4 767/5936/4
f 1294/5938/3 1303/9413/3 1304/3388/3
f 1987/5939/3 1988/1828/3 1991/1830/3
f 2751/4660/7 2766/8453/7 2747/1384/7
f 1804/5941/5 1806/1965/5 1808/1966/5
f 1863/5942/3 1858/9414/3 1857/5943/3
f 1887/5944/7 1885/5596/7 1891/5945/7
f 789/5947/4 787/9415/4 784/5948/4
f 2347/5950/1 2353/2094/1 2352/2096/1
f 3081/5952/5 3079/9416/5 3082/5953/5
f 2281/5955/2 2283/9417/2 2286/5956/2
f 2402/5958/3 2403/9418/3 2404/5959/3
f 1213/5961/7 2575/9419/7 1217/5962/7
f 2446/752/7 2447/753/7 2445/5964/7
f 3031/5965/5 3034/9420/5 3035/5966/5
f 2322/5968/4 2318/5820/4 2319/5969/4
f 1371/5971/3 1677/841/3 1679/843/3
f 2883/5972/2 2884/9421/2 2882/5973/2
f 554/5975/7 555/5709/7 547/5976/7
f 2172/5639/1 2167/5638/1 2168/5736/1
f 446/5978/1 441/9422/1 292/5979/1
f 1077/5981/3 1075/9423/3 1079/5982/3
f 2913/5886/7 2910/5885/7 2909/5984/7
f 2116/3025/7 2136/6017/7 2121/5986/7
f 1137/5987/7 1135/5074/7 905/5988/7
f 982/5990/5 833/9424/5 1186/5991/5
f 986/5993/1 987/9425/1 1052/5994/1
f 744/5996/1 747/9426/1 746/2131/1
f 1636/5997/4 1631/9427/4 1632/4688/4
f 247/5998/5 585/9428/5 832/5999/5
f 1125/2473/5 861/2472/5 1192/1056/5
f 30/6002/3 28/9429/3 26/6003/3
f 2373/371/1 2362/6212/1 2363/6005/1
f 433/6006/2 509/7049/2 430/6007/2
f 568/1034/5 577/1449/5 290/6009/5
f 3046/6011/5 3047/9430/5 3048/6012/5
f 1607/6014/3 1778/9431/3 1609/6015/3
f 2753/3043/7 2767/5986/7 2754/6017/7
f 1549/6018/3 1552/9432/3 1553/6019/3
f 2026/5281/5 2024/842/5 2027/6020/5
f 1269/6022/2 1408/9433/2 1341/6023/2
f 2499/1975/1 2490/5539/1 2493/6025/1
f 1082/6026/3 919/4744/3 917/687/3
f 1397/6028/2 1267/9434/2 1398/6029/2
f 287/6031/7 577/6104/7 568/6032/7
f 1784/6033/7 1800/9435/7 1783/6034/7
f 3061/6036/1 3063/9436/1 3064/6037/1
f 2663/6039/2 2672/3302/2 2665/6040/2
f 1494/6042/3 1495/7283/3 1496/6043/3
f 2553/1001/1 2565/1000/1 2544/6045/1
f 1529/6046/2 1570/9437/2 1314/6047/2
f 2329/6049/2 2330/9438/2 2332/6050/2
f 3055/6052/7 3057/9439/7 3060/6053/7
f 3035/6055/4 3030/9440/4 3032/6056/4
f 3252/6058/2 3248/9441/2 3249/6059/2
f 2864/6061/2 2865/6690/2 2867/6062/2
f 516/6064/4 523/9442/4 412/6065/4
f 2974/6067/7 2975/9443/7 2979/6068/7
f 1548/6069/7 1534/9444/7 1550/6070/7
f 3365/6072/2 3366/9445/2 3369/6073/2
f 2125/6075/1 2134/9446/1 2127/6076/1
f 293/6078/2 450/9447/2 863/6079/2
f 1758/6081/3 1756/9448/3 1761/6082/3
f 456/6084/3 477/9449/3 458/6085/3
f 2324/6087/2 2304/6806/2 2300/6088/2
f 2672/6090/7 2674/6249/7 2660/4399/7
f 2159/6092/3 2155/6155/3 2152/6093/3
f 2287/6095/1 2277/4145/1 2282/4543/1
f 2438/6096/2 2435/7207/2 2450/6097/2
f 1337/6098/2 1333/9450/2 1335/1746/2
f 2880/6099/5 2883/7670/5 2881/6100/5
f 1918/5651/4 1919/5650/4 1915/6102/4
f 184/6104/1 178/9451/1 179/6105/1
f 422/6106/3 423/9452/3 424/6107/3
f 1457/6109/4 1458/9453/4 1274/6110/4
f 2613/6112/1 2619/9454/1 2622/6113/1
f 2378/6115/7 2386/7369/7 2385/6116/7
f 1106/6118/4 1101/9455/4 927/6119/4
f 2887/5848/7 2886/5847/7 2885/6121/7
f 3146/6123/3 3147/9456/3 3148/6124/3
f 180/6126/3 184/9457/3 185/6127/3
f 1460/6129/5 1507/5574/5 1353/3261/5
f 3023/6131/5 3025/6144/5 3027/6132/5
f 569/6133/3 564/9458/3 361/6134/3
f 2195/4555/2 2197/4554/2 2191/6136/2
f 839/6137/7 847/9459/7 843/6138/7
f 2351/2529/5 2372/2528/5 2360/6140/5
f 326/6141/5 327/9460/5 330/6142/5
f 2960/6144/5 2958/9461/5 2963/6145/5
f 2737/6146/3 2735/1272/3 2722/6147/3
f 412/6148/2 518/9462/2 520/6149/2
f 2847/6151/5 2850/9463/5 2851/6152/5
f 2756/6154/3 2744/9464/3 2749/6155/3
f 386/4703/2 550/9163/2 388/6156/2
f 2608/6158/2 2609/6212/2 2625/370/2
f 1903/6160/2 1875/9465/2 1872/6161/2
f 2522/4712/7 2540/4711/7 2521/6163/7
f 2755/6165/1 2744/7296/1 2741/6166/1
f 2215/6167/3 2216/5563/3 2218/5564/3
f 2408/6168/7 2388/8104/7 2399/6169/7
f 2447/464/3 2446/463/3 2432/6170/3
f 2098/6171/5 2101/7038/5 2100/6172/5
f 950/6173/7 1070/9466/7 861/6174/7
f 3442/6176/3 3435/9467/3 3436/6177/3
f 2562/6179/1 2553/9468/1 2555/6180/1
f 434/6182/1 508/9469/1 511/6183/1
f 2644/107/7 2633/8176/7 2628/3348/7
f 3016/6185/7 3013/9470/7 3020/6186/7
f 2701/6188/5 2700/9471/5 2687/6189/5
f 2275/6190/2 2268/9472/2 2274/6191/2
f 494/6193/5 495/6244/5 269/6194/5
f 2512/944/7 2516/8375/7 2510/4850/7
f 913/6195/4 912/9473/4 1043/6196/4
f 2182/6198/2 2175/4814/2 2171/6199/2
f 2591/6201/4 2592/9474/4 2594/6202/4
f 429/6204/5 430/9352/5 509/5634/5
f 847/6206/2 848/9475/2 1094/6207/2
f 1953/6209/1 1955/2687/1 1954/6210/1
f 2609/6212/2 2608/6158/2 2611/6213/2
f 1427/6214/7 1426/6203/7 1473/6215/7
f 1995/6217/1 3221/6320/1 3084/6218/1
f 1759/6219/5 1757/9476/5 1762/6220/5
f 651/6224/4 650/9477/4 649/9478/4
f 649/9478/4 648/9479/4 647/9480/4
f 647/9480/4 646/9481/4 690/9482/4
f 690/9482/4 645/9483/4 644/6222/4
f 644/6222/4 660/9484/4 669/9485/4
f 669/9485/85 667/9486/85 665/9487/85
f 665/9487/4 664/9488/4 659/9489/4
f 659/9489/4 662/9490/4 658/6223/4
f 658/6223/94 657/9491/94 656/9492/94
f 656/9492/85 655/9493/85 654/9494/85
f 654/9494/4 653/9495/4 652/9496/4
f 652/9496/4 688/9497/4 651/6224/4
f 651/6224/4 649/9478/4 647/9480/4
f 647/9480/4 690/9482/4 644/6222/4
f 644/6222/4 669/9485/4 665/9487/4
f 665/9487/4 659/9489/4 658/6223/4
f 658/6223/4 656/9492/4 654/9494/4
f 654/9494/4 652/9496/4 651/6224/4
f 651/6224/4 647/9480/4 644/6222/4
f 644/6222/4 665/9487/4 658/6223/4
f 658/6223/4 654/9494/4 651/6224/4
f 1283/6225/7 1523/9498/7 1538/6226/7
f 2395/5884/7 2394/5883/7 2381/6228/7
f 49/6230/1 52/9499/1 50/6231/1
f 2079/6232/5 2078/9500/5 2081/6233/5
f 2411/6235/2 2434/9501/2 2415/6236/2
f 1557/6238/3 1287/9502/3 1288/6239/3
f 1378/6241/3 1375/9503/3 1376/6242/3
f 552/6244/3 551/9504/3 553/6245/3
f 2886/6246/1 2887/9505/1 2888/6247/1
f 2663/5789/7 2670/5788/7 2674/6249/7
f 263/1380/2 492/809/2 266/6250/2
f 791/6252/2 818/9506/2 792/6253/2
f 2327/3551/2 2313/3550/2 2315/3306/2
f 226/6255/5 545/1073/5 546/1075/5
f 2220/6256/2 2224/9507/2 2221/6257/2
f 2729/6258/7 2722/6681/7 2719/1647/7
f 907/6259/2 1009/7087/2 908/3436/2
f 655/5230/62 674/5232/62 671/6261/62
f 1441/6262/3 1442/6415/3 1439/6263/3
f 1377/6265/3 1498/9508/3 1504/6266/3
f 984/6268/1 983/9509/1 981/6269/1
f 1521/6270/7 1353/9510/7 1505/6271/7
f 3386/6273/2 3382/9511/2 3379/6274/2
f 6/6276/4 8/9512/4 2/623/4
f 577/6278/2 576/9513/2 575/6279/2
f 465/3091/7 464/3090/7 468/6281/7
f 44/6283/4 37/9514/4 38/6284/4
f 1914/6286/1 1916/5874/1 1917/6287/1
f 448/5690/7 436/5689/7 445/6289/7
f 3418/5985/4 3414/5984/4 3416/6291/4
f 2289/3535/5 2288/1346/5 2290/1171/5
f 2567/6293/1 2578/9515/1 2570/6294/1
f 470/6282/7 477/6281/7 456/6296/7
f 657/6298/63 670/6499/63 673/5231/63
f 2487/5256/5 2506/2453/5 2479/2455/5
f 1331/6300/7 1613/9516/7 1795/6301/7
f 3047/6303/2 3052/9517/2 3049/6304/2
f 1303/6306/1 1306/9518/1 1305/5971/1
f 3413/6292/7 3411/6291/7 3412/6308/7
f 2727/6310/5 2728/7791/5 2717/6311/5
f 368/6313/5 880/9519/5 882/6314/5
f 698/1564/64 715/1563/64 716/6316/64
f 3278/5733/4 3274/5732/4 3276/6317/4
f 1934/6319/1 3084/6218/1 3221/6320/1
f 2255/1345/2 2259/4184/2 2254/4183/2
f 2663/6322/2 2667/5396/2 2669/1577/2
f 443/6324/5 442/9520/5 338/6325/5
f 534/1548/5 409/1547/5 535/6327/5
f 1090/6328/4 1091/9521/4 1092/6329/4
f 2680/5165/5 2666/3380/5 2669/6331/5
f 2943/6333/7 2941/6067/7 2944/5696/7
f 2571/2039/2 2572/2038/2 2561/3600/2
f 2774/6336/1 2792/7601/1 2770/6200/1
f 1528/6338/3 1450/9522/3 1303/6339/3
f 1063/6341/2 1060/9523/2 1058/6342/2
f 2596/6005/2 2611/6213/2 2599/6344/2
f 560/6346/3 565/9524/3 566/6347/3
f 860/6349/1 1026/9525/1 1029/3961/1
f 2438/6041/2 2445/6040/2 2440/6350/2
f 2790/6352/2 2779/9526/2 2788/6353/2
f 2092/2703/1 3217/3958/1 3218/3960/1
f 2902/6356/5 2907/9527/5 2903/6357/5
f 2804/6359/3 2801/6363/3 2797/6360/3
f 2381/6362/3 2377/9528/3 2379/6363/3
f 793/6364/4 790/6374/4 794/6365/4
f 3390/6367/4 3391/9529/4 3387/6368/4
f 2627/1245/2 2637/1244/2 2616/6370/2
f 14/6371/5 17/7491/5 18/6372/5
f 136/6374/4 137/6447/4 836/6375/4
f 3316/6376/1 3318/9530/1 3312/6377/1
f 2790/4426/3 2784/4425/3 2792/6379/3
f 2920/6380/3 2917/9531/3 2918/6381/3
f 2763/5048/5 2777/5047/5 2764/6383/5
f 777/6385/7 765/9532/7 768/6386/7
f 2852/6388/2 2851/641/2 2850/6389/2
f 1440/6391/7 1442/9533/7 1441/6392/7
f 2210/6393/7 2209/9534/7 2219/6394/7
f 1906/6395/5 2947/9535/5 1773/1479/5
f 2647/6397/5 2646/1246/5 2636/1248/5
f 3321/6399/5 3322/9536/5 3324/6400/5
f 3339/6378/2 3341/6377/2 3343/6402/2
f 637/3361/65 600/3360/65 638/6404/65
f 2775/6405/4 2773/9537/4 2770/6406/4
f 3454/6408/2 3456/5691/2 3458/6409/2
f 1016/6411/4 1010/6424/4 1013/6412/4
f 1267/6414/3 1400/9538/3 1399/6415/3
f 2437/6416/2 2411/1579/2 2424/6417/2
f 906/6419/2 905/9539/2 1135/6420/2
f 550/6290/4 548/6289/4 546/6422/4
f 923/6424/4 1064/9540/4 1058/6425/4
f 3127/6426/3 3122/9541/3 3126/6427/3
f 2939/6429/3 2935/9542/3 2938/6430/3
f 2025/6432/7 3217/9543/7 3353/6433/7
f 1996/6434/1 2001/9544/1 1967/6435/1
f 1592/6351/2 2693/6350/2 1593/6436/2
f 2155/1972/5 2159/1971/5 2146/3489/5
f 541/6438/2 890/2620/2 889/2622/2
f 2690/4915/7 2691/9213/7 2675/6440/7
f 2394/1454/3 2395/1453/3 2370/6442/3
f 3272/6443/3 3273/6453/3 3276/6444/3
f 139/6446/2 140/6375/2 143/6447/2
f 2145/788/2 2131/8510/2 2132/1603/2
f 1848/6449/7 1849/9545/7 1851/6450/7
f 2137/4135/2 2138/4134/2 2116/6452/2
f 3389/6453/5 3393/9546/5 3390/6454/5
f 2626/6159/2 2625/370/2 2642/2452/2
f 2408/6456/1 2384/6520/1 2390/2858/1
f 2223/6457/1 2216/7221/1 1254/5160/1
f 441/6458/5 293/9547/5 294/6459/5
f 3389/6369/7 3388/6368/7 3394/6461/7
f 2277/6463/5 2275/6580/5 2272/6464/5
f 2722/6466/5 2729/9548/5 2723/6467/5
f 895/6469/7 975/9549/7 900/6470/7
f 874/3409/7 873/9550/7 872/6472/7
f 196/6474/3 194/6562/3 197/6446/3
f 1746/6475/3 2953/9551/3 2955/6476/3
f 1676/6477/4 1772/9040/4 1672/6478/4
f 1980/6480/7 1981/4197/7 1979/6481/7
f 1661/6482/5 1644/9552/5 1647/6483/5
f 1945/6485/3 1947/9553/3 1950/6486/3
f 1991/6488/4 1994/9554/4 1992/6489/4
f 2067/6491/4 2063/9555/4 2066/6492/4
f 2294/3665/5 2283/7537/5 2268/6494/5
f 736/771/66 737/770/66 738/2595/66
f 2127/6496/4 2123/9556/4 2124/6497/4
f 658/5926/67 672/5925/67 670/6499/67
f 872/6500/5 2342/9557/5 2343/6501/5
f 2045/6503/4 2046/2394/4 2043/6504/4
f 1393/6506/5 1397/9558/5 1340/6507/5
f 3347/6509/5 3348/2299/5 3349/6510/5
f 1765/6511/1 1764/9559/1 1770/6512/1
f 2943/6514/5 2945/9560/5 2946/6515/5
f 1513/6517/1 1515/9561/1 1514/6518/1
f 2644/6520/2 2627/6456/2 2631/6521/2
f 1722/6523/5 1719/9562/5 1726/6524/5
f 437/6526/1 438/3084/1 461/2217/1
f 351/6527/7 857/9563/7 858/4466/7
f 886/3792/2 2336/3791/2 887/2621/2
f 420/5078/1 534/5080/1 424/6530/1
f 3366/6532/3 3363/9564/3 3364/6533/3
f 1701/6535/7 1699/9565/7 1698/6536/7
f 2235/4452/4 2232/4451/4 2234/6538/4
f 987/6540/5 988/9566/5 989/6541/5
f 3037/6543/5 3041/7593/5 3044/6544/5
f 1271/6546/1 1446/8881/1 1306/3401/1
f 2225/6548/1 2243/4917/1 2228/6549/1
f 2221/6550/7 2209/9534/7 2210/6393/7
f 3261/6552/1 3256/9567/1 3257/6553/1
f 992/5657/2 1095/5656/2 324/6555/2
f 2950/6557/5 1837/9568/5 1838/6558/5
f 1912/6479/4 3083/6478/4 1909/6560/4
f 295/6474/4 292/9569/4 294/6561/4
f 77/6563/7 74/9570/7 73/6564/7
f 3315/6566/3 3312/9571/3 3318/6567/3
f 3079/6569/2 3080/9572/2 3078/6570/2
f 375/6572/5 890/9573/5 889/6573/5
f 1382/6301/4 1384/6651/4 1424/6575/4
f 522/6576/1 523/9574/1 524/6577/1
f 2378/6579/5 2386/9575/5 2375/6580/5
f 2380/6581/4 2375/7460/4 2376/5759/4
f 1779/6582/5 1778/4169/5 1609/4171/5
f 3368/6583/5 3365/6597/5 3370/6584/5
f 1744/6586/3 1745/4707/3 1776/4709/3
f 1539/6071/4 1518/9576/4 1359/6588/4
f 975/6589/3 895/9577/3 893/6590/3
f 989/6592/4 990/6588/4 985/6593/4
f 802/6595/4 822/9578/4 818/6596/4
f 3100/6597/3 3098/9579/3 3099/6598/3
f 1326/6600/1 1439/8822/1 1443/3192/1
f 2451/6602/2 1574/5272/2 2447/101/2
f 842/6603/5 843/7682/5 844/6604/5
f 2259/1041/7 2269/1040/7 2267/6606/7
f 952/6001/5 1192/1056/5 1194/1058/5
f 1604/6609/5 1652/5090/5 1606/5092/5
f 1790/6611/2 1787/9580/2 1792/593/2
f 365/6612/7 363/6648/7 563/6613/7
f 3405/6615/5 3406/8151/5 3410/6616/5
f 1617/6618/2 1783/9581/2 1786/6619/2
f 3199/5685/2 3200/5684/2 3194/6621/2
f 3131/6623/1 3132/9582/1 3134/5578/1
f 2901/6624/1 2902/9583/1 2905/6625/1
f 2338/6627/1 2339/7718/1 2326/2048/1
f 2553/6629/5 2558/9584/5 2556/6630/5
f 2984/6632/7 2982/6333/7 2988/6334/7
f 3373/6634/3 3374/7129/3 3378/6635/3
f 549/4657/3 544/7774/3 548/6637/3
f 3094/6638/3 3090/9585/3 3092/6639/3
f 310/6641/3 314/9586/3 970/6642/3
f 3097/5170/4 3091/9587/4 3092/6643/4
f 2081/6645/4 2082/9588/4 2080/6646/4
f 510/6648/4 511/6682/4 857/6649/4
f 1403/6651/4 1404/9589/4 1328/6652/4
f 2260/6653/1 2257/9590/1 2269/6654/1
f 857/6656/2 351/9591/2 859/6657/2
f 2448/2236/5 2445/2235/5 2431/2818/5
f 1466/6659/7 1464/9592/7 1468/6660/7
f 2893/6662/2 2899/9593/2 2894/6663/2
f 2491/63/2 2489/62/2 2495/5826/2
f 2645/6398/5 2636/1248/5 2627/4896/5
f 3473/6665/3 3467/9594/3 3468/6666/3
f 1828/6668/7 1826/7623/7 1831/6669/7
f 2110/6671/4 2108/9595/4 2111/6539/4
f 3332/6672/4 3335/9596/4 3330/6673/4
f 368/6675/1 883/3574/1 879/3576/1
f 2489/6677/2 2496/9597/2 2497/6678/2
f 2743/6680/7 2726/7287/7 2722/6681/7
f 395/6682/7 397/6766/7 377/6683/7
f 2299/6684/7 2309/9598/7 2300/6685/7
f 3395/6687/1 3399/8026/1 3400/6688/1
f 3066/6690/2 3067/9599/2 3062/6691/2
f 3306/6692/1 3308/9600/1 3307/6693/1
f 1837/6695/2 1874/2703/2 1876/6696/2
f 566/6697/5 356/9601/5 357/6698/5
f 307/6423/4 297/6422/4 461/6700/4
f 3331/6674/7 3328/6673/7 3334/6702/7
f 2304/6704/2 2317/9602/2 2307/6705/2
f 2203/3810/1 2186/3809/1 2189/6707/1
f 1283/6708/1 1525/9603/1 1526/6709/1
f 764/6711/5 770/3179/5 776/3181/5
f 1561/6519/1 1566/6518/1 1288/6713/1
f 3027/6715/4 3028/9604/4 3024/6716/4
f 2808/6718/7 2806/7471/7 2815/6719/7
f 2191/1670/3 2194/1669/3 2172/971/3
f 2197/6721/2 2212/9605/2 2199/6722/2
f 128/6724/3 124/6957/3 127/6725/3
f 1581/6727/3 2462/9606/3 2463/6728/3
f 3449/6554/2 3443/9607/2 3445/6729/2
f 1219/6731/5 1220/9608/5 1221/6732/5
f 2971/6026/7 2967/9609/7 2966/6734/7
f 1019/6735/5 1020/9610/5 1021/3460/5
f 2175/1536/2 2176/1535/2 2165/6737/2
f 3304/6738/3 3306/6752/3 3310/6739/3
f 2807/6741/3 2815/9611/3 2805/6742/3
f 1421/6744/5 1406/9612/5 1410/6745/5
f 359/4521/2 357/4520/2 356/6747/2
f 573/6748/5 396/5476/5 397/5478/5
f 466/6297/4 352/6296/4 452/6750/4
f 3469/6752/5 3470/9613/5 3472/6753/5
f 945/6755/4 1055/9614/4 970/6756/4
f 2655/6758/1 2668/921/1 2670/3420/1
f 1578/6760/4 1579/6966/4 1576/2991/4
f 830/215/2 817/7245/2 811/6762/2
f 2953/6764/5 2952/5512/5 2954/5514/5
f 298/6766/7 297/6787/7 461/6767/7
f 3338/6703/7 3337/6702/7 3341/6768/7
f 1159/6770/1 1160/9615/1 1157/6771/1
f 2863/6773/7 2861/8070/7 2865/6774/7
f 1377/6776/5 1265/9616/5 1264/6777/5
f 2741/6779/1 2735/9617/1 2740/6780/1
f 849/6782/4 1095/1991/4 992/1990/4
f 2189/780/7 2175/8343/7 2182/6783/7
f 2944/6784/3 2941/9618/3 2947/6785/3
f 869/6787/4 289/6993/4 290/6788/4
f 1789/3537/7 1788/6868/7 1792/6789/7
f 834/6791/7 832/9619/7 243/6792/7
f 2263/5046/2 2276/5045/2 2247/6794/2
f 843/6795/2 847/6206/2 850/6208/2
f 1911/6797/2 1904/9620/2 3083/4865/2
f 2555/6799/4 2556/6809/4 2557/6660/4
f 1799/6801/1 1366/7708/1 1631/6802/1
f 365/6804/3 364/9621/3 368/6753/3
f 2337/4920/2 2325/4919/2 2304/6806/2
f 1515/6807/4 1412/6893/4 1512/6808/4
f 103/6810/4 104/8594/4 99/2049/4
f 377/6749/5 397/5478/5 376/6812/5
f 2947/6814/7 1906/9622/7 1775/6815/7
f 1877/6816/7 1879/7056/7 1883/4232/7
f 3377/6403/1 3378/6402/1 3374/6817/1
f 2372/859/2 2369/6931/2 2356/6819/2
f 2576/1124/3 2578/1123/3 2553/6821/3
f 2684/6441/7 2675/6440/7 2682/3159/7
f 2817/6822/2 2816/9623/2 2103/5034/2
f 2167/2819/5 2181/1304/5 2160/1970/5
f 1794/6824/3 1641/9624/3 1642/6825/3
f 2410/6827/1 2397/2452/1 2384/840/1
f 2326/1012/7 2314/4851/7 2313/6828/7
f 2252/1553/3 2230/1552/3 2236/6829/3
f 3132/6830/5 3133/7028/5 3136/6831/5
f 3073/6833/4 3076/9625/4 3075/6834/4
f 2166/6836/2 2180/9626/2 2162/6837/2
f 1849/6839/2 1848/2260/2 1853/6840/2
f 1480/6842/1 1487/9627/1 1482/6843/1
f 505/6845/5 506/9628/5 503/6846/5
f 1365/6848/5 1367/9629/5 1800/6849/5
f 427/6850/4 248/9630/4 592/6851/4
f 3211/6853/1 3212/9631/1 2001/6854/1
f 1580/6856/1 2461/7024/1 1578/6857/1
f 909/6859/2 1099/432/2 1094/6714/2
f 1389/6861/5 1266/6744/5 1388/6746/5
f 1678/6863/2 1681/9632/2 1682/6864/2
f 2252/3700/2 2231/3699/2 2235/6866/2
f 1814/6867/7 1812/6789/7 1811/6868/7
f 1519/6725/4 1520/6941/4 1521/6869/4
f 2147/6870/2 2159/9633/2 2151/6871/2
f 965/6873/2 960/9634/2 961/6874/2
f 1242/6876/7 2103/9635/7 2816/6877/7
f 2700/4314/2 2683/4313/2 2689/6879/2
f 818/6881/3 822/9636/3 793/6882/3
f 2361/6884/7 2374/9637/7 2362/6885/7
f 2276/6887/3 2264/4617/3 2251/3582/3
f 1011/6888/2 1012/9638/2 1013/6875/2
f 2102/1032/1 2218/7254/1 2216/6890/1
f 3280/6891/7 3281/6026/7 3286/4458/7
f 1051/6893/4 1053/9639/4 1052/6894/4
f 2577/6895/5 2575/7991/5 1583/6896/5
f 2439/6897/1 2421/7009/1 2422/6898/1
f 26/411/1 28/8232/1 25/2242/1
f 2458/379/7 2450/9640/7 2459/6899/7
f 425/6813/3 431/5411/3 433/419/3
f 1201/1255/5 2699/7011/5 2681/6901/5
f 487/6902/1 258/9641/1 262/6903/1
f 2458/1146/3 2449/1145/3 2442/5471/3
f 3386/6835/4 3384/6834/4 3385/6905/4
f 267/6906/1 268/9642/1 265/6907/1
f 678/6909/95 685/9643/95 648/6910/95
f 2017/6912/2 2016/9644/2 2022/6913/2
f 1580/6915/5 1582/4756/5 2451/4757/5
f 3107/6916/1 3110/9645/1 3112/6917/1
f 1735/6919/2 1737/9646/2 1739/6920/2
f 2670/6922/5 2663/9647/5 2664/6923/5
f 2275/5737/3 2277/4616/3 2264/4617/3
f 3411/6925/1 3413/9648/1 3415/6926/1
f 2765/6928/2 2769/9649/2 2760/6929/2
f 2601/442/2 2584/9650/2 2590/6931/2
f 3357/6932/1 3360/7008/1 3359/3678/1
f 2521/6934/2 2540/9651/2 2524/6935/2
f 3280/6937/5 3285/9652/5 3287/6938/5
f 1320/6940/7 1628/6974/7 1627/6869/7
f 1159/6942/4 1038/9653/4 1161/6943/4
f 2613/5172/5 2614/298/5 2615/300/5
f 2655/6758/1 2656/4786/1 2658/6945/1
f 2714/6946/1 2712/1967/1 2713/1969/1
f 1510/6948/4 1508/5987/4 1505/5989/4
f 451/6950/2 464/3964/2 452/3965/2
f 2314/6628/1 2326/2048/1 2312/6952/1
f 2165/3878/3 2178/849/3 2157/6953/3
f 594/6954/7 593/9654/7 584/6955/7
f 87/6957/5 88/7268/5 90/6958/5
f 2213/4659/7 2212/9153/7 2197/6959/7
f 2778/6960/1 2784/9655/1 2785/6961/1
f 1414/6963/5 1415/9656/5 1416/6964/5
f 1593/6966/4 1595/6760/4 1591/6967/4
f 2493/2708/5 2494/2707/5 2481/6969/5
f 502/6970/2 500/9657/2 497/6971/2
f 1031/6940/7 1034/7269/7 1033/6973/7
f 1000/6975/2 934/9658/2 1001/6889/2
f 2049/6976/7 2048/5796/7 2047/6977/7
f 575/1562/7 576/9659/7 567/6979/7
f 1652/6980/2 1607/4942/2 1608/6981/2
f 2657/6983/7 2656/9660/7 2658/6984/7
f 851/6985/5 324/9661/5 1095/6986/5
f 2231/188/7 2243/187/7 2225/6988/7
f 2559/4849/5 2551/4848/5 2536/5134/5
f 1846/6990/3 1840/9662/3 1842/6991/3
f 138/6993/1 144/7006/1 142/6994/1
f 1328/6995/2 1392/7445/2 1330/6996/2
f 570/4720/2 581/4719/2 383/6998/2
f 2339/7000/1 2335/9663/1 2331/7001/1
f 2778/4848/5 2779/195/5 2781/197/5
f 1841/7003/7 1840/7966/7 1846/7004/7
f 203/7006/7 204/7099/7 207/7007/7
f 3320/7008/1 3321/7411/1 3323/3679/1
f 2423/1577/1 2413/1579/1 2422/6898/1
f 1195/7010/5 2698/9664/5 2699/7011/5
f 3308/7012/5 3311/9665/5 3309/7013/5
f 2332/3868/4 2328/3867/4 2331/7014/4
f 1076/7016/5 1081/9666/5 899/7017/5
f 258/7019/5 591/9667/5 261/7020/5
f 1719/7022/2 1720/9668/2 1723/4708/2
f 2361/371/2 2374/2384/2 2385/4100/2
f 2448/7023/1 2442/8028/1 2443/7024/1
f 3196/7025/1 3197/7140/1 3198/7026/1
f 3172/7028/5 3175/7036/5 3177/7029/5
f 2220/7030/3 2223/9669/3 1253/7031/3
f 2570/7033/4 2566/7058/4 2568/7034/4
f 1939/7036/5 1938/7213/5 1942/7037/5
f 2074/7038/5 2070/1984/5 2068/1986/5
f 1186/7039/2 833/9670/2 980/7040/2
f 814/7042/2 798/9671/2 807/7043/2
f 2913/7044/1 2916/9672/1 2912/7045/1
f 2149/4133/2 2160/5135/2 2166/7046/2
f 400/7048/2 430/6007/2 509/7049/2
f 3452/7051/1 3451/7294/1 3455/7052/1
f 799/7054/3 820/9673/3 802/7055/3
f 2098/7056/7 2096/6816/7 3217/4227/7
f 2644/6953/3 2633/624/3 2619/626/3
f 2501/7057/4 2502/9674/4 2497/7058/4
f 2818/7059/7 1599/8040/7 1596/7060/7
f 1109/7061/1 1111/9675/1 990/7062/1
f 2806/7064/5 2808/9676/5 2810/7065/5
f 2484/7067/2 2483/248/2 2495/7068/2
f 803/7069/5 800/9677/5 804/7070/5
f 2145/1550/3 2128/1485/3 2130/7072/3
f 2812/4560/1 2813/1001/1 2800/4478/1
f 962/7074/7 960/9678/7 965/7075/7
f 552/4986/2 364/4985/2 563/7077/2
f 1788/1783/3 1789/5681/3 1683/7079/3
f 969/7080/7 948/9679/7 1040/7081/7
f 2029/7083/4 2030/9680/4 2027/7084/4
f 1090/7086/2 1089/8398/2 1088/7087/2
f 566/5804/1 361/5806/1 564/7088/1
f 2157/5099/1 2155/5098/1 2144/7089/1
f 2488/7091/1 2486/166/1 2503/2846/1
f 1419/7093/4 1412/9681/4 1417/7094/4
f 1060/7096/3 1061/9682/3 1062/7097/3
f 678/6909/96 649/6911/96 650/5012/96
f 245/7099/4 246/9683/4 243/7100/4
f 2574/7101/7 2572/9684/7 2571/7102/7
f 1349/7103/7 1424/3341/7 1346/7104/7
f 3021/7106/1 3023/7418/1 3026/7107/1
f 1839/470/4 1833/469/4 1836/3979/4
f 3095/7109/1 3092/9685/1 3090/7110/1
f 966/7112/4 959/9686/4 961/7113/4
f 1170/7115/5 1174/381/5 1173/383/5
f 903/6949/4 906/8034/4 1136/7117/4
f 2917/7118/1 2921/9687/1 2922/5345/1
f 2326/5471/5 2327/5470/5 2317/7119/5
f 385/7120/1 574/9688/1 888/7121/1
f 3477/7123/3 3478/9689/3 3475/7124/3
f 1139/7126/2 1142/9690/2 1140/7127/2
f 3039/7129/3 3038/9691/3 3040/7130/3
f 2966/7132/5 2967/9692/5 2968/7133/5
f 2718/7100/4 2715/9683/4 2716/7135/4
f 1620/7137/7 1617/9693/7 1621/7138/7
f 3169/7140/2 3163/7025/2 3162/7141/2
f 1613/7143/3 1331/9694/3 1796/7144/3
f 2516/4892/2 2517/4505/2 2515/4152/2
f 561/7146/7 227/9695/7 551/7147/7
f 2900/7149/1 2896/9696/1 2897/7150/1
f 2820/4129/2 2808/4128/2 2799/5795/2
f 2204/2235/5 2195/4137/5 2193/1302/5
f 3123/7152/7 3122/9697/7 3127/7153/7
f 2590/6931/2 2584/9650/2 2587/7155/2
f 79/7156/4 80/9698/4 75/7157/4
f 2695/7159/3 1196/1200/3 1590/1202/3
f 528/7160/4 862/5043/4 156/7161/4
f 991/7162/5 1095/7126/5 1098/7128/5
f 770/7164/2 771/9699/2 772/7165/2
f 1985/7166/4 1986/5226/4 1982/7167/4
f 2734/7169/3 2719/9700/3 2721/7170/3
f 2739/7171/4 2736/9701/4 2740/7172/4
f 1518/5354/2 1517/5433/2 1537/1491/2
f 2690/7175/2 2681/6897/2 2699/5145/2
f 1260/7176/5 1259/9702/5 1262/7177/5
f 1202/7179/2 1237/4956/2 1239/7180/2
f 2343/5564/3 2338/1077/3 2314/5722/3
f 2438/4136/3 2442/5471/3 2422/1411/3
f 1979/7182/3 1981/9703/3 1982/7183/3
f 2462/7185/7 1581/4729/7 1582/7186/7
f 2571/7188/3 2562/9704/3 2554/7189/3
f 3143/7191/4 3144/9705/4 3139/7192/4
f 856/7194/4 1100/9706/4 855/7195/4
f 3241/7197/1 3242/9707/1 3244/7198/1
f 518/7135/7 412/7219/7 523/7200/7
f 2259/7201/3 2269/9708/3 2257/7202/3
f 2002/7204/1 2004/9709/1 2003/7205/1
f 2437/6416/2 2436/6418/2 2435/7207/2
f 3426/7208/4 3422/3836/4 3424/7209/4
f 2133/15/1 2135/14/1 2121/7211/1
f 3070/7213/5 3072/9710/5 3073/7214/5
f 2793/7215/1 2801/4290/1 2778/4292/1
f 563/111/5 363/110/5 366/5498/5
f 2753/5136/5 2769/5135/5 2756/4133/5
f 211/7218/3 214/9711/3 216/7200/3
f 2482/7220/1 2487/2890/1 2492/2889/1
f 2215/7221/2 2220/6457/2 1256/237/2
f 929/1491/1 1002/5433/1 1003/7222/1
f 2401/2550/7 2396/9712/7 2410/2894/7
f 3052/7223/3 3045/9713/3 3051/7224/3
f 1165/7226/7 1162/9714/7 1175/2160/7
f 2480/7227/1 2465/3490/1 2492/3492/1
f 1685/7228/2 1623/4893/2 1624/4895/2
f 210/7229/2 211/9711/2 212/7218/2
f 1392/7231/1 1396/9715/1 1395/7232/1
f 1714/7234/1 1715/9716/1 1716/7235/1
f 2521/6163/7 2518/9717/7 2520/7237/7
f 1995/7238/5 2000/9718/5 1997/7239/5
f 2545/1231/2 2542/5830/2 2532/7240/2
f 2646/1734/2 2650/1733/2 2648/7241/2
f 470/7242/2 471/6950/2 474/6951/2
f 831/7244/5 819/9719/5 818/7245/5
f 2248/7246/4 2245/9720/4 2246/7247/4
f 908/6043/3 1006/1572/3 1005/1489/3
f 2615/7249/3 2600/7675/3 2604/7250/3
f 2764/2611/2 2747/61/2 2737/63/2
f 1869/1512/1 1870/9721/1 1865/2331/1
f 2818/7252/3 1599/9722/3 2806/7253/3
f 2218/7254/1 2102/1032/1 2204/7255/1
f 465/7256/5 467/6084/5 466/6086/5
f 1730/7258/1 1731/9723/1 1732/5743/1
f 219/7230/7 220/7285/7 225/7260/7
f 3108/7111/2 3109/7110/2 3113/7261/2
f 1396/7263/4 1392/9724/4 1335/7264/4
f 2575/7265/2 1584/9725/2 2576/7266/2
f 2561/675/3 2560/674/3 2538/7267/3
f 63/7268/3 67/9726/3 66/7269/3
f 2061/7270/4 2062/9727/4 2058/7271/4
f 869/7272/5 881/9728/5 884/7273/5
f 279/2278/3 306/9729/3 1061/7275/3
f 3006/4213/7 3008/4212/7 3007/7277/7
f 2737/7279/2 2745/9730/2 2739/7280/2
f 661/6023/97 662/9731/97 659/3308/97
f 1019/7283/3 879/1580/3 1022/1572/3
f 204/7284/2 203/7260/2 206/7285/2
f 1212/6680/7 2573/8652/7 2567/2328/7
f 1582/7288/2 1581/5270/2 1574/5272/2
f 2685/7289/1 2701/7645/1 2686/6880/1
f 2832/6187/7 2831/6186/7 2829/7290/7
f 3296/7292/2 3303/9732/2 3300/7293/2
f 2539/574/1 2522/573/1 2512/7295/1
f 1383/7297/1 1380/9733/1 1384/7298/1
f 885/965/5 891/964/5 887/7300/5
f 2921/7302/5 2919/9734/5 2924/7303/5
f 2326/7304/1 2320/9735/1 2319/7281/1
f 1650/6592/7 1662/6594/7 1653/7306/7
f 2624/30/5 2609/29/5 2596/7308/5
f 2262/4617/5 2263/1173/5 2250/3156/5
f 1816/4468/4 1815/9736/4 1813/2855/4
f 2134/7212/1 2121/7211/1 2119/7309/1
f 110/7311/3 115/9737/3 116/7312/3
f 167/7313/4 163/9738/4 169/7314/4
f 2674/5907/5 2672/3488/5 2646/1246/5
f 2863/7315/5 2864/9739/5 2868/7316/5
f 2609/7318/7 2624/9740/7 2603/7319/7
f 2614/7320/3 2613/9741/3 2618/7321/3
f 2489/1173/3 2499/1172/3 2492/7323/3
f 787/3138/1 783/8813/1 759/7324/1
f 1528/7326/5 1529/9742/5 1530/7327/5
f 2463/5452/1 2456/5451/1 2448/7329/1
f 285/7331/4 450/9743/4 446/7332/4
f 2751/6384/5 2764/6383/5 2742/7334/5
f 2708/3176/3 2704/3175/3 2702/5524/3
f 2915/6462/4 2911/6461/4 2912/7336/4
f 2531/7337/5 2532/9744/5 2530/7338/5
f 3291/7340/5 3292/9745/5 3294/7341/5
f 1039/7343/1 1040/9746/1 1038/7344/1
f 3203/7346/5 3205/9747/5 3207/7347/5
f 483/7349/5 484/9748/5 488/7350/5
f 3447/7352/5 3449/7994/5 3450/7353/5
f 2522/5308/5 2540/5136/5 2516/7217/5
f 2781/7355/3 2774/9749/3 2773/7356/3
f 2174/7358/4 2170/7373/4 2171/7248/4
f 398/2333/2 392/7836/2 539/7359/2
f 2705/2455/5 2707/2454/5 2706/2949/5
f 1964/7271/4 1966/8210/4 1965/7361/4
f 2150/7363/5 2147/9750/5 2154/7364/5
f 766/5524/2 777/5523/2 778/7366/2
f 2335/7367/1 2334/1540/1 2323/7368/1
f 2377/6229/7 2381/6228/7 2386/7369/7
f 1981/7370/1 1980/9751/1 1984/7371/1
f 2811/7373/4 2805/7358/4 2809/7374/4
f 3016/7376/5 3017/9752/5 3019/7377/5
f 3037/7379/7 3038/9753/7 3039/7380/7
f 1025/7382/4 1024/9754/4 1022/7383/4
f 340/3949/3 346/9755/3 1027/7385/3
f 867/7387/5 868/9756/5 945/7388/5
f 2647/7389/7 2659/9757/7 2650/7390/7
f 2300/6685/7 2309/9598/7 2291/2362/7
f 2626/5487/7 2619/5486/7 2613/7392/7
f 2643/7393/2 2636/9758/2 2639/7394/2
f 1745/7396/7 1744/9759/7 1746/7397/7
f 817/3954/5 815/7731/5 824/7399/5
f 2612/5331/1 2613/5330/1 2600/451/1
f 809/7401/4 806/9760/4 810/7402/4
f 3272/7403/7 3277/9761/7 3275/7404/7
f 1648/7406/1 1661/5710/1 1643/5712/1
f 2516/7408/3 2512/9762/3 2511/7409/3
f 747/7411/5 740/9763/5 742/7412/5
f 843/6795/2 844/6796/2 1107/7413/2
f 1777/3939/1 1779/2189/1 1780/7415/1
f 2997/7417/1 2999/7732/1 3001/7418/1
f 3247/5739/4 3243/5738/4 3240/7419/4
f 825/7286/7 815/7462/7 817/7421/7
f 2119/2528/5 2120/3902/5 2107/4074/5
f 568/7422/1 289/9764/1 869/7423/1
f 2683/5272/2 2696/5271/2 2671/102/2
f 411/7425/2 399/68/2 413/7426/2
f 3319/7428/2 3315/9765/2 3313/7429/2
f 2807/6720/7 2815/6719/7 1598/5546/7
f 868/7431/2 310/9766/2 1055/7432/2
f 777/4491/3 764/4110/3 774/7434/3
f 273/7377/1 269/9767/1 275/7436/1
f 2758/7438/5 2765/9768/5 2759/7439/5
f 98/7441/2 101/7312/2 103/7442/2
f 1328/6995/2 1401/9769/2 1391/7444/2
f 2131/7073/3 2130/7072/3 2113/4618/3
f 3268/7447/4 3269/6517/4 3265/6519/4
f 2728/7449/7 2727/4832/7 2714/7450/7
f 2350/7451/2 2354/7841/2 2355/7452/2
f 2565/2010/5 2563/2009/5 2545/7454/5
f 88/7455/7 87/6811/7 86/2049/7
f 628/7457/71 613/9770/71 640/7458/71
f 2153/7459/4 2154/1627/4 2151/7460/4
f 2125/927/1 2128/926/1 2143/7090/1
f 1234/5672/2 1232/9360/2 1233/7461/2
f 205/7462/1 207/7676/1 209/7463/1
f 1445/7464/3 1271/6546/3 1448/7465/3
f 1517/7467/7 1516/9771/7 1281/7468/7
f 2820/7470/7 2817/9772/7 2806/7471/7
f 1949/7472/5 1946/6514/5 1944/6516/5
f 1151/7474/3 1154/9773/3 1155/7475/3
f 2590/1900/7 2585/1899/7 2602/7477/7
f 568/7479/1 475/5362/1 578/7480/1
f 2582/7482/1 1588/9774/1 2567/7483/1
f 2237/1552/5 2253/1047/5 2239/1049/5
f 2643/849/3 2658/848/3 2633/624/3
f 518/7484/3 522/9775/3 521/7485/3
f 3356/7487/3 3357/9776/3 3358/7488/3
f 591/7490/4 263/7640/4 492/7333/4
f 15/7491/3 16/9777/3 20/7492/3
f 2093/7493/1 3216/9778/1 2066/7494/1
f 1308/7496/4 1316/9779/4 1291/7497/4
f 756/7499/2 758/9780/2 757/7500/2
f 3281/7502/1 3280/9781/1 3282/7503/1
f 1783/1823/3 1800/8081/3 1801/7505/3
f 2880/7291/7 2877/7290/7 2884/7506/7
f 1955/7508/5 1956/9782/5 1957/7509/5
f 3288/7511/3 3289/9783/3 3290/7512/3
f 773/7514/7 771/1866/7 770/4358/7
f 2181/197/2 2182/196/2 2166/7046/2
f 977/7515/4 901/9784/4 976/7516/4
f 164/7518/3 165/9785/3 167/7519/3
f 1878/7521/1 1883/9786/1 1880/7522/1
f 2933/7524/5 2934/9787/5 2940/7525/5
f 2767/7527/1 2753/574/1 2744/7296/1
f 3002/7278/4 2998/7277/4 3003/7528/4
f 2382/7529/7 2371/9788/7 2361/6884/7
f 1807/7530/5 1316/9789/5 1657/5681/5
f 1073/7532/7 1072/9790/7 1071/7533/7
f 2323/87/5 2337/86/5 2324/5419/5
f 454/7535/4 455/9791/4 452/7536/4
f 2291/1413/5 2302/1412/5 2283/7537/5
f 1225/7538/7 1226/9792/7 1227/7539/7
f 2861/7541/1 2863/9793/1 2866/7542/1
f 2560/4292/1 2559/4291/1 2537/7544/1
f 3432/7545/4 3434/9794/4 3433/7546/4
f 560/7548/2 356/9795/2 363/7549/2
f 1221/2178/4 1222/3637/4 1223/7550/4
f 2615/4429/7 2600/4428/7 2617/7551/7
f 2059/7552/1 2060/9796/1 2062/7553/1
f 1746/7555/7 1708/6016/7 1710/7556/7
f 2667/7558/2 2646/9797/2 2654/2095/2
f 2940/7448/4 2936/6519/4 2938/6714/4
f 2824/7560/1 2825/9798/1 2826/7561/1
f 3189/6769/7 3187/6768/7 3186/7563/7
f 3122/7565/1 3123/9799/1 3125/7262/1
f 2685/1286/5 2683/1285/5 2684/2236/5
f 995/7566/3 996/9800/3 941/7476/3
f 2499/7568/5 2489/9801/5 2502/7569/5
f 1617/7571/1 1620/4499/1 1619/7572/1
f 3151/7573/4 3153/9802/4 3148/7574/4
f 1641/3286/1 1638/9803/1 1645/7576/1
f 3292/7578/2 3288/9804/2 3295/7579/2
f 1470/7581/5 1468/9805/5 1302/7582/5
f 3321/7584/7 3320/9806/7 3326/7585/7
f 2386/7587/2 2381/9807/2 2376/7588/2
f 2801/7590/1 2812/9808/1 2794/7591/1
f 2988/7593/3 2982/8037/3 2981/7594/3
f 1125/7595/3 1124/7566/3 1127/7596/3
f 3072/7597/2 3069/9809/2 3076/7598/2
f 2667/4019/7 2668/4018/7 2647/7389/7
f 2537/7600/1 2531/7909/1 2535/7601/1
f 2934/6865/2 2939/6864/2 2936/7602/2
f 2015/7604/2 2008/9810/2 2014/7605/2
f 3471/7606/1 3468/9811/1 3467/6/1
f 2808/7608/2 2807/9812/2 2811/7609/2
f 3248/7611/3 3251/7638/3 3255/7612/3
f 799/7614/7 819/9813/7 831/7615/7
f 3410/7617/4 3409/9814/4 3404/7618/4
f 1265/7620/7 1377/9815/7 1375/7621/7
f 2960/7622/7 2959/6669/7 2957/7623/7
f 1103/7625/1 1104/9816/1 1106/7626/1
f 2877/7627/1 2880/3310/1 2879/7628/1
f 1104/7630/5 1100/9817/5 1101/4623/5
f 2579/7632/1 2577/9818/1 2564/7633/1
f 890/3400/3 888/1273/3 1014/1275/3
f 1737/7635/7 1735/9819/7 1740/7636/7
f 3271/7638/3 3264/9820/3 3265/7639/3
f 291/7640/4 361/7490/4 566/7641/4
f 2768/9/1 2774/8/1 2753/574/1
f 2446/7330/1 2448/7329/1 2433/7643/1
f 2456/7644/1 2449/9821/1 2454/7645/1
f 862/470/7 864/9822/7 863/7646/7
f 2774/4025/7 2768/3967/7 2782/3966/7
f 1297/7583/5 1302/7582/5 1300/7647/5
f 1424/1183/2 1420/9823/2 1381/7649/2
f 2813/3673/5 2798/3672/5 2789/7651/5
f 2207/3716/4 2208/766/4 2205/7015/4
f 3176/7652/3 3171/9824/3 3170/7653/3
f 2509/7654/5 2510/9825/5 2508/7655/5
f 1887/7657/5 1889/9826/5 1890/7658/5
f 3165/7660/5 3169/9827/5 3166/7661/5
f 349/7662/5 345/9828/5 348/7663/5
f 2814/7665/3 2103/2502/3 1598/2504/3
f 2908/7666/3 2901/6784/3 2906/6786/3
f 3109/7667/3 3107/9829/3 3106/7668/3
f 2839/7670/3 2840/480/3 2844/482/3
f 629/904/72 612/903/72 613/7671/72
f 1875/7673/3 1901/9830/3 1902/7674/3
f 2506/1936/3 2487/1935/3 2482/7675/3
f 408/7676/7 407/7727/7 529/7677/7
f 1755/7678/5 1749/4827/5 1754/4829/5
f 2558/86/3 2553/6821/3 2547/7679/3
f 1217/7680/1 2575/410/1 1583/412/1
f 875/7682/3 872/9831/3 871/7683/3
f 769/7684/1 774/3548/1 764/7685/1
f 2844/7687/1 2840/9832/1 2838/7688/1
f 2633/7690/5 2644/5299/5 2630/7691/5
f 2515/5086/3 2504/5085/3 2503/7693/3
f 547/7694/3 555/9833/3 556/7695/3
f 25/7696/5 29/9834/5 31/7697/5
f 1782/7699/4 1668/7441/4 1780/7700/4
f 3214/7420/4 3215/7419/4 2000/7702/4
f 2034/2875/7 2033/9736/7 2037/7704/7
f 2290/5044/2 2288/8036/2 2281/7705/2
f 2741/3510/7 2731/3450/7 2732/3452/7
f 1662/7707/2 1650/9835/2 1651/7708/2
f 1391/7700/7 1401/8003/7 1402/7709/7
f 799/7710/1 796/9836/1 800/7711/1
f 3157/7713/7 3156/7584/7 3155/7586/7
f 3250/7715/5 3252/9837/5 3254/7716/5
f 2340/7717/1 1257/9838/1 2339/7718/1
f 2963/7719/4 2964/4600/4 2961/7720/4
f 2601/7722/3 2617/8084/3 2602/7723/3
f 614/3094/73 615/3093/73 622/7724/73
f 2004/5552/7 2002/4227/7 1995/7725/7
f 533/7727/4 868/7822/4 532/7728/4
f 811/7730/5 812/9839/5 815/7731/5
f 3041/7732/2 3039/7417/2 3042/7733/2
f 2118/7310/1 2119/7309/1 2106/7735/1
f 1900/7736/4 1895/2613/4 1896/2612/4
f 1044/7738/3 1045/9840/3 1046/7739/3
f 2295/7741/4 2296/9841/4 2298/7742/4
f 3401/7619/4 3402/7618/4 3396/7744/4
f 1434/7745/5 1321/2706/5 1778/7746/5
f 2690/1362/3 2691/1668/3 2670/1670/3
f 978/7748/5 900/7630/5 901/7749/5
f 1644/7751/2 1638/9842/2 1645/7752/2
f 880/7753/7 368/9843/7 360/7754/7
f 962/7756/1 963/9844/1 966/7757/1
f 474/7759/1 473/9845/1 276/7760/1
f 2510/7762/2 2516/9846/2 2514/7763/2
f 2897/7765/5 2894/9847/5 2899/7766/5
f 1014/7768/7 1012/9848/7 1011/7769/7
f 3202/7770/3 3204/9849/3 3209/7771/3
f 2752/7773/7 2735/8888/7 2737/3509/7
f 582/7774/5 583/5397/5 252/5399/5
f 3110/7775/5 3108/9850/5 3111/7776/5
f 2801/3899/5 2804/4555/5 2779/195/5
f 502/7778/3 334/9851/3 336/7779/3
f 1400/7781/1 1393/3519/1 1334/3521/1
f 98/7782/7 97/9852/7 102/7783/7
f 255/7785/5 252/9853/5 837/7786/5
f 297/7788/2 298/9854/2 299/7789/2
f 2726/3948/5 2743/3947/5 2728/7791/5
f 3201/7792/4 3194/9855/4 3195/7793/4
f 1505/6130/5 1353/3261/5 1356/3263/5
f 1196/7796/1 2694/9856/1 2685/7797/1
f 2481/5827/2 2469/9386/2 2464/7798/2
f 52/7443/5 51/9857/5 54/7799/5
f 2129/478/7 2132/8245/7 2117/7800/7
f 1450/7768/7 1528/7613/7 1449/7612/7
f 2369/705/3 2357/704/3 2359/7802/3
f 3184/7804/4 3185/9858/4 3181/7805/4
f 2409/7807/5 2401/9859/5 2400/7808/5
f 503/7810/3 321/9860/3 322/7811/3
f 3187/7813/1 3189/9861/1 3190/7142/1
f 2363/1168/5 2364/1167/5 2345/7814/5
f 1047/7816/2 987/9862/2 1052/7817/2
f 1131/7819/3 1128/7851/3 883/7820/3
f 341/7822/4 342/9863/4 343/7823/4
f 1884/182/4 1880/9864/4 1882/7726/4
f 2655/6332/5 2669/6331/5 2657/7824/5
f 1431/7826/1 1433/9865/1 1434/2432/1
f 2532/4246/3 2531/5420/3 2523/7828/3
f 3114/7829/1 3116/9866/1 3119/7830/1
f 2831/7150/1 2832/7863/1 2834/7832/1
f 2732/2700/3 2731/2699/3 2720/7833/3
f 3216/7834/5 2064/9867/5 2028/7835/5
f 2299/98/5 2311/4246/5 2288/1346/5
f 422/2335/2 394/9868/2 392/7836/2
f 2266/7837/1 2277/9869/1 2273/7838/1
f 2591/7840/2 2593/9870/2 2611/7841/2
f 1553/7842/1 1486/9871/1 1311/7843/1
f 3351/7430/2 3353/7429/2 3354/7845/2
f 2628/7847/1 2633/9872/1 2629/7848/1
f 992/7850/3 1100/7820/3 1101/7851/3
f 1229/7852/3 1227/9873/3 1230/7853/3
f 2283/7854/3 2294/9874/3 2284/7855/3
f 881/7857/3 360/9875/3 879/7858/3
f 1558/7860/2 1560/9876/2 1559/7861/2
f 3013/7863/1 3016/9877/1 3018/7864/1
f 2576/7865/2 2573/9878/2 2568/7866/2
f 3349/7794/4 3344/7793/4 3350/39/4
f 3273/7868/1 3275/8061/1 3279/7869/1
f 3045/7871/1 3046/9879/1 3050/7872/1
f 1777/7874/7 1666/9880/7 1814/5285/7
f 2744/7217/5 2756/4133/5 2745/4135/5
f 2907/7875/2 2908/9881/2 2904/7876/2
f 1268/7878/3 1386/7850/3 1387/7879/3
f 1270/7881/5 1473/9882/5 1321/7882/5
f 2658/7884/5 2643/9883/5 2638/7885/5
f 1088/7887/3 916/9884/3 1092/7888/3
f 464/7889/3 448/9885/3 447/7890/3
f 3342/7806/4 3343/7805/4 3336/7891/4
f 1861/7893/4 1856/8598/4 1857/7894/4
f 3069/7895/3 3071/9886/3 3075/7896/3
f 2689/7898/4 2688/9887/4 2686/7899/4
f 2528/7296/1 2512/7295/1 2498/7901/1
f 894/7902/5 1150/7926/5 1152/7903/5
f 1580/7187/7 1582/7186/7 2460/7905/7
f 1361/7624/2 1359/9888/2 1363/7906/2
f 2189/7908/1 2172/9889/1 2174/7909/1
f 2845/7911/1 2847/9890/1 2849/7912/1
f 191/7914/1 192/7984/1 186/7915/1
f 2401/1578/2 2396/4786/2 2424/6417/2
f 2219/7917/2 2209/9891/2 2205/7918/2
f 401/7920/5 400/9892/5 402/7921/5
f 2433/2685/7 2431/2684/7 2437/4398/7
f 1928/7922/4 1924/7166/4 1926/7168/4
f 351/7924/3 284/6641/3 860/1475/3
f 1055/7925/5 1056/9893/5 1057/7926/5
f 2330/7927/3 2339/9894/3 2328/7928/3
f 2504/6166/1 2498/7901/1 2487/7092/1
f 1816/7930/2 1670/9895/2 1814/1439/2
f 445/7931/3 436/4179/3 446/4181/3
f 763/7932/1 790/9896/1 768/7933/1
f 1834/7935/5 1835/9897/5 1836/7936/5
f 1219/7938/4 914/9898/4 944/7939/4
f 2270/3998/3 2279/5737/3 2267/6887/3
f 2116/7919/2 2122/7918/2 2124/7941/2
f 1819/7943/1 1818/9899/1 1821/7944/1
f 2422/7946/5 2437/9900/5 2425/7947/5
f 1511/7949/7 1280/9901/7 1413/7639/7
f 3055/7950/5 3056/338/5 3058/340/5
f 2656/4786/1 2634/839/1 2633/4029/1
f 3235/7952/5 3238/9902/5 3239/7953/5
f 853/1991/7 852/9903/7 324/7955/7
f 1598/2662/1 2815/2661/1 2801/4290/1
f 1740/7957/5 1735/9904/5 1738/7958/5
f 3161/7960/2 3155/9905/2 3154/7961/2
f 1518/7963/1 1505/9906/1 1357/7964/1
f 2018/7966/1 2019/9907/1 2021/7967/1
f 2580/7969/3 1588/8063/3 1587/7970/3
f 508/7972/5 402/9908/5 857/7973/5
f 1375/7975/1 1377/3777/1 1503/3779/1
f 2140/7976/1 2141/9909/1 2144/7977/1
f 3403/7979/3 3407/8048/3 3404/7980/3
f 2663/6322/2 2666/6323/2 2681/6897/2
f 930/7982/3 1027/9910/3 1169/7983/3
f 502/7984/7 332/9911/7 333/7985/7
f 2925/7986/3 2927/7487/3 2928/7489/3
f 225/7988/5 220/8018/5 218/7989/5
f 2575/7991/5 1213/9912/5 1215/7992/5
f 1996/2513/3 1998/9913/3 1999/7993/3
f 2895/7994/3 2896/9914/3 2900/7995/3
f 3086/7997/3 1904/2411/3 3083/2413/3
f 497/7999/3 498/3645/3 501/3647/3
f 4/8000/7 3/988/7 1/8001/7
f 1435/8002/4 1436/7709/4 1437/8003/4
f 734/1739/74 692/1738/74 693/8005/74
f 1167/8006/3 1175/2574/3 1163/2576/3
f 2342/8008/2 880/5717/2 882/8009/2
f 3219/8010/2 3220/9915/2 3223/8011/2
f 1897/8013/3 1899/1133/3 1900/1135/3
f 574/8014/4 377/9916/4 397/8015/4
f 347/7988/4 344/9917/4 348/8017/4
f 800/8019/2 821/9918/2 805/8020/2
f 697/8022/75 711/3344/75 712/3343/75
f 2552/6686/7 2536/8734/7 2537/2749/7
f 854/8023/2 340/9919/2 855/1796/2
f 1945/7005/7 1946/8071/7 1949/8025/7
f 3407/8026/1 3405/9920/1 3408/8027/1
f 2437/8028/2 2431/7023/2 2426/2313/2
f 2644/6455/2 2642/2452/2 2657/6827/2
f 722/3837/76 739/8853/76 727/4177/76
f 68/2051/4 66/9921/4 62/8029/4
f 1570/8030/7 1569/9922/7 1568/8031/7
f 3164/8033/1 3165/9923/1 3167/7962/1
f 1075/364/7 1077/7117/7 1081/8034/7
f 2311/6089/2 2300/6088/2 2281/7705/2
f 3456/8037/3 3452/8080/3 3453/8038/3
f 2325/5722/3 2320/87/3 2308/4245/3
f 2819/8039/7 2816/2122/7 1599/8040/7
f 1259/8041/7 1260/774/7 1257/8042/7
f 546/4732/2 545/9924/2 228/7414/2
f 2865/8043/3 2861/9925/3 2862/8044/3
f 2750/8046/4 2749/9926/4 2746/8047/4
f 3262/8048/3 3257/9927/3 3256/8049/3
f 2139/8051/2 2138/9928/2 2146/8052/2
f 1405/8054/1 1402/9929/1 1404/8055/1
f 1121/8056/5 1122/9930/5 1123/8057/5
f 2876/4910/2 2872/9931/2 2870/8059/2
f 3421/7868/2 3422/9932/2 3426/8060/2
f 2551/8062/3 2559/9933/3 2548/8063/3
f 1084/2458/1 972/2457/1 973/8064/1
f 2266/5142/5 2268/6494/5 2259/8066/5
f 1935/8067/3 1937/9934/3 1940/8068/3
f 3203/8070/7 3204/7713/7 3202/7714/7
f 1855/8071/4 1852/9935/4 1854/8072/4
f 1570/8073/3 1527/9936/3 1290/3777/3
f 1571/8074/2 1572/550/2 1568/8075/2
f 1811/8077/1 1812/2045/1 1813/8078/1
f 3419/8080/5 3425/426/5 3426/428/5
f 1366/4068/3 1633/3274/3 1632/8081/3
f 2498/4834/7 2496/4833/7 2489/2977/7
f 2523/1527/1 2520/4798/1 2519/8082/1
f 1321/5475/2 1322/2664/2 1781/8083/2
f 2616/5386/3 2612/5385/3 2617/8084/3
f 881/5718/2 279/9937/2 870/8085/2
f 151/8086/2 148/9938/2 152/8087/2
f 1312/7306/4 1547/9939/4 1299/8089/4
f 2222/8090/5 847/8118/5 850/8091/5
f 3419/7703/7 3420/7702/7 3421/8093/7
f 2282/8094/5 2281/9940/5 2285/8095/5
f 913/8097/1 1046/9941/1 1045/8098/1
f 1352/8100/7 1623/9942/7 1685/8101/7
f 2393/8103/7 2407/9943/7 2388/8104/7
f 630/8107/98 610/9944/98 629/9945/98
f 629/9945/99 628/9946/99 639/9947/99
f 639/9947/100 627/9948/100 641/9949/100
f 641/9949/101 626/9950/101 625/8105/101
f 625/8105/102 632/9951/102 634/9952/102
f 634/9952/103 624/9953/103 635/9954/103
f 635/9954/91 637/9955/91 623/9956/91
f 623/9956/7 620/9957/7 619/8106/7
f 619/8106/101 618/9958/101 617/9959/101
f 617/9959/92 622/9960/92 615/9961/92
f 615/9961/7 621/9962/7 631/9963/7
f 631/9963/92 609/9964/92 630/8107/92
f 630/8107/7 629/9945/7 639/9947/7
f 639/9947/7 641/9949/7 625/8105/7
f 625/8105/7 634/9952/7 635/9954/7
f 635/9954/7 623/9956/7 619/8106/7
f 619/8106/7 617/9959/7 615/9961/7
f 615/9961/7 631/9963/7 630/8107/7
f 630/8107/7 639/9947/7 625/8105/7
f 625/8105/7 635/9954/7 619/8106/7
f 619/8106/7 615/9961/7 630/8107/7
f 2551/6335/2 2561/3600/2 2552/4062/2
f 1246/8108/1 977/9965/1 1249/8109/1
f 1020/8111/2 1018/9966/2 1017/8112/2
f 397/8114/2 395/9967/2 380/8115/2
f 1411/7328/5 1407/9968/5 1409/8117/5
f 880/8118/3 236/9969/3 1129/8119/3
f 2258/8120/2 2276/9970/2 2259/8121/2
f 461/8123/5 297/9971/5 296/8124/5
f 981/8126/7 980/9972/7 833/8127/7
f 3388/8128/1 3389/9973/1 3392/8129/1
f 2383/6116/7 2371/9788/7 2382/7529/7
f 786/8131/7 778/9654/7 783/8132/7
f 402/7050/2 509/7049/2 512/8134/2
f 1423/8136/3 1346/9974/3 1347/8137/3
f 406/8139/3 417/9975/3 529/8140/3
f 2714/8142/5 2730/9976/5 2710/8143/5
f 730/8145/77 731/3312/77 696/8146/77
f 5/2113/3 1/3711/3 8/2072/3
f 2656/7825/5 2657/7824/5 2642/8149/5
f 1103/8150/7 1102/8126/7 1100/7897/7
f 2913/8151/5 2914/9977/5 2915/8152/5
f 1622/2515/4 1616/8690/4 1618/8153/4
f 3123/8155/5 3124/9978/5 3128/541/5
f 625/5064/78 643/5063/78 633/8156/78
